program_id,year,combo,score,status,n_sources,lowest_of_several,provenance,source,url
SIM-HC1:EDU-LIT,2022,,22.92,confirmed_2_sources,2,False,simulated,uniadvisor.sim.tiny,
SIM-HC1:EDU-LIT,2023,,21.96,confirmed_2_sources,2,False,simulated,uniadvisor.sim.tiny,
SIM-HC1:EDU-LIT,2024,,23.77,confirmed_2_sources,2,False,simulated,uniadvisor.sim.tiny,
SIM-HC1:EDU-LIT,2025,,25.42,confirmed_2_sources,2,False,simulated,uniadvisor.sim.tiny,
SIM-HC1:EDU-LIT,2026,,26.5,confirmed_2_sources,2,False,simulated,uniadvisor.sim.tiny,
SIM-HC1:EDU-MATH,2022,,22.31,confirmed_2_sources,2,False,simulated,uniadvisor.sim.tiny,
SIM-HC1:EDU-MATH,2023,,21.95,confirmed_2_sources,2,False,simulated,uniadvisor.sim.tiny,
SIM-HC1:EDU-MATH,2024,,22.12,confirmed_2_sources,2,False,simulated,uniadvisor.sim.tiny,
SIM-HC1:EDU-MATH,2025,,23.21,confirmed_2_sources,2,False,simulated,uniadvisor.sim.tiny,
SIM-HC1:EDU-MATH,2026,,25.0,confirmed_2_sources,2,False,simulated,uniadvisor.sim.tiny,
SIM-HC1:MD,2022,,26.26,confirmed_2_sources,2,False,simulated,uniadvisor.sim.tiny,
SIM-HC1:MD,2023,,26.1,confirmed_2_sources,2,False,simulated,uniadvisor.sim.tiny,
SIM-HC1:MD,2024,,26.62,confirmed_2_sources,2,False,simulated,uniadvisor.sim.tiny,
SIM-HC1:MD,2025,,25.91,confirmed_2_sources,2,False,simulated,uniadvisor.sim.tiny,
SIM-HC1:MD,2026,,26.0,confirmed_2_sources,2,False,simulated,uniadvisor.sim.tiny,
SIM-HC1:NUR,2022,,16.85,confirmed_2_sources,2,False,simulated,uniadvisor.sim.tiny,
SIM-HC1:NUR,2023,,16.99,confirmed_2_sources,2,False,simulated,uniadvisor.sim.tiny,
SIM-HC1:NUR,2024,,17.83,confirmed_2_sources,2,False,simulated,uniadvisor.sim.tiny,
SIM-HC1:NUR,2025,,18.34,confirmed_2_sources,2,False,simulated,uniadvisor.sim.tiny,
SIM-HC1:NUR,2026,,19.0,confirmed_2_sources,2,False,simulated,uniadvisor.sim.tiny,
SIM-HN1:CE,2022,,22.32,confirmed_2_sources,2,False,simulated,uniadvisor.sim.tiny,
SIM-HN1:CE,2023,,20.3,confirmed_2_sources,2,False,simulated,uniadvisor.sim.tiny,
SIM-HN1:CE,2024,,20.38,confirmed_2_sources,2,False,simulated,uniadvisor.sim.tiny,
SIM-HN1:CE,2025,,19.43,confirmed_2_sources,2,False,simulated,uniadvisor.sim.tiny,
SIM-HN1:CE,2026,,19.0,confirmed_2_sources,2,False,simulated,uniadvisor.sim.tiny,
SIM-HN1:CS-EN,2022,,27.85,confirmed_2_sources,2,False,simulated,uniadvisor.sim.tiny,
SIM-HN1:CS-EN,2023,,27.45,confirmed_2_sources,2,False,simulated,uniadvisor.sim.tiny,
SIM-HN1:CS-EN,2024,,26.48,confirmed_2_sources,2,False,simulated,uniadvisor.sim.tiny,
SIM-HN1:CS-EN,2025,,26.16,confirmed_2_sources,2,False,simulated,uniadvisor.sim.tiny,
SIM-HN1:CS-EN,2026,,26.5,confirmed_2_sources,2,False,simulated,uniadvisor.sim.tiny,
SIM-HN1:EE,2022,,19.72,confirmed_2_sources,2,False,simulated,uniadvisor.sim.tiny,
SIM-HN1:EE,2023,,19.49,confirmed_2_sources,2,False,simulated,uniadvisor.sim.tiny,
SIM-HN1:EE,2024,,20.15,confirmed_2_sources,2,False,simulated,uniadvisor.sim.tiny,
SIM-HN1:EE,2025,,21.75,confirmed_2_sources,2,False,simulated,uniadvisor.sim.tiny,
SIM-HN1:EE,2026,,23.0,disputed,2,False,simulated,uniadvisor.sim.tiny,
SIM-HN1:IT,2022,,23.56,confirmed_2_sources,2,False,simulated,uniadvisor.sim.tiny,
SIM-HN1:IT,2023,,23.99,confirmed_2_sources,2,False,simulated,uniadvisor.sim.tiny,
SIM-HN1:IT,2024,,24.15,confirmed_2_sources,2,False,simulated,uniadvisor.sim.tiny,
SIM-HN1:IT,2025,,25.1,confirmed_2_sources,2,False,simulated,uniadvisor.sim.tiny,
SIM-HN1:IT,2026,,25.5,confirmed_2_sources,2,False,simulated,uniadvisor.sim.tiny,
SIM-HN2:ECO,2022,,22.21,confirmed_2_sources,2,False,simulated,uniadvisor.sim.tiny,
SIM-HN2:ECO,2023,,21.96,confirmed_2_sources,2,False,simulated,uniadvisor.sim.tiny,
SIM-HN2:ECO,2024,,21.95,confirmed_2_sources,2,False,simulated,uniadvisor.sim.tiny,
SIM-HN2:ECO,2025,,22.66,confirmed_2_sources,2,False,simulated,uniadvisor.sim.tiny,
SIM-HN2:ECO,2026,,24.0,confirmed_2_sources,2,False,simulated,uniadvisor.sim.tiny,
SIM-HN2:ENG,2022,,21.47,confirmed_2_sources,2,False,simulated,uniadvisor.sim.tiny,
SIM-HN2:ENG,2023,,22.67,confirmed_2_sources,2,False,simulated,uniadvisor.sim.tiny,
SIM-HN2:ENG,2024,,23.07,confirmed_2_sources,2,False,simulated,uniadvisor.sim.tiny,
SIM-HN2:ENG,2025,,22.62,confirmed_2_sources,2,False,simulated,uniadvisor.sim.tiny,
SIM-HN2:ENG,2026,,22.0,confirmed_2_sources,2,False,simulated,uniadvisor.sim.tiny,
SIM-HN2:FIN,2022,,22.88,confirmed_2_sources,2,False,simulated,uniadvisor.sim.tiny,
SIM-HN2:FIN,2023,,23.05,confirmed_2_sources,2,False,simulated,uniadvisor.sim.tiny,
SIM-HN2:FIN,2024,,24.71,confirmed_2_sources,2,False,simulated,uniadvisor.sim.tiny,
SIM-HN2:FIN,2025,,24.35,confirmed_2_sources,2,False,simulated,uniadvisor.sim.tiny,
SIM-HN2:FIN,2026,,25.0,confirmed_2_sources,2,False,simulated,uniadvisor.sim.tiny,
SIM-HN2:MKT,2026,,26.0,confirmed_2_sources,2,False,simulated,uniadvisor.sim.tiny,
