combo,year,stat,value,source_url,quote
A00,2025,p50,17.60,https://giaoduc.net.vn/bo-gddt-cong-bo-bach-phan-vi-29-diem-to-hop-c00-bang-275-diem-to-hop-d01-post253020.gd,"Bách phân vị A00 A01 B00 C00 D01 C01 D07 50 (trung vị) 17,60 16,85 16,35 20,35 18,85 17,10 15,85"
A01,2025,p50,16.85,https://giaoduc.net.vn/bo-gddt-cong-bo-bach-phan-vi-29-diem-to-hop-c00-bang-275-diem-to-hop-d01-post253020.gd,"50 (trung vị) 17,60 16,85 16,35 20,35 18,85 17,10 15,85"
B00,2025,p50,16.35,https://giaoduc.net.vn/bo-gddt-cong-bo-bach-phan-vi-29-diem-to-hop-c00-bang-275-diem-to-hop-d01-post253020.gd,"50 (trung vị) 17,60 16,85 16,35 20,35 18,85 17,10 15,85"
C00,2025,p50,20.35,https://giaoduc.net.vn/bo-gddt-cong-bo-bach-phan-vi-29-diem-to-hop-c00-bang-275-diem-to-hop-d01-post253020.gd,"50 (trung vị) 17,60 16,85 16,35 20,35 18,85 17,10 15,85"
D01,2025,p50,18.85,https://giaoduc.net.vn/bo-gddt-cong-bo-bach-phan-vi-29-diem-to-hop-c00-bang-275-diem-to-hop-d01-post253020.gd,"50 (trung vị) 17,60 16,85 16,35 20,35 18,85 17,10 15,85"
C01,2025,p50,17.10,https://giaoduc.net.vn/bo-gddt-cong-bo-bach-phan-vi-29-diem-to-hop-c00-bang-275-diem-to-hop-d01-post253020.gd,"50 (trung vị) 17,60 16,85 16,35 20,35 18,85 17,10 15,85"
D07,2025,p50,15.85,https://giaoduc.net.vn/bo-gddt-cong-bo-bach-phan-vi-29-diem-to-hop-c00-bang-275-diem-to-hop-d01-post253020.gd,"50 (trung vị) 17,60 16,85 16,35 20,35 18,85 17,10 15,85"
A00,2025,p75,21.35,https://giaoduc.net.vn/bo-gddt-cong-bo-bach-phan-vi-29-diem-to-hop-c00-bang-275-diem-to-hop-d01-post253020.gd,"75 (top 25%) 21,35 20,10 20,10 23,75 21,85 20,00 19,50"
A01,2025,p75,20.10,https://giaoduc.net.vn/bo-gddt-cong-bo-bach-phan-vi-29-diem-to-hop-c00-bang-275-diem-to-hop-d01-post253020.gd,"75 (top 25%) 21,35 20,10 20,10 23,75 21,85 20,00 19,50"
B00,2025,p75,20.10,https://giaoduc.net.vn/bo-gddt-cong-bo-bach-phan-vi-29-diem-to-hop-c00-bang-275-diem-to-hop-d01-post253020.gd,"75 (top 25%) 21,35 20,10 20,10 23,75 21,85 20,00 19,50"
C00,2025,p75,23.75,https://giaoduc.net.vn/bo-gddt-cong-bo-bach-phan-vi-29-diem-to-hop-c00-bang-275-diem-to-hop-d01-post253020.gd,"75 (top 25%) 21,35 20,10 20,10 23,75 21,85 20,00 19,50"
D01,2025,p75,21.85,https://giaoduc.net.vn/bo-gddt-cong-bo-bach-phan-vi-29-diem-to-hop-c00-bang-275-diem-to-hop-d01-post253020.gd,"75 (top 25%) 21,35 20,10 20,10 23,75 21,85 20,00 19,50"
C01,2025,p75,20.00,https://giaoduc.net.vn/bo-gddt-cong-bo-bach-phan-vi-29-diem-to-hop-c00-bang-275-diem-to-hop-d01-post253020.gd,"75 (top 25%) 21,35 20,10 20,10 23,75 21,85 20,00 19,50"
D07,2025,p75,19.50,https://giaoduc.net.vn/bo-gddt-cong-bo-bach-phan-vi-29-diem-to-hop-c00-bang-275-diem-to-hop-d01-post253020.gd,"75 (top 25%) 21,35 20,10 20,10 23,75 21,85 20,00 19,50"
A00,2025,p90,24.50,https://giaoduc.net.vn/bo-gddt-cong-bo-bach-phan-vi-29-diem-to-hop-c00-bang-275-diem-to-hop-d01-post253020.gd,"90 (top 10%) 24,50 23,25 23,50 26,00 24,50 22,75 22,75"
A01,2025,p90,23.25,https://giaoduc.net.vn/bo-gddt-cong-bo-bach-phan-vi-29-diem-to-hop-c00-bang-275-diem-to-hop-d01-post253020.gd,"90 (top 10%) 24,50 23,25 23,50 26,00 24,50 22,75 22,75"
B00,2025,p90,23.50,https://giaoduc.net.vn/bo-gddt-cong-bo-bach-phan-vi-29-diem-to-hop-c00-bang-275-diem-to-hop-d01-post253020.gd,"90 (top 10%) 24,50 23,25 23,50 26,00 24,50 22,75 22,75"
C00,2025,p90,26.00,https://giaoduc.net.vn/bo-gddt-cong-bo-bach-phan-vi-29-diem-to-hop-c00-bang-275-diem-to-hop-d01-post253020.gd,"90 (top 10%) 24,50 23,25 23,50 26,00 24,50 22,75 22,75"
D01,2025,p90,24.50,https://giaoduc.net.vn/bo-gddt-cong-bo-bach-phan-vi-29-diem-to-hop-c00-bang-275-diem-to-hop-d01-post253020.gd,"90 (top 10%) 24,50 23,25 23,50 26,00 24,50 22,75 22,75"
C01,2025,p90,22.75,https://giaoduc.net.vn/bo-gddt-cong-bo-bach-phan-vi-29-diem-to-hop-c00-bang-275-diem-to-hop-d01-post253020.gd,"90 (top 10%) 24,50 23,25 23,50 26,00 24,50 22,75 22,75"
D07,2025,p90,22.75,https://giaoduc.net.vn/bo-gddt-cong-bo-bach-phan-vi-29-diem-to-hop-c00-bang-275-diem-to-hop-d01-post253020.gd,"90 (top 10%) 24,50 23,25 23,50 26,00 24,50 22,75 22,75"
A00,2024,mean,20.90,https://huongnghiep.hocmai.vn/so-sanh-pho-diem-thi-3-nam-gan-nhat-du-bao-diem-chuan-cac-to-hop-xet-tuyen-dh-nam-2024,"Số điểm trung bình của khối thi này tăng so với năm ngoái (20,9>20,77)"
A00,2023,mean,20.77,https://huongnghiep.hocmai.vn/so-sanh-pho-diem-thi-3-nam-gan-nhat-du-bao-diem-chuan-cac-to-hop-xet-tuyen-dh-nam-2024,"Số điểm trung bình của khối thi này tăng so với năm ngoái (20,9>20,77)"
A01,2024,mean,20.47,https://huongnghiep.hocmai.vn/so-sanh-pho-diem-thi-3-nam-gan-nhat-du-bao-diem-chuan-cac-to-hop-xet-tuyen-dh-nam-2024,"điểm trung bình khối thi này lại tăng so với năm ngoái (20,47>20,27)"
A01,2023,mean,20.27,https://huongnghiep.hocmai.vn/so-sanh-pho-diem-thi-3-nam-gan-nhat-du-bao-diem-chuan-cac-to-hop-xet-tuyen-dh-nam-2024,"điểm trung bình khối thi này lại tăng so với năm ngoái (20,47>20,27)"
B00,2024,mean,20.53,https://huongnghiep.hocmai.vn/so-sanh-pho-diem-thi-3-nam-gan-nhat-du-bao-diem-chuan-cac-to-hop-xet-tuyen-dh-nam-2024,"Trung bình điểm của hơn 342.000 thí sinh dự thi khối B00 là 20,53 điểm"
C00,2024,mean,20.95,https://huongnghiep.hocmai.vn/so-sanh-pho-diem-thi-3-nam-gan-nhat-du-bao-diem-chuan-cac-to-hop-xet-tuyen-dh-nam-2024,"Trung bình điểm của hơn 704.024 thí sinh dự thi môn trong tổ hợp C00 là 20,95 điểm"
D01,2024,mean,19.49,https://huongnghiep.hocmai.vn/so-sanh-pho-diem-thi-3-nam-gan-nhat-du-bao-diem-chuan-cac-to-hop-xet-tuyen-dh-nam-2024,"Điểm trung bình tổ hợp D01 đạt 19,49 điểm"
