school_code,url
BKA,https://diemthi.tuyensinh247.com/diem-chuan/dai-hoc-bach-khoa-ha-noi-BKA.html
BVH,https://diemthi.tuyensinh247.com/diem-chuan/hoc-vien-cong-nghe-buu-chinh-vien-thong-phia-bac-BVH.html
BVS,https://diemthi.tuyensinh247.com/diem-chuan/hoc-vien-cong-nghe-buu-chinh-vien-thong-phia-nam-BVS.html
DCN,https://diemthi.tuyensinh247.com/diem-chuan/dai-hoc-cong-nghiep-ha-noi-DCN.html
DCT,https://diemthi.tuyensinh247.com/diem-chuan/dai-hoc-cong-thuong-tphcm-DCT.html
DDL,https://diemthi.tuyensinh247.com/diem-chuan/dai-hoc-dien-luc-DDL.html
DKC,https://diemthi.tuyensinh247.com/diem-chuan/dai-hoc-cong-nghe-tphcm-DKC.html
DMS,https://diemthi.tuyensinh247.com/diem-chuan/dai-hoc-tai-chinh-marketing-DMS.html
DTL,https://diemthi.tuyensinh247.com/diem-chuan/dai-hoc-thang-long-DTL.html
DTT,https://diemthi.tuyensinh247.com/diem-chuan/dai-hoc-ton-duc-thang-DTT.html
DVL,https://diemthi.tuyensinh247.com/diem-chuan/dai-hoc-van-lang-DVL.html
FBU,https://diemthi.tuyensinh247.com/diem-chuan/dai-hoc-tai-chinh-ngan-hang-ha-noi-FBU.html
GHA,https://diemthi.tuyensinh247.com/diem-chuan/dai-hoc-giao-thong-van-tai-co-so-phia-bac-GHA.html
HBT,https://diemthi.tuyensinh247.com/diem-chuan/hoc-vien-bao-chi-va-tuyen-truyen-HBT.html
HCP,https://diemthi.tuyensinh247.com/diem-chuan/hoc-vien-chinh-sach-va-phat-trien-HCP.html
HIU,https://diemthi.tuyensinh247.com/diem-chuan/dai-hoc-quoc-te-hong-bang-HIU.html
HQT,https://diemthi.tuyensinh247.com/diem-chuan/hoc-vien-ngoai-giao-HQT.html
HSU,https://diemthi.tuyensinh247.com/diem-chuan/dai-hoc-hoa-sen-HSU.html
HTC,https://diemthi.tuyensinh247.com/diem-chuan/hoc-vien-tai-chinh-HTC.html
HVN,https://diemthi.tuyensinh247.com/diem-chuan/hoc-vien-nong-nghiep-viet-nam-HVN.html
IUH,https://diemthi.tuyensinh247.com/diem-chuan/dai-hoc-cong-nghiep-tphcm-IUH.html
KHA,https://diemthi.tuyensinh247.com/diem-chuan/dai-hoc-kinh-te-quoc-dan-KHA.html
KMA,https://diemthi.tuyensinh247.com/diem-chuan/hoc-vien-ky-thuat-mat-ma-KMA.html
KSA,https://diemthi.tuyensinh247.com/diem-chuan/dai-hoc-kinh-te-tphcm-KSA.html
KTS,https://diemthi.tuyensinh247.com/diem-chuan/dai-hoc-kien-truc-tphcm-KTS.html
LPH,https://diemthi.tuyensinh247.com/diem-chuan/dai-hoc-luat-ha-noi-LPH.html
LPS,https://diemthi.tuyensinh247.com/diem-chuan/dai-hoc-luat-tphcm-LPS.html
MBS,https://diemthi.tuyensinh247.com/diem-chuan/dai-hoc-mo-tphcm-MBS.html
MDA,https://diemthi.tuyensinh247.com/diem-chuan/dai-hoc-mo-dia-chat-MDA.html
MHN,https://diemthi.tuyensinh247.com/diem-chuan/dai-hoc-mo-ha-noi-MHN.html
NHF,https://diemthi.tuyensinh247.com/diem-chuan/dai-hoc-ha-noi-NHF.html
NHH,https://diemthi.tuyensinh247.com/diem-chuan/hoc-vien-ngan-hang-NHH.html
NHS,https://diemthi.tuyensinh247.com/diem-chuan/dai-hoc-ngan-hang-tphcm-NHS.html
NLS,https://diemthi.tuyensinh247.com/diem-chuan/dai-hoc-nong-lam-tphcm-NLS.html
NTH,https://diemthi.tuyensinh247.com/diem-chuan/dai-hoc-ngoai-thuong-co-so-phia-bac-NTH.html
NTS,https://diemthi.tuyensinh247.com/diem-chuan/dai-hoc-ngoai-thuong-co-so-phia-nam-NTS.html
PKA,https://diemthi.tuyensinh247.com/diem-chuan/dai-hoc-phenikaa-PKA.html
QHE,https://diemthi.tuyensinh247.com/diem-chuan/dai-hoc-kinh-te-dai-hoc-quoc-gia-ha-noi-QHE.html
QHF,https://diemthi.tuyensinh247.com/diem-chuan/dai-hoc-ngoai-ngu-dai-hoc-quoc-gia-ha-noi-QHF.html
QHI,https://diemthi.tuyensinh247.com/diem-chuan/dai-hoc-cong-nghe-dai-hoc-quoc-gia-ha-noi-QHI.html
QHS,https://diemthi.tuyensinh247.com/diem-chuan/dai-hoc-giao-duc-dai-hoc-quoc-gia-ha-noi-QHS.html
QHT,https://diemthi.tuyensinh247.com/diem-chuan/dai-hoc-khoa-hoc-tu-nhien-dai-hoc-quoc-gia-ha-noi-QHT.html
QHX,https://diemthi.tuyensinh247.com/diem-chuan/dai-hoc-khoa-hoc-xa-hoi-va-nhan-van-dai-hoc-quoc-gia-ha-noi-QHX.html
QSB,https://diemthi.tuyensinh247.com/diem-chuan/dai-hoc-bach-khoa-dai-hoc-quoc-gia-tphcm-QSB.html
QSC,https://diemthi.tuyensinh247.com/diem-chuan/dai-hoc-cong-nghe-thong-tin-dai-hoc-quoc-gia-tphcm-QSC.html
QSK,https://diemthi.tuyensinh247.com/diem-chuan/dai-hoc-kinh-te-luat-dai-hoc-quoc-gia-tphcm-QSK.html
QSQ,https://diemthi.tuyensinh247.com/diem-chuan/dai-hoc-quoc-te-dai-hoc-quoc-gia-tphcm-QSQ.html
QST,https://diemthi.tuyensinh247.com/diem-chuan/dai-hoc-khoa-hoc-tu-nhien-dai-hoc-quoc-gia-tphcm-QST.html
QSX,https://diemthi.tuyensinh247.com/diem-chuan/dai-hoc-khoa-hoc-xa-hoi-va-nhan-van-dai-hoc-quoc-gia-tphcm-QSX.html
SGD,https://diemthi.tuyensinh247.com/diem-chuan/dai-hoc-sai-gon-SGD.html
SIU,https://diemthi.tuyensinh247.com/diem-chuan/dai-hoc-quoc-te-sai-gon-SIU.html
SPH,https://diemthi.tuyensinh247.com/diem-chuan/dai-hoc-su-pham-ha-noi-SPH.html
SPK,https://diemthi.tuyensinh247.com/diem-chuan/dai-hoc-su-pham-ky-thuat-tphcm-SPK.html
SPS,https://diemthi.tuyensinh247.com/diem-chuan/dai-hoc-su-pham-tphcm-SPS.html
TLA,https://diemthi.tuyensinh247.com/diem-chuan/dai-hoc-thuy-loi-co-so-1-TLA.html
TMU,https://diemthi.tuyensinh247.com/diem-chuan/dai-hoc-thuong-mai-TMU.html
UEF,https://diemthi.tuyensinh247.com/diem-chuan/dai-hoc-kinh-te-tai-chinh-tphcm-UEF.html
XDA,https://diemthi.tuyensinh247.com/diem-chuan/dai-hoc-xay-dung-ha-noi-XDA.html
YDS,https://diemthi.tuyensinh247.com/diem-chuan/dai-hoc-y-duoc-tphcm-YDS.html
YHB,https://diemthi.tuyensinh247.com/diem-chuan/dai-hoc-y-ha-noi-YHB.html
