program_id,year,quota,provenance,source
BKA:BF-E12,2026,60,observed,unipilot_step1
BKA:BF-E19,2026,60,observed,unipilot_step1
BKA:BF1,2026,160,observed,unipilot_step1
BKA:BF2,2026,360,observed,unipilot_step1
BKA:CH-E11,2026,100,observed,unipilot_step1
BKA:CH-E20,2026,40,observed,unipilot_step1
BKA:CH1,2026,680,observed,unipilot_step1
BKA:CH2,2026,160,observed,unipilot_step1
BKA:ED2,2026,120,observed,unipilot_step1
BKA:ED3,2026,60,observed,unipilot_step1
BKA:ED5,2026,40,observed,unipilot_step1
BKA:EE-E18,2026,60,observed,unipilot_step1
BKA:EE-E8,2026,140,observed,unipilot_step1
BKA:EE-EP,2026,40,observed,unipilot_step1
BKA:EE1,2026,240,observed,unipilot_step1
BKA:EE2,2026,500,observed,unipilot_step1
BKA:EM-E13,2026,140,observed,unipilot_step1
BKA:EM-E14,2026,140,observed,unipilot_step1
BKA:EM-E17,2026,80,observed,unipilot_step1
BKA:EM1,2026,80,observed,unipilot_step1
BKA:EM2,2026,100,observed,unipilot_step1
BKA:EM3,2026,120,observed,unipilot_step1
BKA:EM5,2026,100,observed,unipilot_step1
BKA:ET-E16,2026,60,observed,unipilot_step1
BKA:ET-E4,2026,120,observed,unipilot_step1
BKA:ET-E5,2026,40,observed,unipilot_step1
BKA:ET-E9,2026,80,observed,unipilot_step1
BKA:ET-LUH,2026,40,observed,unipilot_step1
BKA:ET1,2026,480,observed,unipilot_step1
BKA:ET2,2026,100,observed,unipilot_step1
BKA:EV1,2026,160,observed,unipilot_step1
BKA:EV2,2026,120,observed,unipilot_step1
BKA:FL1,2026,210,observed,unipilot_step1
BKA:FL2,2026,90,observed,unipilot_step1
BKA:FL3,2026,80,observed,unipilot_step1
BKA:FL4,2026,40,observed,unipilot_step1
BKA:HE1,2026,250,observed,unipilot_step1
BKA:IT-E10,2026,160,observed,unipilot_step1
BKA:IT-E15,2026,40,observed,unipilot_step1
BKA:IT-E6,2026,160,observed,unipilot_step1
BKA:IT-E7,2026,160,observed,unipilot_step1
BKA:IT-EP,2026,40,observed,unipilot_step1
BKA:IT1,2026,300,observed,unipilot_step1
BKA:IT2,2026,200,observed,unipilot_step1
BKA:ME-E1,2026,180,observed,unipilot_step1
BKA:ME-GU,2026,40,observed,unipilot_step1
BKA:ME-LUH,2026,50,observed,unipilot_step1
BKA:ME-NUT,2026,100,observed,unipilot_step1
BKA:ME1,2026,300,observed,unipilot_step1
BKA:ME2,2026,560,observed,unipilot_step1
BKA:MI-E22,2026,40,observed,unipilot_step1
BKA:MI1,2026,160,observed,unipilot_step1
BKA:MI2,2026,80,observed,unipilot_step1
BKA:MS-E3,2026,60,observed,unipilot_step1
BKA:MS1,2026,280,observed,unipilot_step1
BKA:MS2,2026,180,observed,unipilot_step1
BKA:MS3,2026,80,observed,unipilot_step1
BKA:MS5,2026,60,observed,unipilot_step1
BKA:PH1,2026,200,observed,unipilot_step1
BKA:PH2,2026,40,observed,unipilot_step1
BKA:PH3,2026,60,observed,unipilot_step1
BKA:TE-E2,2026,100,observed,unipilot_step1
BKA:TE-EP,2026,40,observed,unipilot_step1
BKA:TE1,2026,200,observed,unipilot_step1
BKA:TE2,2026,120,observed,unipilot_step1
BKA:TE3,2026,80,observed,unipilot_step1
BKA:TEE2,2026,100,observed,unipilot_step1
BKA:TROY-IT,2026,120,observed,unipilot_step1
BKA:TX1,2026,240,observed,unipilot_step1
BVS:7320104,2026,90,observed,unipilot_step1
BVS:7329001,2026,155,observed,unipilot_step1
BVS:7340101,2026,130,observed,unipilot_step1
BVS:7340115,2026,115,observed,unipilot_step1
BVS:7340115CL,2026,80,observed,unipilot_step1
BVS:7340205,2026,115,observed,unipilot_step1
BVS:7340301,2026,60,observed,unipilot_step1
BVS:7480102,2026,110,observed,unipilot_step1
BVS:7480107,2026,115,observed,unipilot_step1
BVS:7480201,2026,280,observed,unipilot_step1
BVS:7480201CL,2026,120,observed,unipilot_step1
BVS:7480202,2026,80,observed,unipilot_step1
BVS:7480202CL,2026,40,observed,unipilot_step1
BVS:7510301,2026,75,observed,unipilot_step1
BVS:7510301_VM,2026,60,observed,unipilot_step1
BVS:7520207,2026,160,observed,unipilot_step1
BVS:7520208,2026,110,observed,unipilot_step1
BVS:7520216,2026,135,observed,unipilot_step1
DCN:7210404,2026,60,observed,unipilot_step1
DCN:7220201,2026,200,observed,unipilot_step1
DCN:7220204,2026,150,observed,unipilot_step1
DCN:7220204LK,2026,30,observed,unipilot_step1
DCN:7220209,2026,70,observed,unipilot_step1
DCN:7220210,2026,70,observed,unipilot_step1
DCN:7229020,2026,50,observed,unipilot_step1
DCN:7310104,2026,60,observed,unipilot_step1
DCN:7310612,2026,50,observed,unipilot_step1
DCN:7340101,2026,260,observed,unipilot_step1
DCN:73401012,2026,120,observed,unipilot_step1
DCN:7340101TA,2026,40,observed,unipilot_step1
DCN:7340115,2026,120,observed,unipilot_step1
DCN:7340115TA,2026,40,observed,unipilot_step1
DCN:7340201,2026,180,observed,unipilot_step1
DCN:7340201TA,2026,40,observed,unipilot_step1
DCN:7340301,2026,460,observed,unipilot_step1
DCN:7340301TA,2026,40,observed,unipilot_step1
DCN:7340302,2026,120,observed,unipilot_step1
DCN:7340404,2026,120,observed,unipilot_step1
DCN:7340406,2026,120,observed,unipilot_step1
DCN:7420201,2026,50,observed,unipilot_step1
DCN:7480101,2026,120,observed,unipilot_step1
DCN:74801012,2026,60,observed,unipilot_step1
DCN:7480101TA,2026,40,observed,unipilot_step1
DCN:7480102,2026,70,observed,unipilot_step1
DCN:7480103,2026,240,observed,unipilot_step1
DCN:7480104,2026,120,observed,unipilot_step1
DCN:7480108,2026,120,observed,unipilot_step1
DCN:74801081,2026,100,observed,unipilot_step1
DCN:7480201,2026,300,observed,unipilot_step1
DCN:74802012,2026,60,observed,unipilot_step1
DCN:7480201TA,2026,40,observed,unipilot_step1
DCN:7480202,2026,60,observed,unipilot_step1
DCN:7510201,2026,360,observed,unipilot_step1
DCN:75102012,2026,60,observed,unipilot_step1
DCN:75102013,2026,60,observed,unipilot_step1
DCN:7510201TA,2026,40,observed,unipilot_step1
DCN:7510203,2026,280,observed,unipilot_step1
DCN:75102032,2026,60,observed,unipilot_step1
DCN:75102033,2026,40,observed,unipilot_step1
DCN:7510203TA,2026,60,observed,unipilot_step1
DCN:7510205,2026,360,observed,unipilot_step1
DCN:7510205TA,2026,40,observed,unipilot_step1
DCN:7510206,2026,120,observed,unipilot_step1
DCN:7510301,2026,420,observed,unipilot_step1
DCN:7510301TA,2026,40,observed,unipilot_step1
DCN:7510302,2026,480,observed,unipilot_step1
DCN:75103021,2026,60,observed,unipilot_step1
DCN:7510302TA,2026,40,observed,unipilot_step1
DCN:7510303,2026,300,observed,unipilot_step1
DCN:75103031,2026,60,observed,unipilot_step1
DCN:7510401,2026,180,observed,unipilot_step1
DCN:7510402,2026,40,observed,unipilot_step1
DCN:7510406,2026,50,observed,unipilot_step1
DCN:7510605,2026,120,observed,unipilot_step1
DCN:75190071,2026,60,observed,unipilot_step1
DCN:7520116,2026,60,observed,unipilot_step1
DCN:75201162,2026,40,observed,unipilot_step1
DCN:7520118,2026,60,observed,unipilot_step1
DCN:7540101,2026,120,observed,unipilot_step1
DCN:7540203,2026,50,observed,unipilot_step1
DCN:7540204,2026,180,observed,unipilot_step1
DCN:7720203,2026,60,observed,unipilot_step1
DCN:7810101,2026,140,observed,unipilot_step1
DCN:7810101TA,2026,40,observed,unipilot_step1
DCN:7810103,2026,130,observed,unipilot_step1
DCN:7810103TA,2026,60,observed,unipilot_step1
DCN:7810201,2026,130,observed,unipilot_step1
DCN:7810201TA,2026,40,observed,unipilot_step1
DCN:7810202,2026,60,observed,unipilot_step1
DCN:7810202TA,2026,20,observed,unipilot_step1
DTL:7220201,2026,140,observed,unipilot_step1
DTL:7220204,2026,180,observed,unipilot_step1
DTL:7220209,2026,100,observed,unipilot_step1
DTL:7220210,2026,180,observed,unipilot_step1
DTL:7310106,2026,105,observed,unipilot_step1
DTL:7310630,2026,80,observed,unipilot_step1
DTL:7320104,2026,180,observed,unipilot_step1
DTL:7340101,2026,180,observed,unipilot_step1
DTL:7340101A,2026,35,observed,unipilot_step1
DTL:7340115,2026,140,observed,unipilot_step1
DTL:7340122,2026,70,observed,unipilot_step1
DTL:7340201,2026,140,observed,unipilot_step1
DTL:7340301,2026,180,observed,unipilot_step1
DTL:7340301A,2026,35,observed,unipilot_step1
DTL:7380107,2026,140,observed,unipilot_step1
DTL:7480101,2026,70,observed,unipilot_step1
DTL:7480104,2026,35,observed,unipilot_step1
DTL:7480201,2026,210,observed,unipilot_step1
DTL:7480207,2026,70,observed,unipilot_step1
DTL:7510605,2026,175,observed,unipilot_step1
DTL:7720301,2026,160,observed,unipilot_step1
DTL:7810103,2026,150,observed,unipilot_step1
DTL:7810201,2026,150,observed,unipilot_step1
GHA:GHA01,2026,60,observed,unipilot_step1
GHA:GHA02,2026,60,observed,unipilot_step1
GHA:GHA03,2026,75,observed,unipilot_step1
GHA:GHA04,2026,70,observed,unipilot_step1
GHA:GHA04QT,2026,90,observed,unipilot_step1
GHA:GHA05,2026,65,observed,unipilot_step1
GHA:GHA06,2026,70,observed,unipilot_step1
GHA:GHA06QT,2026,90,observed,unipilot_step1
GHA:GHA07,2026,70,observed,unipilot_step1
GHA:GHA08,2026,120,observed,unipilot_step1
GHA:GHA08DS,2026,60,observed,unipilot_step1
GHA:GHA09,2026,140,observed,unipilot_step1
GHA:GHA10,2026,65,observed,unipilot_step1
GHA:GHA10QT,2026,45,observed,unipilot_step1
GHA:GHA11,2026,120,observed,unipilot_step1
GHA:GHA11QT,2026,50,observed,unipilot_step1
GHA:GHA12,2026,60,observed,unipilot_step1
GHA:GHA12QT,2026,50,observed,unipilot_step1
GHA:GHA13,2026,60,observed,unipilot_step1
GHA:GHA14,2026,180,observed,unipilot_step1
GHA:GHA14QT,2026,90,observed,unipilot_step1
GHA:GHA15,2026,40,observed,unipilot_step1
GHA:GHA16,2026,75,observed,unipilot_step1
GHA:GHA16QT,2026,50,observed,unipilot_step1
GHA:GHA17,2026,60,observed,unipilot_step1
GHA:GHA18,2026,70,observed,unipilot_step1
GHA:GHA19,2026,150,observed,unipilot_step1
GHA:GHA19DS,2026,75,observed,unipilot_step1
GHA:GHA20,2026,180,observed,unipilot_step1
GHA:GHA20QT,2026,90,observed,unipilot_step1
GHA:GHA21,2026,70,observed,unipilot_step1
GHA:GHA21DS,2026,65,observed,unipilot_step1
GHA:GHA22,2026,140,observed,unipilot_step1
GHA:GHA22BD,2026,50,observed,unipilot_step1
GHA:GHA22QT,2026,50,observed,unipilot_step1
GHA:GHA23,2026,130,observed,unipilot_step1
GHA:GHA23DS,2026,60,observed,unipilot_step1
GHA:GHA23TM,2026,60,observed,unipilot_step1
GHA:GHA24,2026,65,observed,unipilot_step1
GHA:GHA25,2026,55,observed,unipilot_step1
GHA:GHA26,2026,60,observed,unipilot_step1
GHA:GHA27,2026,50,observed,unipilot_step1
GHA:GHA28,2026,170,observed,unipilot_step1
GHA:GHA28QT1,2026,60,observed,unipilot_step1
GHA:GHA28QT2,2026,50,observed,unipilot_step1
GHA:GHA29,2026,60,observed,unipilot_step1
GHA:GHA30,2026,55,observed,unipilot_step1
GHA:GHA31,2026,50,observed,unipilot_step1
GHA:GHA32,2026,550,observed,unipilot_step1
GHA:GHA32DS,2026,60,observed,unipilot_step1
GHA:GHA32QT1,2026,50,observed,unipilot_step1
GHA:GHA32QT2,2026,50,observed,unipilot_step1
GHA:GHA33,2026,120,observed,unipilot_step1
HBT:BC603,2026,50,observed,unipilot_step1
HBT:BC7320104,2026,150,observed,unipilot_step1
HBT:BC7320105,2026,100,observed,unipilot_step1
HBT:CN7229008,2026,40,observed,unipilot_step1
HBT:CT531,2026,50,observed,unipilot_step1
HBT:CT7340403,2026,100,observed,unipilot_step1
HBT:KT527,2026,150,observed,unipilot_step1
HBT:KT7310102,2026,40,observed,unipilot_step1
HBT:LS7229010,2026,40,observed,unipilot_step1
HBT:NN7220201,2026,60,observed,unipilot_step1
HBT:NP7310205,2026,100,observed,unipilot_step1
HBT:QQ615,2026,50,observed,unipilot_step1
HBT:QQ616,2026,100,observed,unipilot_step1
HBT:QQ618,2026,50,observed,unipilot_step1
HBT:QT610,2026,50,observed,unipilot_step1
HBT:QT611,2026,50,observed,unipilot_step1
HBT:QT614,2026,50,observed,unipilot_step1
HBT:QT7320107,2026,50,observed,unipilot_step1
HBT:TH533,2026,40,observed,unipilot_step1
HBT:TM7229001,2026,40,observed,unipilot_step1
HBT:TT530,2026,100,observed,unipilot_step1
HBT:TT538,2026,50,observed,unipilot_step1
HBT:XB801,2026,50,observed,unipilot_step1
HBT:XB802,2026,50,observed,unipilot_step1
HBT:XD7310202,2026,90,observed,unipilot_step1
HBT:XH7310301,2026,50,observed,unipilot_step1
HBT:XH7760101,2026,50,observed,unipilot_step1
HCP:7220201,2026,100,observed,unipilot_step1
HCP:7310101,2026,100,observed,unipilot_step1
HCP:7310104,2026,150,observed,unipilot_step1
HCP:7310105,2026,150,observed,unipilot_step1
HCP:7310106,2026,200,observed,unipilot_step1
HCP:7310106_1,2026,100,observed,unipilot_step1
HCP:7310109,2026,120,observed,unipilot_step1
HCP:7310205,2026,100,observed,unipilot_step1
HCP:7340101,2026,150,observed,unipilot_step1
HCP:7340101_1,2026,100,observed,unipilot_step1
HCP:7340101_2,2026,50,observed,unipilot_step1
HCP:7340115,2026,150,observed,unipilot_step1
HCP:7340201,2026,320,observed,unipilot_step1
HCP:7340201_1,2026,100,observed,unipilot_step1
HCP:7340301,2026,150,observed,unipilot_step1
HCP:7340301_2,2026,50,observed,unipilot_step1
HCP:7340302,2026,100,observed,unipilot_step1
HCP:7380107,2026,200,observed,unipilot_step1
HCP:7460108,2026,100,observed,unipilot_step1
HQT:HQT01,2026,400,observed,unipilot_step1
HQT:HQT02,2026,200,observed,unipilot_step1
HQT:HQT03,2026,260,observed,unipilot_step1
HQT:HQT04,2026,200,observed,unipilot_step1
HQT:HQT05,2026,400,observed,unipilot_step1
HQT:HQT06,2026,260,observed,unipilot_step1
HQT:HQT07,2026,200,observed,unipilot_step1
HQT:HQT08-01,2026,80,observed,unipilot_step1
HQT:HQT08-02,2026,40,observed,unipilot_step1
HQT:HQT08-03,2026,40,observed,unipilot_step1
HQT:HQT08-04,2026,120,observed,unipilot_step1
HTC:HC0101QT,2026,80,observed,unipilot_step1
HTC:HC0106QT,2026,510,observed,unipilot_step1
HTC:HC0108QT,2026,50,observed,unipilot_step1
HTC:HC0109QT,2026,200,observed,unipilot_step1
HTC:HC0111QT,2026,600,observed,unipilot_step1
HTC:HC0115QT,2026,80,observed,unipilot_step1
HTC:HC0119,2026,900,observed,unipilot_step1
HTC:HC0119QT,2026,80,observed,unipilot_step1
HTC:HC0201QT,2026,370,observed,unipilot_step1
HTC:HC0202QT,2026,80,observed,unipilot_step1
HTC:HC0203QT,2026,100,observed,unipilot_step1
HTC:HC0214,2026,511,observed,unipilot_step1
HTC:HC0301QT,2026,160,observed,unipilot_step1
HTC:HC0303QT,2026,50,observed,unipilot_step1
HTC:HC0312,2026,160,observed,unipilot_step1
HTC:HC0401,2026,110,observed,unipilot_step1
HTC:HC0512,2026,170,observed,unipilot_step1
HTC:HC0613,2026,104,observed,unipilot_step1
HTC:HC0701,2026,180,observed,unipilot_step1
HTC:HC0801,2026,80,observed,unipilot_step1
HTC:HC0901,2026,80,observed,unipilot_step1
HTC:HC0901QT,2026,80,observed,unipilot_step1
HTC:HC1001,2026,150,observed,unipilot_step1
HTC:HC1001QT,2026,350,observed,unipilot_step1
HTC:HC1101,2026,160,observed,unipilot_step1
HTC:HC1102QT,2026,260,observed,unipilot_step1
HTC:HC1201,2026,80,observed,unipilot_step1
HTC:HC1201QT,2026,120,observed,unipilot_step1
HTC:HC1301,2026,51,observed,unipilot_step1
HTC:HC1412,2026,52,observed,unipilot_step1
HTC:HC1501QT,2026,160,observed,unipilot_step1
HTC:HC1601,2026,50,observed,unipilot_step1
HTC:HC1701,2026,52,observed,unipilot_step1
HTC:HC1812,2026,100,observed,unipilot_step1
HVN:HVN01,2026,659,observed,unipilot_step1
HVN:HVN02,2026,240,observed,unipilot_step1
HVN:HVN03,2026,135,observed,unipilot_step1
HVN:HVN04,2026,540,observed,unipilot_step1
HVN:HVN05,2026,130,observed,unipilot_step1
HVN:HVN06,2026,280,observed,unipilot_step1
HVN:HVN07,2026,960,observed,unipilot_step1
HVN:HVN08,2026,2065,observed,unipilot_step1
HVN:HVN09,2026,120,observed,unipilot_step1
HVN:HVN10,2026,415,observed,unipilot_step1
HVN:HVN11,2026,565,observed,unipilot_step1
HVN:HVN12,2026,220,observed,unipilot_step1
HVN:HVN13,2026,265,observed,unipilot_step1
HVN:HVN14,2026,500,observed,unipilot_step1
HVN:HVN15,2026,265,observed,unipilot_step1
HVN:HVN16,2026,20,observed,unipilot_step1
HVN:HVN17,2026,395,observed,unipilot_step1
HVN:HVN18,2026,50,observed,unipilot_step1
HVN:HVN19,2026,30,observed,unipilot_step1
HVN:HVN20,2026,100,observed,unipilot_step1
HVN:HVN21,2026,150,observed,unipilot_step1
HVN:HVN22,2026,50,observed,unipilot_step1
HVN:HVN23,2026,30,observed,unipilot_step1
KHA:7220201,2026,90,observed,unipilot_step1
KHA:7310101P1,2026,50,observed,unipilot_step1
KHA:7310101P2,2026,50,observed,unipilot_step1
KHA:7310101P3,2026,50,observed,unipilot_step1
KHA:7310104,2026,100,observed,unipilot_step1
KHA:7310105,2026,80,observed,unipilot_step1
KHA:7310106,2026,50,observed,unipilot_step1
KHA:7310107,2026,50,observed,unipilot_step1
KHA:7310108,2026,50,observed,unipilot_step1
KHA:7320108,2026,50,observed,unipilot_step1
KHA:7340101,2026,180,observed,unipilot_step1
KHA:7340115,2026,100,observed,unipilot_step1
KHA:7340116,2026,70,observed,unipilot_step1
KHA:7340120,2026,100,observed,unipilot_step1
KHA:7340121,2026,100,observed,unipilot_step1
KHA:7340122,2026,50,observed,unipilot_step1
KHA:7340201,2026,230,observed,unipilot_step1
KHA:7340204,2026,80,observed,unipilot_step1
KHA:7340205,2026,50,observed,unipilot_step1
KHA:7340301,2026,150,observed,unipilot_step1
KHA:7340302,2026,50,observed,unipilot_step1
KHA:7340401,2026,90,observed,unipilot_step1
KHA:7340403,2026,50,observed,unipilot_step1
KHA:7340404,2026,70,observed,unipilot_step1
KHA:7340405,2026,100,observed,unipilot_step1
KHA:7340408,2026,40,observed,unipilot_step1
KHA:7340409,2026,50,observed,unipilot_step1
KHA:7380101,2026,50,observed,unipilot_step1
KHA:7380107,2026,80,observed,unipilot_step1
KHA:7380109,2026,50,observed,unipilot_step1
KHA:7480101,2026,50,observed,unipilot_step1
KHA:7480104,2026,50,observed,unipilot_step1
KHA:7480201,2026,100,observed,unipilot_step1
KHA:7480202,2026,50,observed,unipilot_step1
KHA:7510605,2026,100,observed,unipilot_step1
KHA:7620114,2026,50,observed,unipilot_step1
KHA:7620115,2026,50,observed,unipilot_step1
KHA:7810103,2026,60,observed,unipilot_step1
KHA:7810201,2026,50,observed,unipilot_step1
KHA:7850101,2026,50,observed,unipilot_step1
KHA:7850102,2026,50,observed,unipilot_step1
KHA:7850103,2026,50,observed,unipilot_step1
KHA:CLC1,2026,55,observed,unipilot_step1
KHA:CLC2,2026,160,observed,unipilot_step1
KHA:CLC3,2026,270,observed,unipilot_step1
KHA:EBBA,2026,110,observed,unipilot_step1
KHA:EP01,2026,90,observed,unipilot_step1
KHA:EP02,2026,50,observed,unipilot_step1
KHA:EP03,2026,90,observed,unipilot_step1
KHA:EP04,2026,60,observed,unipilot_step1
KHA:EP05,2026,60,observed,unipilot_step1
KHA:EP06,2026,60,observed,unipilot_step1
KHA:EP07,2026,70,observed,unipilot_step1
KHA:EP08,2026,70,observed,unipilot_step1
KHA:EP09,2026,100,observed,unipilot_step1
KHA:EP10,2026,100,observed,unipilot_step1
KHA:EP11,2026,50,observed,unipilot_step1
KHA:EP12,2026,60,observed,unipilot_step1
KHA:EP13,2026,90,observed,unipilot_step1
KHA:EP14,2026,100,observed,unipilot_step1
KHA:EP15,2026,70,observed,unipilot_step1
KHA:EP16,2026,80,observed,unipilot_step1
KHA:EP17,2026,50,observed,unipilot_step1
KHA:EP18,2026,50,observed,unipilot_step1
KHA:EP19,2026,50,observed,unipilot_step1
KHA:EP20,2026,50,observed,unipilot_step1
KHA:EP21,2026,50,observed,unipilot_step1
KHA:EP22,2026,50,observed,unipilot_step1
KHA:EP23,2026,50,observed,unipilot_step1
KHA:EP24,2026,40,observed,unipilot_step1
KHA:EP25,2026,40,observed,unipilot_step1
KHA:EP26,2026,50,observed,unipilot_step1
KHA:EP27,2026,50,observed,unipilot_step1
KHA:EP28,2026,40,observed,unipilot_step1
KHA:EP29,2026,50,observed,unipilot_step1
KHA:EP30,2026,50,observed,unipilot_step1
KHA:EP31,2026,50,observed,unipilot_step1
KHA:EP32,2026,50,observed,unipilot_step1
KHA:EPMP,2026,70,observed,unipilot_step1
KHA:POHE1,2026,50,observed,unipilot_step1
KHA:POHE2,2026,50,observed,unipilot_step1
KHA:POHE3,2026,60,observed,unipilot_step1
KHA:POHE4,2026,50,observed,unipilot_step1
KHA:POHE5,2026,50,observed,unipilot_step1
KHA:POHE6,2026,50,observed,unipilot_step1
KHA:POHE7,2026,50,observed,unipilot_step1
KHA:TT1,2026,55,observed,unipilot_step1
KHA:TT2,2026,110,observed,unipilot_step1
LPH:7220201,2026,200,observed,unipilot_step1
LPH:7380101,2026,1600,observed,unipilot_step1
LPH:7380101PH,2026,300,observed,unipilot_step1
LPH:7380107,2026,550,observed,unipilot_step1
LPH:7380109,2026,200,observed,unipilot_step1
MHN:7220201,2026,290,observed,unipilot_step1
MHN:7220204,2026,280,observed,unipilot_step1
MHN:7340101,2026,290,observed,unipilot_step1
MHN:7340122,2026,130,observed,unipilot_step1
MHN:7340201,2026,375,observed,unipilot_step1
MHN:7340204,2026,45,observed,unipilot_step1
MHN:7340301,2026,260,observed,unipilot_step1
MHN:7380101,2026,230,observed,unipilot_step1
MHN:7380107,2026,230,observed,unipilot_step1
MHN:7380108,2026,100,observed,unipilot_step1
MHN:7420201,2026,120,observed,unipilot_step1
MHN:7480106,2026,75,observed,unipilot_step1
MHN:7480201,2026,385,observed,unipilot_step1
MHN:7510302,2026,200,observed,unipilot_step1
MHN:7540101,2026,180,observed,unipilot_step1
MHN:7810103,2026,225,observed,unipilot_step1
MHN:7810201,2026,150,observed,unipilot_step1
NHF:7220202,2026,150,observed,unipilot_step1
NHF:7220203,2026,135,observed,unipilot_step1
NHF:7220205,2026,150,observed,unipilot_step1
NHF:7220206,2026,100,observed,unipilot_step1
NHF:7220207,2026,75,observed,unipilot_step1
NHF:7220208,2026,75,observed,unipilot_step1
NHF:7220208 TT,2026,75,observed,unipilot_step1
NHF:7220209,2026,200,observed,unipilot_step1
NHF:7220210 TT,2026,120,observed,unipilot_step1
NHF:7310111,2026,60,observed,unipilot_step1
NHF:7310601,2026,125,observed,unipilot_step1
NHF:7320104,2026,120,observed,unipilot_step1
NHF:7320109,2026,75,observed,unipilot_step1
NHF:7340101,2026,100,observed,unipilot_step1
NHF:7340115,2026,75,observed,unipilot_step1
NHF:7340201,2026,100,observed,unipilot_step1
NHF:7340205,2026,75,observed,unipilot_step1
NHF:7340301,2026,100,observed,unipilot_step1
NHF:7480201,2026,180,observed,unipilot_step1
NHF:7480201 TT,2026,120,observed,unipilot_step1
NHF:7810103,2026,75,observed,unipilot_step1
NHF:7810103 TT,2026,75,observed,unipilot_step1
NHH:ACT01,2026,180,observed,unipilot_step1
NHH:ACT02,2026,70,observed,unipilot_step1
NHH:ACT03,2026,100,observed,unipilot_step1
NHH:ACT04,2026,120,observed,unipilot_step1
NHH:ACT05,2026,120,observed,unipilot_step1
NHH:ACT06,2026,50,observed,unipilot_step1
NHH:BANK01,2026,210,observed,unipilot_step1
NHH:BANK02,2026,140,observed,unipilot_step1
NHH:BANK03,2026,140,observed,unipilot_step1
NHH:BANK04,2026,100,observed,unipilot_step1
NHH:BANK06,2026,120,observed,unipilot_step1
NHH:BANK07,2026,60,observed,unipilot_step1
NHH:BANK08,2026,80,observed,unipilot_step1
NHH:BUS01,2026,120,observed,unipilot_step1
NHH:BUS02,2026,70,observed,unipilot_step1
NHH:BUS03,2026,70,observed,unipilot_step1
NHH:BUS04,2026,80,observed,unipilot_step1
NHH:BUS06,2026,120,observed,unipilot_step1
NHH:BUS07,2026,70,observed,unipilot_step1
NHH:BUS08,2026,60,observed,unipilot_step1
NHH:BUS09,2026,60,observed,unipilot_step1
NHH:BUS10,2026,50,observed,unipilot_step1
NHH:BUS11,2026,80,observed,unipilot_step1
NHH:DS01,2026,140,observed,unipilot_step1
NHH:ECON01,2026,70,observed,unipilot_step1
NHH:ECON02,2026,120,observed,unipilot_step1
NHH:ECON03,2026,70,observed,unipilot_step1
NHH:FIN01,2026,350,observed,unipilot_step1
NHH:FIN02,2026,140,observed,unipilot_step1
NHH:FIN04,2026,60,observed,unipilot_step1
NHH:FIN05,2026,140,observed,unipilot_step1
NHH:FL01,2026,70,observed,unipilot_step1
NHH:FL02,2026,120,observed,unipilot_step1
NHH:IB01,2026,70,observed,unipilot_step1
NHH:IB02,2026,70,observed,unipilot_step1
NHH:IB04,2026,180,observed,unipilot_step1
NHH:IB05,2026,60,observed,unipilot_step1
NHH:IB06,2026,60,observed,unipilot_step1
NHH:IB07,2026,80,observed,unipilot_step1
NHH:IT01,2026,120,observed,unipilot_step1
NHH:LAW01,2026,180,observed,unipilot_step1
NHH:LAW03,2026,120,observed,unipilot_step1
NHH:LAW04,2026,70,observed,unipilot_step1
NHH:MIS01,2026,70,observed,unipilot_step1
NHH:MIS02,2026,60,observed,unipilot_step1
NHS:7220201,2026,150,observed,unipilot_step1
NHS:7220201DB,2026,120,observed,unipilot_step1
NHS:7220204,2026,80,observed,unipilot_step1
NHS:7310106,2026,120,observed,unipilot_step1
NHS:7310106TA,2026,80,observed,unipilot_step1
NHS:7340101,2026,60,observed,unipilot_step1
NHS:7340101QT,2026,150,observed,unipilot_step1
NHS:7340101SB,2026,40,observed,unipilot_step1
NHS:7340101TA,2026,400,observed,unipilot_step1
NHS:7340115,2026,120,observed,unipilot_step1
NHS:7340120,2026,70,observed,unipilot_step1
NHS:7340120TA,2026,80,observed,unipilot_step1
NHS:7340122,2026,60,observed,unipilot_step1
NHS:7340122TA,2026,80,observed,unipilot_step1
NHS:7340201,2026,350,observed,unipilot_step1
NHS:7340201EL,2026,60,observed,unipilot_step1
NHS:7340201QT,2026,60,observed,unipilot_step1
NHS:7340201SB,2026,40,observed,unipilot_step1
NHS:7340201TA,2026,1200,observed,unipilot_step1
NHS:7340204,2026,70,observed,unipilot_step1
NHS:7340205,2026,120,observed,unipilot_step1
NHS:7340301,2026,150,observed,unipilot_step1
NHS:7340301TA,2026,290,observed,unipilot_step1
NHS:7340302,2026,60,observed,unipilot_step1
NHS:7340405,2026,170,observed,unipilot_step1
NHS:7340405TA,2026,120,observed,unipilot_step1
NHS:7380101,2026,60,observed,unipilot_step1
NHS:7380107,2026,122,observed,unipilot_step1
NHS:7380107TA,2026,80,observed,unipilot_step1
NHS:7460108,2026,120,observed,unipilot_step1
NHS:7480107,2026,110,observed,unipilot_step1
NHS:7480201,2026,60,observed,unipilot_step1
NHS:7510605,2026,120,observed,unipilot_step1
NHS:7810201,2026,60,observed,unipilot_step1
NTH:NTHKD05,2026,70,observed,unipilot_step1
NTH:NTHKD06,2026,80,observed,unipilot_step1
NTH:NTHKD07,2026,70,observed,unipilot_step1
NTH:NTHKD08,2026,50,observed,unipilot_step1
NTH:NTHKE16,2026,70,observed,unipilot_step1
NTH:NTHKT01,2026,80,observed,unipilot_step1
NTH:NTHKT02,2026,220,observed,unipilot_step1
NTH:NTHKT03,2026,70,observed,unipilot_step1
NTH:NTHKT04,2026,120,observed,unipilot_step1
NTH:NTHLS17,2026,60,observed,unipilot_step1
NTH:NTHQK12,2026,50,observed,unipilot_step1
NTH:NTHQT09,2026,80,observed,unipilot_step1
NTH:NTHQT10,2026,100,observed,unipilot_step1
NTH:NTHTC14,2026,40,observed,unipilot_step1
NTH:NTHTC15,2026,120,observed,unipilot_step1
NTH:NTHTM11,2026,50,observed,unipilot_step1
NTH:NTSKE06,2026,70,observed,unipilot_step1
NTH:NTSKT01,2026,220,observed,unipilot_step1
NTH:NTSKT02,2026,50,observed,unipilot_step1
NTH:NTSMT04,2026,50,observed,unipilot_step1
NTH:NTSQT03,2026,80,observed,unipilot_step1
NTH:NTSTC05,2026,70,observed,unipilot_step1
QHE:7310101,2026,5,observed,unipilot_step1
QHE:7310105,2026,5,observed,unipilot_step1
QHE:7310106,2026,5,observed,unipilot_step1
QHE:7340201,2026,5,observed,unipilot_step1
QHE:7340301,2026,5,observed,unipilot_step1
QHF:7140231,2026,150,observed,unipilot_step1
QHF:7140234,2026,25,observed,unipilot_step1
QHF:7140235,2026,25,observed,unipilot_step1
QHF:7140236,2026,25,observed,unipilot_step1
QHF:7140237,2026,25,observed,unipilot_step1
QHF:7220101,2026,50,observed,unipilot_step1
QHF:7220201,2026,770,observed,unipilot_step1
QHF:7220202,2026,70,observed,unipilot_step1
QHF:7220203,2026,150,observed,unipilot_step1
QHF:7220204,2026,300,observed,unipilot_step1
QHF:7220205,2026,120,observed,unipilot_step1
QHF:7220209,2026,300,observed,unipilot_step1
QHF:7220210,2026,280,observed,unipilot_step1
QHF:7220211,2026,60,observed,unipilot_step1
QHF:7310403,2026,50,observed,unipilot_step1
QHF:7320107,2026,50,observed,unipilot_step1
QHI:CN1,2026,460,observed,unipilot_step1
QHI:CN10,2026,60,observed,unipilot_step1
QHI:CN11,2026,140,observed,unipilot_step1
QHI:CN12,2026,320,observed,unipilot_step1
QHI:CN13,2026,60,observed,unipilot_step1
QHI:CN14,2026,240,observed,unipilot_step1
QHI:CN15,2026,120,observed,unipilot_step1
QHI:CN17,2026,140,observed,unipilot_step1
QHI:CN18,2026,240,observed,unipilot_step1
QHI:CN19,2026,120,observed,unipilot_step1
QHI:CN2,2026,400,observed,unipilot_step1
QHI:CN20,2026,120,observed,unipilot_step1
QHI:CN21,2026,60,observed,unipilot_step1
QHI:CN3,2026,160,observed,unipilot_step1
QHI:CN4,2026,60,observed,unipilot_step1
QHI:CN5,2026,160,observed,unipilot_step1
QHI:CN6,2026,160,observed,unipilot_step1
QHI:CN7,2026,120,observed,unipilot_step1
QHI:CN8,2026,400,observed,unipilot_step1
QHI:CN9,2026,480,observed,unipilot_step1
QHS:QHS01,2026,120,observed,unipilot_step1
QHS:QHS02,2026,32,observed,unipilot_step1
QHS:QHS03,2026,36,observed,unipilot_step1
QHS:QHS04,2026,50,observed,unipilot_step1
QHS:QHS05,2026,100,observed,unipilot_step1
QHS:QHS06,2026,150,observed,unipilot_step1
QHS:QHS07,2026,45,observed,unipilot_step1
QHS:QHS08,2026,85,observed,unipilot_step1
QHS:QHS09,2026,150,observed,unipilot_step1
QHS:QHS10,2026,150,observed,unipilot_step1
QHS:QHS11,2026,550,observed,unipilot_step1
QHS:QHS12,2026,400,observed,unipilot_step1
QHT:QHT01,2026,60,observed,unipilot_step1
QHT:QHT02,2026,60,observed,unipilot_step1
QHT:QHT03,2026,130,observed,unipilot_step1
QHT:QHT04,2026,100,observed,unipilot_step1
QHT:QHT05,2026,75,observed,unipilot_step1
QHT:QHT06,2026,160,observed,unipilot_step1
QHT:QHT07,2026,125,observed,unipilot_step1
QHT:QHT08,2026,120,observed,unipilot_step1
QHT:QHT09,2026,190,observed,unipilot_step1
QHT:QHT10,2026,30,observed,unipilot_step1
QHT:QHT12,2026,90,observed,unipilot_step1
QHT:QHT13,2026,90,observed,unipilot_step1
QHT:QHT15,2026,80,observed,unipilot_step1
QHT:QHT16,2026,40,observed,unipilot_step1
QHT:QHT17,2026,25,observed,unipilot_step1
QHT:QHT18,2026,30,observed,unipilot_step1
QHT:QHT20,2026,130,observed,unipilot_step1
QHT:QHT43,2026,125,observed,unipilot_step1
QHT:QHT81,2026,60,observed,unipilot_step1
QHT:QHT82,2026,50,observed,unipilot_step1
QHT:QHT91,2026,30,observed,unipilot_step1
QHT:QHT92,2026,25,observed,unipilot_step1
QHT:QHT93,2026,70,observed,unipilot_step1
QHT:QHT94,2026,130,observed,unipilot_step1
QHT:QHT95,2026,90,observed,unipilot_step1
QHT:QHT96,2026,130,observed,unipilot_step1
QHT:QHT98,2026,125,observed,unipilot_step1
QHT:QHT99,2026,140,observed,unipilot_step1
QHX:QHX01,2026,160,observed,unipilot_step1
QHX:QHX02,2026,60,observed,unipilot_step1
QHX:QHX03,2026,55,observed,unipilot_step1
QHX:QHX04,2026,50,observed,unipilot_step1
QHX:QHX05,2026,50,observed,unipilot_step1
QHX:QHX06,2026,100,observed,unipilot_step1
QHX:QHX07,2026,30,observed,unipilot_step1
QHX:QHX08,2026,60,observed,unipilot_step1
QHX:QHX09,2026,120,observed,unipilot_step1
QHX:QHX10,2026,80,observed,unipilot_step1
QHX:QHX11,2026,50,observed,unipilot_step1
QHX:QHX12,2026,80,observed,unipilot_step1
QHX:QHX13,2026,50,observed,unipilot_step1
QHX:QHX14,2026,50,observed,unipilot_step1
QHX:QHX15,2026,200,observed,unipilot_step1
QHX:QHX16,2026,110,observed,unipilot_step1
QHX:QHX17,2026,200,observed,unipilot_step1
QHX:QHX18,2026,150,observed,unipilot_step1
QHX:QHX19,2026,110,observed,unipilot_step1
QHX:QHX20,2026,180,observed,unipilot_step1
QHX:QHX21,2026,200,observed,unipilot_step1
QHX:QHX22,2026,50,observed,unipilot_step1
QHX:QHX23,2026,50,observed,unipilot_step1
QHX:QHX24,2026,50,observed,unipilot_step1
QHX:QHX25,2026,55,observed,unipilot_step1
QHX:QHX26,2026,120,observed,unipilot_step1
QHX:QHX27,2026,60,observed,unipilot_step1
QHX:QHX28,2026,70,observed,unipilot_step1
QHX:QHX29,2026,50,observed,unipilot_step1
QSC:7320104,2026,60,observed,unipilot_step1
QSC:7340122,2026,140,observed,unipilot_step1
QSC:7460108,2026,55,observed,unipilot_step1
QSC:7460108TA,2026,30,observed,unipilot_step1
QSC:7480101,2026,280,observed,unipilot_step1
QSC:7480101TA,2026,50,observed,unipilot_step1
QSC:7480102,2026,200,observed,unipilot_step1
QSC:7480103,2026,240,observed,unipilot_step1
QSC:7480103TA,2026,50,observed,unipilot_step1
QSC:7480104,2026,180,observed,unipilot_step1
QSC:7480104TT,2026,80,observed,unipilot_step1
QSC:7480106,2026,220,observed,unipilot_step1
QSC:7480107,2026,40,observed,unipilot_step1
QSC:7480201,2026,120,observed,unipilot_step1
QSC:7480201VN,2026,130,observed,unipilot_step1
QSC:7480202,2026,170,observed,unipilot_step1
QSC:7480202TA,2026,50,observed,unipilot_step1
QSC:75202a1,2026,70,observed,unipilot_step1
QSC:75202a1TA,2026,40,observed,unipilot_step1
QST:7140103,2026,100,observed,unipilot_step1
QST:7420101,2026,215,observed,unipilot_step1
QST:7420201,2026,200,observed,unipilot_step1
QST:7440112,2026,230,observed,unipilot_step1
QST:7440122,2026,150,observed,unipilot_step1
QST:74401a1,2026,70,observed,unipilot_step1
QST:7440228,2026,50,observed,unipilot_step1
QST:7440301,2026,125,observed,unipilot_step1
QST:7460101NN,2026,180,observed,unipilot_step1
QST:7480107,2026,90,observed,unipilot_step1
QST:7510402,2026,180,observed,unipilot_step1
QST:7510406,2026,125,observed,unipilot_step1
QST:7520207,2026,150,observed,unipilot_step1
QST:75202a1,2026,80,observed,unipilot_step1
QST:7520402,2026,60,observed,unipilot_step1
QST:7520403,2026,40,observed,unipilot_step1
QST:7520501,2026,35,observed,unipilot_step1
QST:7850101,2026,110,observed,unipilot_step1
SGD:7140114,2026,40,observed,unipilot_step1
SGD:7140202,2026,200,observed,unipilot_step1
SGD:7140205,2026,15,observed,unipilot_step1
SGD:7140209,2026,70,observed,unipilot_step1
SGD:7140211,2026,30,observed,unipilot_step1
SGD:7140212,2026,30,observed,unipilot_step1
SGD:7140213,2026,24,observed,unipilot_step1
SGD:7140217,2026,57,observed,unipilot_step1
SGD:7140218,2026,23,observed,unipilot_step1
SGD:7140219,2026,20,observed,unipilot_step1
SGD:7140231,2026,150,observed,unipilot_step1
SGD:7140247,2026,44,observed,unipilot_step1
SGD:7140249,2026,60,observed,unipilot_step1
SGD:7220201,2026,260,observed,unipilot_step1
SGD:7229010,2026,30,observed,unipilot_step1
SGD:7310401,2026,100,observed,unipilot_step1
SGD:7310501,2026,30,observed,unipilot_step1
SGD:7310601,2026,80,observed,unipilot_step1
SGD:7310630,2026,140,observed,unipilot_step1
SGD:7320201,2026,30,observed,unipilot_step1
SGD:7340101,2026,350,observed,unipilot_step1
SGD:7340120,2026,200,observed,unipilot_step1
SGD:7340201,2026,500,observed,unipilot_step1
SGD:7340301,2026,310,observed,unipilot_step1
SGD:7340302,2026,80,observed,unipilot_step1
SGD:7340406,2026,70,observed,unipilot_step1
SGD:7380101,2026,210,observed,unipilot_step1
SGD:7440301,2026,30,observed,unipilot_step1
SGD:7460108,2026,80,observed,unipilot_step1
SGD:7460112,2026,90,observed,unipilot_step1
SGD:7480103,2026,110,observed,unipilot_step1
SGD:7480107,2026,80,observed,unipilot_step1
SGD:7480201,2026,400,observed,unipilot_step1
SGD:7510301,2026,45,observed,unipilot_step1
SGD:7510302,2026,45,observed,unipilot_step1
SGD:7510406,2026,30,observed,unipilot_step1
SGD:7520201,2026,30,observed,unipilot_step1
SGD:7520207,2026,90,observed,unipilot_step1
SGD:7810101,2026,120,observed,unipilot_step1
SGD:7810202,2026,60,observed,unipilot_step1
SPH:7140101,2026,80,observed,unipilot_step1
SPH:7140114,2026,90,observed,unipilot_step1
SPH:7140202,2026,215,observed,unipilot_step1
SPH:7140202K,2026,100,observed,unipilot_step1
SPH:7140203,2026,80,observed,unipilot_step1
SPH:7140204,2026,110,observed,unipilot_step1
SPH:7140205,2026,25,observed,unipilot_step1
SPH:7140208,2026,60,observed,unipilot_step1
SPH:7140209,2026,300,observed,unipilot_step1
SPH:7140209K,2026,60,observed,unipilot_step1
SPH:7140210,2026,100,observed,unipilot_step1
SPH:7140210K,2026,20,observed,unipilot_step1
SPH:7140211,2026,50,observed,unipilot_step1
SPH:7140211K,2026,20,observed,unipilot_step1
SPH:7140212,2026,50,observed,unipilot_step1
SPH:7140212K,2026,20,observed,unipilot_step1
SPH:7140213,2026,70,observed,unipilot_step1
SPH:7140217,2026,450,observed,unipilot_step1
SPH:7140218,2026,85,observed,unipilot_step1
SPH:7140219,2026,100,observed,unipilot_step1
SPH:7140231,2026,160,observed,unipilot_step1
SPH:7140233,2026,20,observed,unipilot_step1
SPH:7140246,2026,150,observed,unipilot_step1
SPH:7140247,2026,70,observed,unipilot_step1
SPH:7140249,2026,100,observed,unipilot_step1
SPH:7220101,2026,70,observed,unipilot_step1
SPH:7220201,2026,60,observed,unipilot_step1
SPH:7220203,2026,60,observed,unipilot_step1
SPH:7220204,2026,45,observed,unipilot_step1
SPH:7229001,2026,195,observed,unipilot_step1
SPH:7229010,2026,60,observed,unipilot_step1
SPH:7229030,2026,100,observed,unipilot_step1
SPH:7310201,2026,100,observed,unipilot_step1
SPH:7310301,2026,80,observed,unipilot_step1
SPH:7310401,2026,200,observed,unipilot_step1
SPH:7310403,2026,90,observed,unipilot_step1
SPH:7310501,2026,70,observed,unipilot_step1
SPH:7310601,2026,60,observed,unipilot_step1
SPH:7310630,2026,210,observed,unipilot_step1
SPH:7420101,2026,120,observed,unipilot_step1
SPH:7420201,2026,80,observed,unipilot_step1
SPH:7440102,2026,120,observed,unipilot_step1
SPH:7440112,2026,120,observed,unipilot_step1
SPH:7440112D,2026,120,observed,unipilot_step1
SPH:7460101,2026,100,observed,unipilot_step1
SPH:7460108,2026,60,observed,unipilot_step1
SPH:7480107,2026,60,observed,unipilot_step1
SPH:7480201,2026,140,observed,unipilot_step1
SPH:7760101,2026,220,observed,unipilot_step1
SPH:7760103,2026,160,observed,unipilot_step1
SPH:7810103,2026,150,observed,unipilot_step1
TLA:TLA101,2026,140,observed,unipilot_step1
TLA:TLA102,2026,100,observed,unipilot_step1
TLA:TLA103,2026,120,observed,unipilot_step1
TLA:TLA104,2026,210,observed,unipilot_step1
TLA:TLA105,2026,120,observed,unipilot_step1
TLA:TLA106,2026,120,observed,unipilot_step1
TLA:TLA107,2026,100,observed,unipilot_step1
TLA:TLA109,2026,120,observed,unipilot_step1
TLA:TLA110,2026,120,observed,unipilot_step1
TLA:TLA111,2026,150,observed,unipilot_step1
TLA:TLA112,2026,180,observed,unipilot_step1
TLA:TLA113,2026,180,observed,unipilot_step1
TLA:TLA114,2026,210,observed,unipilot_step1
TLA:TLA116,2026,80,observed,unipilot_step1
TLA:TLA117,2026,80,observed,unipilot_step1
TLA:TLA118,2026,90,observed,unipilot_step1
TLA:TLA119,2026,70,observed,unipilot_step1
TLA:TLA120,2026,120,observed,unipilot_step1
TLA:TLA121,2026,140,observed,unipilot_step1
TLA:TLA122,2026,120,observed,unipilot_step1
TLA:TLA123,2026,140,observed,unipilot_step1
TLA:TLA124,2026,70,observed,unipilot_step1
TLA:TLA126,2026,80,observed,unipilot_step1
TLA:TLA127,2026,80,observed,unipilot_step1
TLA:TLA128,2026,120,observed,unipilot_step1
TLA:TLA130,2026,70,observed,unipilot_step1
TLA:TLA201,2026,30,observed,unipilot_step1
TLA:TLA202,2026,30,observed,unipilot_step1
TLA:TLA203,2026,140,observed,unipilot_step1
TLA:TLA204,2026,100,observed,unipilot_step1
TLA:TLA301,2026,120,observed,unipilot_step1
TLA:TLA302,2026,120,observed,unipilot_step1
TLA:TLA401,2026,130,observed,unipilot_step1
TLA:TLA402,2026,140,observed,unipilot_step1
TLA:TLA403,2026,120,observed,unipilot_step1
TLA:TLA404,2026,140,observed,unipilot_step1
TLA:TLA405,2026,120,observed,unipilot_step1
TLA:TLA406,2026,70,observed,unipilot_step1
TLA:TLA407,2026,70,observed,unipilot_step1
TLA:TLA408,2026,70,observed,unipilot_step1
TLA:TLA409,2026,120,observed,unipilot_step1
TLA:TLA410,2026,70,observed,unipilot_step1
TLA:TLA411,2026,70,observed,unipilot_step1
TLA:TLA412,2026,70,observed,unipilot_step1
TLA:TLA413,2026,70,observed,unipilot_step1
TLA:TLA414,2026,50,observed,unipilot_step1
XDA:XDA07,2026,300,observed,unipilot_step1
XDA:XDA08,2026,400,observed,unipilot_step1
XDA:XDA09,2026,100,observed,unipilot_step1
XDA:XDA10,2026,150,observed,unipilot_step1
XDA:XDA11,2026,50,observed,unipilot_step1
XDA:XDA12,2026,50,observed,unipilot_step1
XDA:XDA13,2026,150,observed,unipilot_step1
XDA:XDA14,2026,50,observed,unipilot_step1
XDA:XDA15,2026,100,observed,unipilot_step1
XDA:XDA16,2026,450,observed,unipilot_step1
XDA:XDA17,2026,100,observed,unipilot_step1
XDA:XDA18,2026,100,observed,unipilot_step1
XDA:XDA19,2026,100,observed,unipilot_step1
XDA:XDA20,2026,50,observed,unipilot_step1
XDA:XDA21,2026,50,observed,unipilot_step1
XDA:XDA22,2026,100,observed,unipilot_step1
XDA:XDA23,2026,200,observed,unipilot_step1
XDA:XDA24,2026,50,observed,unipilot_step1
XDA:XDA25,2026,50,observed,unipilot_step1
XDA:XDA26,2026,250,observed,unipilot_step1
XDA:XDA27,2026,100,observed,unipilot_step1
XDA:XDA28,2026,50,observed,unipilot_step1
XDA:XDA29,2026,100,observed,unipilot_step1
XDA:XDA30,2026,50,observed,unipilot_step1
XDA:XDA31,2026,100,observed,unipilot_step1
XDA:XDA32,2026,100,observed,unipilot_step1
XDA:XDA33,2026,100,observed,unipilot_step1
XDA:XDA34,2026,100,observed,unipilot_step1
XDA:XDA35,2026,50,observed,unipilot_step1
XDA:XDA36,2026,50,observed,unipilot_step1
XDA:XDA37,2026,50,observed,unipilot_step1
XDA:XDA38,2026,50,observed,unipilot_step1
XDA:XDA39,2026,50,observed,unipilot_step1
XDA:XDA40,2026,100,observed,unipilot_step1
XDA:XDA42,2026,100,observed,unipilot_step1
XDA:XDA43,2026,30,observed,unipilot_step1
XDA:XDA44,2026,30,observed,unipilot_step1
YDS:7310401,2026,60,observed,unipilot_step1
YDS:7720101,2026,420,observed,unipilot_step1
YDS:7720110,2026,120,observed,unipilot_step1
YDS:7720115,2026,231,observed,unipilot_step1
YDS:7720201,2026,530,observed,unipilot_step1
YDS:7720202,2026,60,observed,unipilot_step1
YDS:7720203,2026,60,observed,unipilot_step1
YDS:7720301,2026,250,observed,unipilot_step1
YDS:7720301_03,2026,120,observed,unipilot_step1
YDS:7720302,2026,120,observed,unipilot_step1
YDS:7720401,2026,80,observed,unipilot_step1
YDS:7720501,2026,135,observed,unipilot_step1
YDS:7720502,2026,40,observed,unipilot_step1
YDS:7720601,2026,170,observed,unipilot_step1
YDS:7720602,2026,100,observed,unipilot_step1
YDS:7720603,2026,100,observed,unipilot_step1
YDS:7720701,2026,90,observed,unipilot_step1
YDS:7760101,2026,60,observed,unipilot_step1
YHB:7310401,2026,88,observed,unipilot_step1
YHB:7720101,2026,440,observed,unipilot_step1
YHB:7720101YHT,2026,150,observed,unipilot_step1
YHB:7720110,2026,100,observed,unipilot_step1
YHB:7720115,2026,80,observed,unipilot_step1
YHB:7720301,2026,130,observed,unipilot_step1
YHB:7720301YHT,2026,100,observed,unipilot_step1
YHB:7720302,2026,70,observed,unipilot_step1
YHB:7720401,2026,110,observed,unipilot_step1
YHB:7720501,2026,120,observed,unipilot_step1
YHB:7720502,2026,50,observed,unipilot_step1
YHB:7720601,2026,80,observed,unipilot_step1
YHB:7720602,2026,100,observed,unipilot_step1
YHB:7720603,2026,70,observed,unipilot_step1
YHB:7720609,2026,80,observed,unipilot_step1
YHB:7720701,2026,80,observed,unipilot_step1
YHB:7760101,2026,60,observed,unipilot_step1
