program_id,year,min_vnd,max_vnd,provenance,method,source
BKA:BF-E12,2025,35000000.0,45000000.0,observed,,vnexpress_cutoffs
BKA:BF-E19,2025,35000000.0,45000000.0,observed,,vnexpress_cutoffs
BKA:BF1,2025,28000000.0,35000000.0,observed,,vnexpress_cutoffs
BKA:BF2,2025,28000000.0,35000000.0,observed,,vnexpress_cutoffs
BKA:CH-E11,2025,35000000.0,45000000.0,observed,,vnexpress_cutoffs
BKA:CH-E20,2026,28000000.0,28000000.0,estimated,school_median,
BKA:CH1,2025,28000000.0,35000000.0,observed,,vnexpress_cutoffs
BKA:CH2,2025,28000000.0,35000000.0,observed,,vnexpress_cutoffs
BKA:ED2,2025,28000000.0,35000000.0,observed,,vnexpress_cutoffs
BKA:ED3,2025,28000000.0,35000000.0,observed,,vnexpress_cutoffs
BKA:ED5,2026,28000000.0,28000000.0,estimated,school_median,
BKA:EE-E18,2025,35000000.0,45000000.0,observed,,vnexpress_cutoffs
BKA:EE-E8,2025,35000000.0,45000000.0,observed,,vnexpress_cutoffs
BKA:EE-EP,2025,39000000.0,42000000.0,observed,,vnexpress_cutoffs
BKA:EE1,2025,28000000.0,35000000.0,observed,,vnexpress_cutoffs
BKA:EE2,2025,28000000.0,35000000.0,observed,,vnexpress_cutoffs
BKA:EM-E13,2025,35000000.0,45000000.0,observed,,vnexpress_cutoffs
BKA:EM-E14,2025,64000000.0,64000000.0,observed,,vnexpress_cutoffs
BKA:EM-E17,2026,28000000.0,28000000.0,estimated,school_median,
BKA:EM1,2025,28000000.0,35000000.0,observed,,vnexpress_cutoffs
BKA:EM2,2025,28000000.0,35000000.0,observed,,vnexpress_cutoffs
BKA:EM3,2025,28000000.0,35000000.0,observed,,vnexpress_cutoffs
BKA:EM5,2025,28000000.0,35000000.0,observed,,vnexpress_cutoffs
BKA:ET-E16,2025,35000000.0,45000000.0,observed,,vnexpress_cutoffs
BKA:ET-E4,2025,35000000.0,45000000.0,observed,,vnexpress_cutoffs
BKA:ET-E5,2025,35000000.0,45000000.0,observed,,vnexpress_cutoffs
BKA:ET-E9,2025,39000000.0,45000000.0,observed,,vnexpress_cutoffs
BKA:ET-LUH,2025,78000000.0,78000000.0,observed,,vnexpress_cutoffs
BKA:ET1,2025,28000000.0,35000000.0,observed,,vnexpress_cutoffs
BKA:ET2,2025,28000000.0,35000000.0,observed,,vnexpress_cutoffs
BKA:EV1,2025,28000000.0,35000000.0,observed,,vnexpress_cutoffs
BKA:EV2,2025,28000000.0,35000000.0,observed,,vnexpress_cutoffs
BKA:FL1,2025,28000000.0,35000000.0,observed,,vnexpress_cutoffs
BKA:FL2,2025,51000000.0,51000000.0,observed,,vnexpress_cutoffs
BKA:FL3,2025,28000000.0,35000000.0,observed,,vnexpress_cutoffs
BKA:FL4,2026,28000000.0,28000000.0,estimated,school_median,
BKA:HE1,2025,28000000.0,35000000.0,observed,,vnexpress_cutoffs
BKA:IT-E10,2025,67000000.0,67000000.0,observed,,vnexpress_cutoffs
BKA:IT-E15,2025,35000000.0,45000000.0,observed,,vnexpress_cutoffs
BKA:IT-E6,2025,39000000.0,45000000.0,observed,,vnexpress_cutoffs
BKA:IT-E7,2025,35000000.0,45000000.0,observed,,vnexpress_cutoffs
BKA:IT-EP,2025,39000000.0,45000000.0,observed,,vnexpress_cutoffs
BKA:IT1,2025,28000000.0,35000000.0,observed,,vnexpress_cutoffs
BKA:IT2,2025,28000000.0,35000000.0,observed,,vnexpress_cutoffs
BKA:ME-E1,2025,35000000.0,45000000.0,observed,,vnexpress_cutoffs
BKA:ME-GU,2025,87000000.0,87000000.0,observed,,vnexpress_cutoffs
BKA:ME-LUH,2025,78000000.0,78000000.0,observed,,vnexpress_cutoffs
BKA:ME-NUT,2025,78000000.0,78000000.0,observed,,vnexpress_cutoffs
BKA:ME1,2025,28000000.0,35000000.0,observed,,vnexpress_cutoffs
BKA:ME2,2025,28000000.0,35000000.0,observed,,vnexpress_cutoffs
BKA:MI-E22,2026,28000000.0,28000000.0,estimated,school_median,
BKA:MI1,2025,28000000.0,35000000.0,observed,,vnexpress_cutoffs
BKA:MI2,2025,28000000.0,35000000.0,observed,,vnexpress_cutoffs
BKA:MS-E3,2025,35000000.0,45000000.0,observed,,vnexpress_cutoffs
BKA:MS1,2025,28000000.0,35000000.0,observed,,vnexpress_cutoffs
BKA:MS2,2025,28000000.0,35000000.0,observed,,vnexpress_cutoffs
BKA:MS3,2025,28000000.0,35000000.0,observed,,vnexpress_cutoffs
BKA:MS5,2025,28000000.0,35000000.0,observed,,vnexpress_cutoffs
BKA:PH1,2025,28000000.0,35000000.0,observed,,vnexpress_cutoffs
BKA:PH2,2025,28000000.0,35000000.0,observed,,vnexpress_cutoffs
BKA:PH3,2025,28000000.0,35000000.0,observed,,vnexpress_cutoffs
BKA:TE-E2,2025,35000000.0,45000000.0,observed,,vnexpress_cutoffs
BKA:TE-EP,2025,39000000.0,42000000.0,observed,,vnexpress_cutoffs
BKA:TE1,2025,28000000.0,35000000.0,observed,,vnexpress_cutoffs
BKA:TE2,2025,28000000.0,35000000.0,observed,,vnexpress_cutoffs
BKA:TE3,2025,28000000.0,35000000.0,observed,,vnexpress_cutoffs
BKA:TEE2,2026,28000000.0,28000000.0,estimated,school_median,
BKA:TROY-IT,2025,90000000.0,90000000.0,observed,,vnexpress_cutoffs
BKA:TX1,2025,28000000.0,35000000.0,observed,,vnexpress_cutoffs
BVH:7320101,2025,29600000.0,37600000.0,observed,,vnexpress_cutoffs
BVH:7320104,2026,29600000.0,29600000.0,estimated,school_median,
BVH:7320104CL,2026,29600000.0,29600000.0,estimated,school_median,
BVH:7320104LK,2026,29600000.0,29600000.0,estimated,school_median,
BVH:7329001,2025,29600000.0,37600000.0,observed,,vnexpress_cutoffs
BVH:7329001GA,2026,29600000.0,29600000.0,estimated,school_median,
BVH:7329001GM,2026,29600000.0,29600000.0,estimated,school_median,
BVH:7329001LK,2026,29600000.0,29600000.0,estimated,school_median,
BVH:7329001VH,2026,29600000.0,29600000.0,estimated,school_median,
BVH:7340101,2025,29600000.0,37600000.0,observed,,vnexpress_cutoffs
BVH:7340101DM,2026,29600000.0,29600000.0,estimated,school_median,
BVH:7340101KT,2026,29600000.0,29600000.0,estimated,school_median,
BVH:7340101LG,2026,29600000.0,29600000.0,estimated,school_median,
BVH:7340115,2025,29600000.0,37600000.0,observed,,vnexpress_cutoffs
BVH:7340115CL,2026,29600000.0,29600000.0,estimated,school_median,
BVH:7340115QH,2026,29600000.0,29600000.0,estimated,school_median,
BVH:7340122,2025,29600000.0,37600000.0,observed,,vnexpress_cutoffs
BVH:7340201,2026,29600000.0,29600000.0,estimated,school_median,
BVH:7340201DL,2026,29600000.0,29600000.0,estimated,school_median,
BVH:7340205,2025,29600000.0,37600000.0,observed,,vnexpress_cutoffs
BVH:7340205LK,2026,29600000.0,29600000.0,estimated,school_median,
BVH:7340301,2026,29600000.0,29600000.0,estimated,school_median,
BVH:7340301CL,2026,29600000.0,29600000.0,estimated,school_median,
BVH:7480101,2025,29600000.0,37600000.0,observed,,vnexpress_cutoffs
BVH:7480102,2025,29600000.0,37600000.0,observed,,vnexpress_cutoffs
BVH:7480107,2025,40000000.0,45500000.0,observed,,vnexpress_cutoffs
BVH:7480201,2025,29600000.0,37600000.0,observed,,vnexpress_cutoffs
BVH:7480201CL,2026,29600000.0,29600000.0,estimated,school_median,
BVH:7480201LK,2026,29600000.0,29600000.0,estimated,school_median,
BVH:7480201UD,2026,29600000.0,29600000.0,estimated,school_median,
BVH:7480201VJ,2026,29600000.0,29600000.0,estimated,school_median,
BVH:7480202,2025,29600000.0,37600000.0,observed,,vnexpress_cutoffs
BVH:7480202CL,2026,29600000.0,29600000.0,estimated,school_median,
BVH:7510301,2025,29600000.0,37600000.0,observed,,vnexpress_cutoffs
BVH:7510301VM,2026,29600000.0,29600000.0,estimated,school_median,
BVH:7520207,2025,29600000.0,37600000.0,observed,,vnexpress_cutoffs
BVH:7520207AT,2026,29600000.0,29600000.0,estimated,school_median,
BVH:7520207HK,2026,29600000.0,29600000.0,estimated,school_median,
BVH:7520216,2025,29600000.0,37600000.0,observed,,vnexpress_cutoffs
BVH:7520216UR,2026,29600000.0,29600000.0,estimated,school_median,
BVH:8480101TN,2026,29600000.0,29600000.0,estimated,school_median,
BVH:8480104 TN,2026,29600000.0,29600000.0,estimated,school_median,
BVH:8480202 TN,2026,29600000.0,29600000.0,estimated,school_median,
BVH:8520203 TN,2026,29600000.0,29600000.0,estimated,school_median,
BVH:8520208 TN,2026,29600000.0,29600000.0,estimated,school_median,
BVS:7320104,2025,29600000.0,37600000.0,observed,,vnexpress_cutoffs
BVS:7329001,2025,29600000.0,37600000.0,observed,,vnexpress_cutoffs
BVS:7340101,2025,29600000.0,37600000.0,observed,,vnexpress_cutoffs
BVS:7340115,2025,29600000.0,37600000.0,observed,,vnexpress_cutoffs
BVS:7340115CL,2026,29600000.0,29600000.0,estimated,school_median,
BVS:7340205,2026,29600000.0,29600000.0,estimated,school_median,
BVS:7340301,2025,29600000.0,37600000.0,observed,,vnexpress_cutoffs
BVS:7480102,2026,29600000.0,29600000.0,estimated,school_median,
BVS:7480107,2026,29600000.0,29600000.0,estimated,school_median,
BVS:7480201,2025,29600000.0,37600000.0,observed,,vnexpress_cutoffs
BVS:7480201CL,2026,29600000.0,29600000.0,estimated,school_median,
BVS:7480202,2025,29600000.0,37600000.0,observed,,vnexpress_cutoffs
BVS:7480202CL,2026,29600000.0,29600000.0,estimated,school_median,
BVS:7510301,2025,29600000.0,37600000.0,observed,,vnexpress_cutoffs
BVS:7510301_VM,2026,29600000.0,29600000.0,estimated,school_median,
BVS:7520207,2025,29600000.0,37600000.0,observed,,vnexpress_cutoffs
BVS:7520208,2025,29600000.0,37600000.0,observed,,vnexpress_cutoffs
BVS:7520216,2025,29600000.0,37600000.0,observed,,vnexpress_cutoffs
BVS:8480104 TN,2026,29600000.0,29600000.0,estimated,school_median,
DCN:7210404,2026,25000000.0,31000000.0,observed,,vnexpress_cutoffs
DCN:7220201,2026,25000000.0,31000000.0,observed,,vnexpress_cutoffs
DCN:7220204,2026,25000000.0,31000000.0,observed,,vnexpress_cutoffs
DCN:7220204LK,2026,25000000.0,25000000.0,estimated,school_median,
DCN:7220209,2026,25000000.0,31000000.0,observed,,vnexpress_cutoffs
DCN:7220210,2026,25000000.0,31000000.0,observed,,vnexpress_cutoffs
DCN:7229020,2026,25000000.0,31000000.0,observed,,vnexpress_cutoffs
DCN:7310104,2026,25000000.0,31000000.0,observed,,vnexpress_cutoffs
DCN:7310612,2026,25000000.0,31000000.0,observed,,vnexpress_cutoffs
DCN:7340101,2026,25000000.0,31000000.0,observed,,vnexpress_cutoffs
DCN:73401012,2026,25000000.0,31000000.0,observed,,vnexpress_cutoffs
DCN:7340101TA,2026,36000000.0,44000000.0,observed,,vnexpress_cutoffs
DCN:7340115,2026,25000000.0,31000000.0,observed,,vnexpress_cutoffs
DCN:7340115TA,2026,36000000.0,44000000.0,observed,,vnexpress_cutoffs
DCN:7340201,2026,25000000.0,31000000.0,observed,,vnexpress_cutoffs
DCN:7340201TA,2026,36000000.0,44000000.0,observed,,vnexpress_cutoffs
DCN:7340301,2026,25000000.0,31000000.0,observed,,vnexpress_cutoffs
DCN:7340301TA,2026,36000000.0,44000000.0,observed,,vnexpress_cutoffs
DCN:7340302,2026,25000000.0,31000000.0,observed,,vnexpress_cutoffs
DCN:7340404,2026,25000000.0,31000000.0,observed,,vnexpress_cutoffs
DCN:7340406,2026,25000000.0,31000000.0,observed,,vnexpress_cutoffs
DCN:7420201,2026,25000000.0,31000000.0,observed,,vnexpress_cutoffs
DCN:7480101,2026,25000000.0,31000000.0,observed,,vnexpress_cutoffs
DCN:74801012,2026,25000000.0,31000000.0,observed,,vnexpress_cutoffs
DCN:7480101TA,2026,36000000.0,44000000.0,observed,,vnexpress_cutoffs
DCN:7480102,2026,25000000.0,31000000.0,observed,,vnexpress_cutoffs
DCN:7480103,2026,25000000.0,31000000.0,observed,,vnexpress_cutoffs
DCN:7480104,2026,25000000.0,31000000.0,observed,,vnexpress_cutoffs
DCN:7480108,2026,25000000.0,31000000.0,observed,,vnexpress_cutoffs
DCN:74801081,2026,25000000.0,31000000.0,observed,,vnexpress_cutoffs
DCN:7480201,2026,25000000.0,31000000.0,observed,,vnexpress_cutoffs
DCN:74802012,2026,25000000.0,31000000.0,observed,,vnexpress_cutoffs
DCN:7480201TA,2026,36000000.0,44000000.0,observed,,vnexpress_cutoffs
DCN:7480202,2026,25000000.0,31000000.0,observed,,vnexpress_cutoffs
DCN:7510201,2026,25000000.0,31000000.0,observed,,vnexpress_cutoffs
DCN:75102012,2026,25000000.0,31000000.0,observed,,vnexpress_cutoffs
DCN:75102013,2026,25000000.0,31000000.0,observed,,vnexpress_cutoffs
DCN:7510201TA,2026,36000000.0,44000000.0,observed,,vnexpress_cutoffs
DCN:7510203,2026,25000000.0,31000000.0,observed,,vnexpress_cutoffs
DCN:75102032,2026,25000000.0,31000000.0,observed,,vnexpress_cutoffs
DCN:75102033,2026,25000000.0,31000000.0,observed,,vnexpress_cutoffs
DCN:7510203TA,2026,36000000.0,44000000.0,observed,,vnexpress_cutoffs
DCN:7510205,2026,25000000.0,31000000.0,observed,,vnexpress_cutoffs
DCN:7510205TA,2026,36000000.0,44000000.0,observed,,vnexpress_cutoffs
DCN:7510206,2026,25000000.0,31000000.0,observed,,vnexpress_cutoffs
DCN:7510301,2026,25000000.0,31000000.0,observed,,vnexpress_cutoffs
DCN:7510301TA,2026,36000000.0,44000000.0,observed,,vnexpress_cutoffs
DCN:7510302,2026,25000000.0,31000000.0,observed,,vnexpress_cutoffs
DCN:75103021,2026,25000000.0,31000000.0,observed,,vnexpress_cutoffs
DCN:7510302TA,2026,36000000.0,44000000.0,observed,,vnexpress_cutoffs
DCN:7510303,2026,25000000.0,31000000.0,observed,,vnexpress_cutoffs
DCN:75103031,2026,25000000.0,31000000.0,observed,,vnexpress_cutoffs
DCN:7510401,2026,25000000.0,31000000.0,observed,,vnexpress_cutoffs
DCN:7510402,2026,25000000.0,31000000.0,observed,,vnexpress_cutoffs
DCN:7510406,2026,25000000.0,31000000.0,observed,,vnexpress_cutoffs
DCN:7510605,2026,25000000.0,31000000.0,observed,,vnexpress_cutoffs
DCN:75190071,2026,25000000.0,31000000.0,observed,,vnexpress_cutoffs
DCN:7520116,2026,25000000.0,31000000.0,observed,,vnexpress_cutoffs
DCN:75201162,2026,25000000.0,31000000.0,observed,,vnexpress_cutoffs
DCN:7520118,2026,25000000.0,31000000.0,observed,,vnexpress_cutoffs
DCN:7540101,2026,25000000.0,31000000.0,observed,,vnexpress_cutoffs
DCN:7540203,2026,25000000.0,31000000.0,observed,,vnexpress_cutoffs
DCN:7540204,2026,25000000.0,31000000.0,observed,,vnexpress_cutoffs
DCN:7720203,2026,25000000.0,31000000.0,observed,,vnexpress_cutoffs
DCN:7810101,2026,25000000.0,31000000.0,observed,,vnexpress_cutoffs
DCN:7810101TA,2026,36000000.0,44000000.0,observed,,vnexpress_cutoffs
DCN:7810103,2026,25000000.0,31000000.0,observed,,vnexpress_cutoffs
DCN:7810103TA,2026,36000000.0,44000000.0,observed,,vnexpress_cutoffs
DCN:7810201,2026,25000000.0,31000000.0,observed,,vnexpress_cutoffs
DCN:7810201TA,2026,36000000.0,44000000.0,observed,,vnexpress_cutoffs
DCN:7810202,2026,25000000.0,31000000.0,observed,,vnexpress_cutoffs
DCN:7810202TA,2026,36000000.0,44000000.0,observed,,vnexpress_cutoffs
DTL:7220201,2025,40900000.0,40900000.0,observed,,vnexpress_cutoffs
DTL:7220204,2025,40900000.0,40900000.0,observed,,vnexpress_cutoffs
DTL:7220209,2025,42800000.0,42800000.0,observed,,vnexpress_cutoffs
DTL:7220210,2025,42800000.0,42800000.0,observed,,vnexpress_cutoffs
DTL:7310106,2025,37800000.0,37800000.0,observed,,vnexpress_cutoffs
DTL:7310630,2025,40200000.0,40200000.0,observed,,vnexpress_cutoffs
DTL:7320104,2025,48900000.0,48900000.0,observed,,vnexpress_cutoffs
DTL:7340101,2025,39600000.0,39600000.0,observed,,vnexpress_cutoffs
DTL:7340101A,2026,40800000.0,40800000.0,estimated,school_median,
DTL:7340115,2025,39600000.0,39600000.0,observed,,vnexpress_cutoffs
DTL:7340122,2025,40900000.0,40900000.0,observed,,vnexpress_cutoffs
DTL:7340201,2025,38900000.0,38900000.0,observed,,vnexpress_cutoffs
DTL:7340301,2025,38900000.0,38900000.0,observed,,vnexpress_cutoffs
DTL:7340301A,2026,40800000.0,40800000.0,estimated,school_median,
DTL:7380107,2025,42900000.0,42900000.0,observed,,vnexpress_cutoffs
DTL:7480101,2025,37800000.0,37800000.0,observed,,vnexpress_cutoffs
DTL:7480104,2025,33600000.0,33600000.0,observed,,vnexpress_cutoffs
DTL:7480201,2025,40800000.0,40800000.0,observed,,vnexpress_cutoffs
DTL:7480207,2025,40200000.0,40200000.0,observed,,vnexpress_cutoffs
DTL:7510605,2025,44600000.0,44600000.0,observed,,vnexpress_cutoffs
DTL:7720301,2025,33600000.0,33600000.0,observed,,vnexpress_cutoffs
DTL:7810103,2025,43800000.0,43800000.0,observed,,vnexpress_cutoffs
DTL:7810201,2025,40900000.0,40900000.0,observed,,vnexpress_cutoffs
GHA:GHA01,2026,24000000.0,25600000.0,observed,,vnexpress_cutoffs
GHA:GHA02,2026,24000000.0,25600000.0,observed,,vnexpress_cutoffs
GHA:GHA03,2026,24000000.0,25600000.0,observed,,vnexpress_cutoffs
GHA:GHA04,2026,24000000.0,25600000.0,observed,,vnexpress_cutoffs
GHA:GHA04QT,2026,24000000.0,24000000.0,estimated,school_median,
GHA:GHA05,2026,24000000.0,25600000.0,observed,,vnexpress_cutoffs
GHA:GHA06,2026,24000000.0,25600000.0,observed,,vnexpress_cutoffs
GHA:GHA06QT,2026,24000000.0,24000000.0,estimated,school_median,
GHA:GHA07,2026,24000000.0,25600000.0,observed,,vnexpress_cutoffs
GHA:GHA08,2026,24000000.0,25600000.0,observed,,vnexpress_cutoffs
GHA:GHA08DS,2026,24000000.0,25600000.0,observed,,vnexpress_cutoffs
GHA:GHA09,2026,24000000.0,25600000.0,observed,,vnexpress_cutoffs
GHA:GHA10,2026,24000000.0,25600000.0,observed,,vnexpress_cutoffs
GHA:GHA10QT,2026,24000000.0,24000000.0,estimated,school_median,
GHA:GHA11,2026,24000000.0,25600000.0,observed,,vnexpress_cutoffs
GHA:GHA11QT,2026,24000000.0,24000000.0,estimated,school_median,
GHA:GHA12,2026,24000000.0,25600000.0,observed,,vnexpress_cutoffs
GHA:GHA12QT,2026,24000000.0,24000000.0,estimated,school_median,
GHA:GHA13,2026,24000000.0,25600000.0,observed,,vnexpress_cutoffs
GHA:GHA14,2026,24000000.0,25600000.0,observed,,vnexpress_cutoffs
GHA:GHA14QT,2026,24000000.0,24000000.0,estimated,school_median,
GHA:GHA15,2026,24000000.0,25600000.0,observed,,vnexpress_cutoffs
GHA:GHA16,2026,24000000.0,25600000.0,observed,,vnexpress_cutoffs
GHA:GHA16QT,2026,24000000.0,24000000.0,estimated,school_median,
GHA:GHA17,2026,24000000.0,25600000.0,observed,,vnexpress_cutoffs
GHA:GHA18,2026,24000000.0,25600000.0,observed,,vnexpress_cutoffs
GHA:GHA19,2026,24000000.0,25600000.0,observed,,vnexpress_cutoffs
GHA:GHA19DS,2026,24000000.0,25600000.0,observed,,vnexpress_cutoffs
GHA:GHA20,2026,24000000.0,25600000.0,observed,,vnexpress_cutoffs
GHA:GHA20QT,2026,24000000.0,24000000.0,estimated,school_median,
GHA:GHA21,2026,24000000.0,25600000.0,observed,,vnexpress_cutoffs
GHA:GHA21DS,2026,24000000.0,25600000.0,observed,,vnexpress_cutoffs
GHA:GHA22,2026,24000000.0,25600000.0,observed,,vnexpress_cutoffs
GHA:GHA22BD,2026,24000000.0,25600000.0,observed,,vnexpress_cutoffs
GHA:GHA22QT,2026,24000000.0,24000000.0,estimated,school_median,
GHA:GHA23,2026,24000000.0,25600000.0,observed,,vnexpress_cutoffs
GHA:GHA23DS,2026,24000000.0,25600000.0,observed,,vnexpress_cutoffs
GHA:GHA23TM,2026,24000000.0,25600000.0,observed,,vnexpress_cutoffs
GHA:GHA24,2026,24000000.0,25600000.0,observed,,vnexpress_cutoffs
GHA:GHA25,2026,24000000.0,25600000.0,observed,,vnexpress_cutoffs
GHA:GHA26,2026,24000000.0,25600000.0,observed,,vnexpress_cutoffs
GHA:GHA27,2026,24000000.0,25600000.0,observed,,vnexpress_cutoffs
GHA:GHA28,2026,24000000.0,25600000.0,observed,,vnexpress_cutoffs
GHA:GHA28QT1,2026,24000000.0,24000000.0,estimated,school_median,
GHA:GHA28QT2,2026,24000000.0,24000000.0,estimated,school_median,
GHA:GHA29,2026,24000000.0,25600000.0,observed,,vnexpress_cutoffs
GHA:GHA30,2026,24000000.0,25600000.0,observed,,vnexpress_cutoffs
GHA:GHA31,2026,24000000.0,25600000.0,observed,,vnexpress_cutoffs
GHA:GHA32,2026,24000000.0,24000000.0,estimated,school_median,
GHA:GHA32DS,2026,24000000.0,24000000.0,estimated,school_median,
GHA:GHA32QT1,2026,24000000.0,24000000.0,estimated,school_median,
GHA:GHA32QT2,2026,24000000.0,24000000.0,estimated,school_median,
GHA:GHA33,2026,24000000.0,24000000.0,estimated,school_median,
HCP:7220201,2026,28000000.0,28000000.0,observed,,vnexpress_cutoffs
HCP:7310101,2026,28000000.0,28000000.0,observed,,vnexpress_cutoffs
HCP:7310104,2026,28000000.0,28000000.0,observed,,vnexpress_cutoffs
HCP:7310105,2026,28000000.0,28000000.0,observed,,vnexpress_cutoffs
HCP:7310106,2026,28000000.0,28000000.0,observed,,vnexpress_cutoffs
HCP:7310106_1,2026,35000000.0,35000000.0,observed,,vnexpress_cutoffs
HCP:7310109,2026,28000000.0,28000000.0,observed,,vnexpress_cutoffs
HCP:7310205,2026,28000000.0,28000000.0,observed,,vnexpress_cutoffs
HCP:7340101,2026,28000000.0,28000000.0,observed,,vnexpress_cutoffs
HCP:7340101_1,2026,35000000.0,35000000.0,observed,,vnexpress_cutoffs
HCP:7340101_2,2026,35000000.0,35000000.0,observed,,vnexpress_cutoffs
HCP:7340115,2026,28000000.0,28000000.0,observed,,vnexpress_cutoffs
HCP:7340201,2026,28000000.0,28000000.0,observed,,vnexpress_cutoffs
HCP:7340201_1,2026,35000000.0,35000000.0,observed,,vnexpress_cutoffs
HCP:7340301,2026,28000000.0,28000000.0,observed,,vnexpress_cutoffs
HCP:7340301_2,2026,35000000.0,35000000.0,observed,,vnexpress_cutoffs
HCP:7340302,2026,28000000.0,28000000.0,observed,,vnexpress_cutoffs
HCP:7380107,2026,28000000.0,28000000.0,observed,,vnexpress_cutoffs
HCP:7460108,2026,35000000.0,35000000.0,observed,,vnexpress_cutoffs
HQT:HQT01,2025,45000000.0,45000000.0,observed,,vnexpress_cutoffs
HQT:HQT02,2025,45000000.0,45000000.0,observed,,vnexpress_cutoffs
HQT:HQT03,2025,45000000.0,45000000.0,observed,,vnexpress_cutoffs
HQT:HQT04,2025,45000000.0,45000000.0,observed,,vnexpress_cutoffs
HQT:HQT05,2025,45000000.0,45000000.0,observed,,vnexpress_cutoffs
HQT:HQT06,2025,45000000.0,45000000.0,observed,,vnexpress_cutoffs
HQT:HQT07,2025,34000000.0,34000000.0,observed,,vnexpress_cutoffs
HQT:HQT08-01,2026,45000000.0,45000000.0,estimated,school_median,
HQT:HQT08-02,2026,45000000.0,45000000.0,estimated,school_median,
HQT:HQT08-03,2026,45000000.0,45000000.0,estimated,school_median,
HQT:HQT08-04,2026,45000000.0,45000000.0,estimated,school_median,
KHA:7220201,2026,20000000.0,28000000.0,observed,,vnexpress_cutoffs
KHA:7310101P1,2026,20000000.0,28000000.0,observed,,vnexpress_cutoffs
KHA:7310101P2,2026,41000000.0,68000000.0,observed,,vnexpress_cutoffs
KHA:7310101P3,2026,41000000.0,68000000.0,observed,,vnexpress_cutoffs
KHA:7310104,2026,20000000.0,28000000.0,observed,,vnexpress_cutoffs
KHA:7310105,2026,20000000.0,28000000.0,observed,,vnexpress_cutoffs
KHA:7310106,2026,20000000.0,28000000.0,observed,,vnexpress_cutoffs
KHA:7310107,2026,20000000.0,28000000.0,observed,,vnexpress_cutoffs
KHA:7310108,2026,20000000.0,28000000.0,observed,,vnexpress_cutoffs
KHA:7320108,2026,20000000.0,28000000.0,observed,,vnexpress_cutoffs
KHA:7340101,2026,20000000.0,28000000.0,observed,,vnexpress_cutoffs
KHA:7340115,2026,20000000.0,28000000.0,observed,,vnexpress_cutoffs
KHA:7340116,2026,20000000.0,28000000.0,observed,,vnexpress_cutoffs
KHA:7340120,2026,20000000.0,28000000.0,observed,,vnexpress_cutoffs
KHA:7340121,2026,20000000.0,28000000.0,observed,,vnexpress_cutoffs
KHA:7340122,2026,20000000.0,28000000.0,observed,,vnexpress_cutoffs
KHA:7340201,2026,20000000.0,28000000.0,observed,,vnexpress_cutoffs
KHA:7340204,2026,20000000.0,28000000.0,observed,,vnexpress_cutoffs
KHA:7340205,2026,20000000.0,28000000.0,observed,,vnexpress_cutoffs
KHA:7340301,2026,20000000.0,28000000.0,observed,,vnexpress_cutoffs
KHA:7340302,2026,20000000.0,28000000.0,observed,,vnexpress_cutoffs
KHA:7340401,2026,20000000.0,28000000.0,observed,,vnexpress_cutoffs
KHA:7340403,2026,20000000.0,28000000.0,observed,,vnexpress_cutoffs
KHA:7340404,2026,20000000.0,28000000.0,observed,,vnexpress_cutoffs
KHA:7340405,2026,20000000.0,28000000.0,observed,,vnexpress_cutoffs
KHA:7340408,2026,20000000.0,28000000.0,observed,,vnexpress_cutoffs
KHA:7340409,2026,20000000.0,28000000.0,observed,,vnexpress_cutoffs
KHA:7380101,2026,20000000.0,28000000.0,observed,,vnexpress_cutoffs
KHA:7380107,2026,20000000.0,28000000.0,observed,,vnexpress_cutoffs
KHA:7380109,2026,20000000.0,28000000.0,observed,,vnexpress_cutoffs
KHA:7480101,2026,20000000.0,28000000.0,observed,,vnexpress_cutoffs
KHA:7480104,2026,20000000.0,28000000.0,observed,,vnexpress_cutoffs
KHA:7480201,2026,20000000.0,28000000.0,observed,,vnexpress_cutoffs
KHA:7480202,2026,20000000.0,28000000.0,observed,,vnexpress_cutoffs
KHA:7510605,2026,20000000.0,28000000.0,observed,,vnexpress_cutoffs
KHA:7620114,2026,20000000.0,28000000.0,observed,,vnexpress_cutoffs
KHA:7620115,2026,20000000.0,28000000.0,observed,,vnexpress_cutoffs
KHA:7810103,2026,20000000.0,28000000.0,observed,,vnexpress_cutoffs
KHA:7810201,2026,20000000.0,28000000.0,observed,,vnexpress_cutoffs
KHA:7850101,2026,20000000.0,28000000.0,observed,,vnexpress_cutoffs
KHA:7850102,2026,20000000.0,28000000.0,observed,,vnexpress_cutoffs
KHA:7850103,2026,20000000.0,28000000.0,observed,,vnexpress_cutoffs
KHA:C140201,2026,41000000.0,68000000.0,observed,,vnexpress_cutoffs
KHA:CLC1,2026,41000000.0,68000000.0,observed,,vnexpress_cutoffs
KHA:CLC2,2026,41000000.0,68000000.0,observed,,vnexpress_cutoffs
KHA:CLC3,2026,41000000.0,68000000.0,observed,,vnexpress_cutoffs
KHA:EBBA,2026,41000000.0,68000000.0,observed,,vnexpress_cutoffs
KHA:EP01,2026,41000000.0,68000000.0,observed,,vnexpress_cutoffs
KHA:EP02,2026,41000000.0,68000000.0,observed,,vnexpress_cutoffs
KHA:EP03,2026,41000000.0,68000000.0,observed,,vnexpress_cutoffs
KHA:EP04,2026,41000000.0,68000000.0,observed,,vnexpress_cutoffs
KHA:EP05,2026,41000000.0,68000000.0,observed,,vnexpress_cutoffs
KHA:EP06,2026,41000000.0,68000000.0,observed,,vnexpress_cutoffs
KHA:EP07,2026,41000000.0,68000000.0,observed,,vnexpress_cutoffs
KHA:EP08,2026,41000000.0,68000000.0,observed,,vnexpress_cutoffs
KHA:EP09,2026,41000000.0,68000000.0,observed,,vnexpress_cutoffs
KHA:EP10,2026,41000000.0,68000000.0,observed,,vnexpress_cutoffs
KHA:EP11,2026,41000000.0,68000000.0,observed,,vnexpress_cutoffs
KHA:EP12,2026,41000000.0,68000000.0,observed,,vnexpress_cutoffs
KHA:EP13,2026,41000000.0,68000000.0,observed,,vnexpress_cutoffs
KHA:EP14,2026,41000000.0,68000000.0,observed,,vnexpress_cutoffs
KHA:EP15,2026,41000000.0,68000000.0,observed,,vnexpress_cutoffs
KHA:EP16,2026,41000000.0,68000000.0,observed,,vnexpress_cutoffs
KHA:EP17,2026,41000000.0,68000000.0,observed,,vnexpress_cutoffs
KHA:EP18,2026,41000000.0,68000000.0,observed,,vnexpress_cutoffs
KHA:EP19,2026,41000000.0,68000000.0,observed,,vnexpress_cutoffs
KHA:EP20,2026,41000000.0,68000000.0,observed,,vnexpress_cutoffs
KHA:EP21,2026,41000000.0,68000000.0,observed,,vnexpress_cutoffs
KHA:EP22,2026,41000000.0,68000000.0,observed,,vnexpress_cutoffs
KHA:EP23,2026,41000000.0,68000000.0,observed,,vnexpress_cutoffs
KHA:EP24,2026,41000000.0,68000000.0,observed,,vnexpress_cutoffs
KHA:EP25,2026,41000000.0,68000000.0,observed,,vnexpress_cutoffs
KHA:EP26,2026,41000000.0,68000000.0,observed,,vnexpress_cutoffs
KHA:EP27,2026,41000000.0,68000000.0,observed,,vnexpress_cutoffs
KHA:EP28,2026,41000000.0,68000000.0,observed,,vnexpress_cutoffs
KHA:EP29,2026,41000000.0,68000000.0,observed,,vnexpress_cutoffs
KHA:EP30,2026,41000000.0,68000000.0,observed,,vnexpress_cutoffs
KHA:EP31,2026,41000000.0,41000000.0,estimated,school_median,
KHA:EP32,2026,41000000.0,68000000.0,observed,,vnexpress_cutoffs
KHA:EPMP,2026,41000000.0,68000000.0,observed,,vnexpress_cutoffs
KHA:POHE1,2026,41000000.0,68000000.0,observed,,vnexpress_cutoffs
KHA:POHE2,2026,41000000.0,68000000.0,observed,,vnexpress_cutoffs
KHA:POHE3,2026,41000000.0,68000000.0,observed,,vnexpress_cutoffs
KHA:POHE4,2026,41000000.0,68000000.0,observed,,vnexpress_cutoffs
KHA:POHE5,2026,41000000.0,68000000.0,observed,,vnexpress_cutoffs
KHA:POHE6,2026,41000000.0,68000000.0,observed,,vnexpress_cutoffs
KHA:POHE7,2026,41000000.0,68000000.0,observed,,vnexpress_cutoffs
KHA:TT1,2026,41000000.0,68000000.0,observed,,vnexpress_cutoffs
KHA:TT2,2026,41000000.0,68000000.0,observed,,vnexpress_cutoffs
LPH:7220201,2026,29400000.0,29400000.0,observed,,vnexpress_cutoffs
LPH:7380101,2026,29400000.0,29400000.0,observed,,vnexpress_cutoffs
LPH:7380101PH,2026,29400000.0,29400000.0,observed,,vnexpress_cutoffs
LPH:7380107,2026,29400000.0,29400000.0,observed,,vnexpress_cutoffs
LPH:7380109,2026,29400000.0,29400000.0,observed,,vnexpress_cutoffs
LPS:7220201,2025,42250000.0,42250000.0,observed,,vnexpress_cutoffs
LPS:7220204,2026,41000000.0,41000000.0,estimated,school_median,
LPS:7310109,2026,41000000.0,41000000.0,estimated,school_median,
LPS:7340101,2026,41000000.0,41000000.0,estimated,school_median,
LPS:7340102,2026,41000000.0,41000000.0,estimated,school_median,
LPS:7340120,2026,41000000.0,41000000.0,estimated,school_median,
LPS:7340122,2026,41000000.0,41000000.0,estimated,school_median,
LPS:7340201,2026,41000000.0,41000000.0,estimated,school_median,
LPS:7340205,2026,41000000.0,41000000.0,estimated,school_median,
LPS:7380101,2026,41000000.0,41000000.0,estimated,school_median,
LPS:7380109,2025,39750000.0,39750000.0,observed,,vnexpress_cutoffs
MBS:7140103,2026,27500000.0,27500000.0,estimated,school_median,
MBS:7220201,2025,27500000.0,27500000.0,observed,,vnexpress_cutoffs
MBS:7220201C,2025,46500000.0,46500000.0,observed,,vnexpress_cutoffs
MBS:7220201D,2026,27500000.0,27500000.0,estimated,school_median,
MBS:7220201FL,2026,27500000.0,27500000.0,estimated,school_median,
MBS:7220204,2025,27500000.0,27500000.0,observed,,vnexpress_cutoffs
MBS:7220204C,2025,46500000.0,46500000.0,observed,,vnexpress_cutoffs
MBS:7220209,2025,27500000.0,27500000.0,observed,,vnexpress_cutoffs
MBS:7220209C,2025,46500000.0,46500000.0,observed,,vnexpress_cutoffs
MBS:7220210,2025,27500000.0,27500000.0,observed,,vnexpress_cutoffs
MBS:7310101,2025,24000000.0,24000000.0,observed,,vnexpress_cutoffs
MBS:7310101C,2025,46500000.0,46500000.0,observed,,vnexpress_cutoffs
MBS:7310104,2026,27500000.0,27500000.0,estimated,school_median,
MBS:7310301,2025,24000000.0,24000000.0,observed,,vnexpress_cutoffs
MBS:7310401,2025,24000000.0,24000000.0,observed,,vnexpress_cutoffs
MBS:7310620,2025,24000000.0,24000000.0,observed,,vnexpress_cutoffs
MBS:7320104,2026,27500000.0,27500000.0,estimated,school_median,
MBS:7340101,2025,27500000.0,27500000.0,observed,,vnexpress_cutoffs
MBS:7340101C,2025,46500000.0,46500000.0,observed,,vnexpress_cutoffs
MBS:7340101D,2026,27500000.0,27500000.0,estimated,school_median,
MBS:7340101FL,2026,27500000.0,27500000.0,estimated,school_median,
MBS:7340101SQ,2026,27500000.0,27500000.0,estimated,school_median,
MBS:7340101SW,2026,27500000.0,27500000.0,estimated,school_median,
MBS:7340115,2025,27500000.0,27500000.0,observed,,vnexpress_cutoffs
MBS:7340115C,2026,27500000.0,27500000.0,estimated,school_median,
MBS:7340120,2025,27500000.0,27500000.0,observed,,vnexpress_cutoffs
MBS:7340120C,2026,27500000.0,27500000.0,estimated,school_median,
MBS:7340120RO,2026,27500000.0,27500000.0,estimated,school_median,
MBS:7340201,2025,27500000.0,27500000.0,observed,,vnexpress_cutoffs
MBS:7340201C,2025,46500000.0,46500000.0,observed,,vnexpress_cutoffs
MBS:7340201D,2026,27500000.0,27500000.0,estimated,school_median,
MBS:7340201FL,2026,27500000.0,27500000.0,estimated,school_median,
MBS:7340204,2025,27500000.0,27500000.0,observed,,vnexpress_cutoffs
MBS:7340205,2025,27500000.0,27500000.0,observed,,vnexpress_cutoffs
MBS:7340301,2025,27500000.0,27500000.0,observed,,vnexpress_cutoffs
MBS:7340301C,2025,46500000.0,46500000.0,observed,,vnexpress_cutoffs
MBS:7340301D,2026,27500000.0,27500000.0,estimated,school_median,
MBS:7340302,2025,27500000.0,27500000.0,observed,,vnexpress_cutoffs
MBS:7340302C,2025,46500000.0,46500000.0,observed,,vnexpress_cutoffs
MBS:7340403,2025,24000000.0,24000000.0,observed,,vnexpress_cutoffs
MBS:7340404,2025,27500000.0,27500000.0,observed,,vnexpress_cutoffs
MBS:7340404C,2026,27500000.0,27500000.0,estimated,school_median,
MBS:7340405,2025,28500000.0,28500000.0,observed,,vnexpress_cutoffs
MBS:7340405C,2026,27500000.0,27500000.0,estimated,school_median,
MBS:7380101,2025,27500000.0,27500000.0,observed,,vnexpress_cutoffs
MBS:7380107,2025,27500000.0,27500000.0,observed,,vnexpress_cutoffs
MBS:7380107C,2025,27500000.0,27500000.0,observed,,vnexpress_cutoffs
MBS:7420201,2025,28500000.0,28500000.0,observed,,vnexpress_cutoffs
MBS:7420201C,2025,46500000.0,46500000.0,observed,,vnexpress_cutoffs
MBS:7420203,2026,27500000.0,27500000.0,estimated,school_median,
MBS:7460108,2025,28500000.0,28500000.0,observed,,vnexpress_cutoffs
MBS:7460112,2026,27500000.0,27500000.0,estimated,school_median,
MBS:7480101,2025,28500000.0,28500000.0,observed,,vnexpress_cutoffs
MBS:7480101C,2026,27500000.0,27500000.0,estimated,school_median,
MBS:7480103,2025,28500000.0,28500000.0,observed,,vnexpress_cutoffs
MBS:7480107,2025,28500000.0,28500000.0,observed,,vnexpress_cutoffs
MBS:7480201,2025,28500000.0,28500000.0,observed,,vnexpress_cutoffs
MBS:7480201C,2025,49500000.0,49500000.0,observed,,vnexpress_cutoffs
MBS:7480202,2026,27500000.0,27500000.0,estimated,school_median,
MBS:7510102,2025,28500000.0,28500000.0,observed,,vnexpress_cutoffs
MBS:7510102C,2025,49500000.0,49500000.0,observed,,vnexpress_cutoffs
MBS:7510605,2025,27500000.0,27500000.0,observed,,vnexpress_cutoffs
MBS:7540101,2025,28500000.0,28500000.0,observed,,vnexpress_cutoffs
MBS:7580201,2026,27500000.0,27500000.0,estimated,school_median,
MBS:7580302,2025,28500000.0,28500000.0,observed,,vnexpress_cutoffs
MBS:7760101,2025,24000000.0,24000000.0,observed,,vnexpress_cutoffs
MBS:7810101,2025,27500000.0,27500000.0,observed,,vnexpress_cutoffs
MHN:7220201,2025,22990000.0,22990000.0,observed,,vnexpress_cutoffs
MHN:7220204,2025,22990000.0,22990000.0,observed,,vnexpress_cutoffs
MHN:7340101,2025,21683000.0,21683000.0,observed,,vnexpress_cutoffs
MHN:7340122,2025,21683000.0,21683000.0,observed,,vnexpress_cutoffs
MHN:7340201,2025,21683000.0,21683000.0,observed,,vnexpress_cutoffs
MHN:7340204,2025,21683000.0,21683000.0,observed,,vnexpress_cutoffs
MHN:7340301,2025,21683000.0,21683000.0,observed,,vnexpress_cutoffs
MHN:7380101,2026,22433000.0,22433000.0,estimated,school_median,
MHN:7380107,2026,22433000.0,22433000.0,estimated,school_median,
MHN:7380108,2026,22433000.0,22433000.0,estimated,school_median,
MHN:7420201,2025,22433000.0,22433000.0,observed,,vnexpress_cutoffs
MHN:7480106,2026,22433000.0,22433000.0,estimated,school_median,
MHN:7480201,2025,22433000.0,22433000.0,observed,,vnexpress_cutoffs
MHN:7510302,2025,22433000.0,22433000.0,observed,,vnexpress_cutoffs
MHN:7540101,2025,22433000.0,22433000.0,observed,,vnexpress_cutoffs
MHN:7810103,2025,22990000.0,22990000.0,observed,,vnexpress_cutoffs
MHN:7810201,2025,22990000.0,22990000.0,observed,,vnexpress_cutoffs
NHF:7220202,2025,29250000.0,29250000.0,observed,,vnexpress_cutoffs
NHF:7220203,2025,29250000.0,29250000.0,observed,,vnexpress_cutoffs
NHF:7220205,2025,29250000.0,29250000.0,observed,,vnexpress_cutoffs
NHF:7220206,2025,29250000.0,29250000.0,observed,,vnexpress_cutoffs
NHF:7220207,2025,29250000.0,29250000.0,observed,,vnexpress_cutoffs
NHF:7220208,2025,29250000.0,29250000.0,observed,,vnexpress_cutoffs
NHF:7220208 TT,2025,34197500.0,34197500.0,observed,,vnexpress_cutoffs
NHF:7220209,2025,29250000.0,29250000.0,observed,,vnexpress_cutoffs
NHF:7220210 TT,2026,30810000.0,30810000.0,estimated,school_median,
NHF:7310111,2025,29250000.0,29250000.0,observed,,vnexpress_cutoffs
NHF:7310601,2025,31157500.0,31157500.0,observed,,vnexpress_cutoffs
NHF:7320104,2026,30810000.0,30810000.0,estimated,school_median,
NHF:7320109,2025,32747500.0,32747500.0,observed,,vnexpress_cutoffs
NHF:7340101,2025,31522500.0,31522500.0,observed,,vnexpress_cutoffs
NHF:7340115,2026,30810000.0,30810000.0,estimated,school_median,
NHF:7340201,2025,30810000.0,30810000.0,observed,,vnexpress_cutoffs
NHF:7340205,2025,49260000.0,49260000.0,observed,,vnexpress_cutoffs
NHF:7340301,2025,30810000.0,30810000.0,observed,,vnexpress_cutoffs
NHF:7480201,2025,32362500.0,32362500.0,observed,,vnexpress_cutoffs
NHF:7480201 TT,2025,49525000.0,49525000.0,observed,,vnexpress_cutoffs
NHF:7810103,2025,31395000.0,31395000.0,observed,,vnexpress_cutoffs
NHF:7810103 TT,2025,45457500.0,45457500.0,observed,,vnexpress_cutoffs
NHH:ACT01,2026,45000000.0,45000000.0,observed,,vnexpress_cutoffs
NHH:ACT02,2026,27800000.0,27800000.0,observed,,vnexpress_cutoffs
NHH:ACT03,2026,50000000.0,50000000.0,observed,,vnexpress_cutoffs
NHH:ACT04,2026,27800000.0,27800000.0,observed,,vnexpress_cutoffs
NHH:ACT05,2026,45000000.0,45000000.0,observed,,vnexpress_cutoffs
NHH:ACT06,2026,50000000.0,50000000.0,observed,,vnexpress_cutoffs
NHH:BANK01,2026,45000000.0,45000000.0,observed,,vnexpress_cutoffs
NHH:BANK02,2026,27800000.0,27800000.0,observed,,vnexpress_cutoffs
NHH:BANK03,2026,27800000.0,27800000.0,observed,,vnexpress_cutoffs
NHH:BANK04,2026,50000000.0,50000000.0,observed,,vnexpress_cutoffs
NHH:BANK06,2026,45000000.0,45000000.0,observed,,vnexpress_cutoffs
NHH:BANK07,2026,45000000.0,45000000.0,observed,,vnexpress_cutoffs
NHH:BANK08,2026,50000000.0,50000000.0,observed,,vnexpress_cutoffs
NHH:BUS01,2026,45000000.0,45000000.0,observed,,vnexpress_cutoffs
NHH:BUS02,2026,27800000.0,27800000.0,observed,,vnexpress_cutoffs
NHH:BUS03,2026,27800000.0,27800000.0,observed,,vnexpress_cutoffs
NHH:BUS04,2026,50000000.0,50000000.0,observed,,vnexpress_cutoffs
NHH:BUS06,2026,45000000.0,45000000.0,observed,,vnexpress_cutoffs
NHH:BUS07,2026,27800000.0,27800000.0,observed,,vnexpress_cutoffs
NHH:BUS08,2026,45000000.0,45000000.0,observed,,vnexpress_cutoffs
NHH:BUS09,2026,45000000.0,45000000.0,observed,,vnexpress_cutoffs
NHH:BUS10,2026,50000000.0,50000000.0,observed,,vnexpress_cutoffs
NHH:BUS11,2026,50000000.0,50000000.0,observed,,vnexpress_cutoffs
NHH:DS01,2026,29400000.0,29400000.0,observed,,vnexpress_cutoffs
NHH:ECON01,2026,28350000.0,28350000.0,observed,,vnexpress_cutoffs
NHH:ECON02,2026,45000000.0,45000000.0,observed,,vnexpress_cutoffs
NHH:ECON03,2026,28350000.0,28350000.0,observed,,vnexpress_cutoffs
NHH:FIN01,2026,45000000.0,45000000.0,observed,,vnexpress_cutoffs
NHH:FIN02,2026,27800000.0,27800000.0,observed,,vnexpress_cutoffs
NHH:FIN04,2026,45000000.0,45000000.0,observed,,vnexpress_cutoffs
NHH:FIN05,2026,27800000.0,27800000.0,observed,,vnexpress_cutoffs
NHH:FL01,2026,28350000.0,28350000.0,observed,,vnexpress_cutoffs
NHH:FL02,2026,45000000.0,45000000.0,observed,,vnexpress_cutoffs
NHH:IB01,2026,27800000.0,27800000.0,observed,,vnexpress_cutoffs
NHH:IB02,2026,27800000.0,27800000.0,observed,,vnexpress_cutoffs
NHH:IB04,2026,45000000.0,45000000.0,observed,,vnexpress_cutoffs
NHH:IB05,2026,45000000.0,45000000.0,observed,,vnexpress_cutoffs
NHH:IB06,2026,45000000.0,45000000.0,observed,,vnexpress_cutoffs
NHH:IB07,2026,50000000.0,50000000.0,observed,,vnexpress_cutoffs
NHH:IT01,2026,29400000.0,29400000.0,observed,,vnexpress_cutoffs
NHH:LAW01,2026,27800000.0,27800000.0,observed,,vnexpress_cutoffs
NHH:LAW03,2026,45000000.0,45000000.0,observed,,vnexpress_cutoffs
NHH:LAW04,2026,27800000.0,27800000.0,observed,,vnexpress_cutoffs
NHH:MIS01,2026,27800000.0,27800000.0,observed,,vnexpress_cutoffs
NHH:MIS02,2026,45000000.0,45000000.0,observed,,vnexpress_cutoffs
NHS:7220201,2025,23210000.0,23210000.0,observed,,vnexpress_cutoffs
NHS:7220201DB,2026,23210000.0,23210000.0,estimated,school_median,
NHS:7220204,2026,23210000.0,23210000.0,estimated,school_median,
NHS:7310106,2025,23210000.0,23210000.0,observed,,vnexpress_cutoffs
NHS:7310106TA,2026,23210000.0,23210000.0,estimated,school_median,
NHS:7340101,2025,23210000.0,23210000.0,observed,,vnexpress_cutoffs
NHS:7340101QT,2026,23210000.0,23210000.0,estimated,school_median,
NHS:7340101SB,2026,23210000.0,23210000.0,estimated,school_median,
NHS:7340101TA,2026,23210000.0,23210000.0,estimated,school_median,
NHS:7340115,2025,23210000.0,23210000.0,observed,,vnexpress_cutoffs
NHS:7340120,2025,23210000.0,23210000.0,observed,,vnexpress_cutoffs
NHS:7340120TA,2026,23210000.0,23210000.0,estimated,school_median,
NHS:7340122,2025,23210000.0,23210000.0,observed,,vnexpress_cutoffs
NHS:7340122TA,2026,23210000.0,23210000.0,estimated,school_median,
NHS:7340201,2025,23210000.0,23210000.0,observed,,vnexpress_cutoffs
NHS:7340201EL,2026,23210000.0,23210000.0,estimated,school_median,
NHS:7340201QT,2026,23210000.0,23210000.0,estimated,school_median,
NHS:7340201SB,2026,23210000.0,23210000.0,estimated,school_median,
NHS:7340201TA,2026,23210000.0,23210000.0,estimated,school_median,
NHS:7340204,2026,23210000.0,23210000.0,estimated,school_median,
NHS:7340205,2025,23210000.0,23210000.0,observed,,vnexpress_cutoffs
NHS:7340301,2025,23210000.0,23210000.0,observed,,vnexpress_cutoffs
NHS:7340301TA,2026,23210000.0,23210000.0,estimated,school_median,
NHS:7340302,2025,23210000.0,23210000.0,observed,,vnexpress_cutoffs
NHS:7340405,2025,23210000.0,23210000.0,observed,,vnexpress_cutoffs
NHS:7340405TA,2026,23210000.0,23210000.0,estimated,school_median,
NHS:7380101,2025,23210000.0,23210000.0,observed,,vnexpress_cutoffs
NHS:7380107,2025,23210000.0,23210000.0,observed,,vnexpress_cutoffs
NHS:7380107TA,2026,23210000.0,23210000.0,estimated,school_median,
NHS:7460108,2025,23210000.0,23210000.0,observed,,vnexpress_cutoffs
NHS:7480107,2025,23210000.0,23210000.0,observed,,vnexpress_cutoffs
NHS:7480201,2026,23210000.0,23210000.0,estimated,school_median,
NHS:7510605,2025,23210000.0,23210000.0,observed,,vnexpress_cutoffs
NHS:7810201,2026,23210000.0,23210000.0,estimated,school_median,
NTH:NTHKD05,2026,50000000.0,50000000.0,estimated,school_median,
NTH:NTHKD06,2026,50000000.0,50000000.0,estimated,school_median,
NTH:NTHKD07,2026,50000000.0,50000000.0,estimated,school_median,
NTH:NTHKD08,2026,50000000.0,50000000.0,estimated,school_median,
NTH:NTHKE16,2026,50000000.0,50000000.0,estimated,school_median,
NTH:NTHKT01,2026,50000000.0,50000000.0,estimated,school_median,
NTH:NTHKT02,2026,50000000.0,50000000.0,estimated,school_median,
NTH:NTHKT03,2026,50000000.0,50000000.0,estimated,school_median,
NTH:NTHKT04,2026,50000000.0,50000000.0,estimated,school_median,
NTH:NTHLS17,2026,50000000.0,50000000.0,estimated,school_median,
NTH:NTHQK12,2026,50000000.0,50000000.0,estimated,school_median,
NTH:NTHQT09,2026,50000000.0,50000000.0,estimated,school_median,
NTH:NTHQT10,2026,50000000.0,50000000.0,estimated,school_median,
NTH:NTHTC14,2026,50000000.0,50000000.0,estimated,school_median,
NTH:NTHTC15,2026,50000000.0,50000000.0,estimated,school_median,
NTH:NTHTM11,2026,50000000.0,50000000.0,estimated,school_median,
NTH:NTKDH05,2026,88000000.0,88000000.0,observed,,vnexpress_cutoffs
NTH:NTKDH06,2026,50000000.0,54000000.0,observed,,vnexpress_cutoffs
NTH:NTKDH07,2026,65000000.0,70000000.0,observed,,vnexpress_cutoffs
NTH:NTKDH08,2026,50000000.0,54000000.0,observed,,vnexpress_cutoffs
NTH:NTKEH16,2026,28000000.0,32000000.0,observed,,vnexpress_cutoffs
NTH:NTKTH01,2026,77000000.0,80000000.0,observed,,vnexpress_cutoffs
NTH:NTKTH02,2026,50000000.0,54000000.0,observed,,vnexpress_cutoffs
NTH:NTKTH03,2026,50000000.0,54000000.0,observed,,vnexpress_cutoffs
NTH:NTKTH04,2026,50000000.0,54000000.0,observed,,vnexpress_cutoffs
NTH:NTLSH17,2026,28000000.0,32000000.0,observed,,vnexpress_cutoffs
NTH:NTQKH12,2026,65000000.0,70000000.0,observed,,vnexpress_cutoffs
NTH:NTQTH09,2026,77000000.0,80000000.0,observed,,vnexpress_cutoffs
NTH:NTQTH10,2026,50000000.0,54000000.0,observed,,vnexpress_cutoffs
NTH:NTSKE06,2026,50000000.0,50000000.0,estimated,school_median,
NTH:NTSKT01,2026,50000000.0,50000000.0,estimated,school_median,
NTH:NTSKT02,2026,50000000.0,50000000.0,estimated,school_median,
NTH:NTSMT04,2026,50000000.0,50000000.0,estimated,school_median,
NTH:NTSQT03,2026,50000000.0,50000000.0,estimated,school_median,
NTH:NTSTC05,2026,50000000.0,50000000.0,estimated,school_median,
NTH:NTTCH14,2026,77000000.0,80000000.0,observed,,vnexpress_cutoffs
NTH:NTTCH15,2026,50000000.0,54000000.0,observed,,vnexpress_cutoffs
NTH:NTTMH11,2026,50000000.0,54000000.0,observed,,vnexpress_cutoffs
NTS:NTKES28,2026,28000000.0,32000000.0,observed,,vnexpress_cutoffs
NTS:NTKTS23,2026,50000000.0,54000000.0,observed,,vnexpress_cutoffs
NTS:NTKTS24,2026,50000000.0,54000000.0,observed,,vnexpress_cutoffs
NTS:NTMTS26,2026,65000000.0,70000000.0,observed,,vnexpress_cutoffs
NTS:NTQTS25,2026,50000000.0,54000000.0,observed,,vnexpress_cutoffs
NTS:NTTCS27,2026,50000000.0,54000000.0,observed,,vnexpress_cutoffs
QHE:7310101,2026,48000000.0,48000000.0,observed,,vnexpress_cutoffs
QHE:7310105,2026,48000000.0,48000000.0,observed,,vnexpress_cutoffs
QHE:7310106,2026,48000000.0,48000000.0,observed,,vnexpress_cutoffs
QHE:734010101,2026,48000000.0,48000000.0,observed,,vnexpress_cutoffs
QHE:7340201,2026,48000000.0,48000000.0,observed,,vnexpress_cutoffs
QHE:7340301,2026,48000000.0,48000000.0,observed,,vnexpress_cutoffs
QHF:7140231,2026,38000000.0,38000000.0,estimated,school_median,
QHF:7140234,2026,38000000.0,38000000.0,estimated,school_median,
QHF:7140235,2026,38000000.0,38000000.0,estimated,school_median,
QHF:7140236,2026,38000000.0,38000000.0,estimated,school_median,
QHF:7140237,2026,38000000.0,38000000.0,estimated,school_median,
QHF:7220101,2026,38000000.0,38000000.0,estimated,school_median,
QHF:7220201,2025,38000000.0,38000000.0,observed,,vnexpress_cutoffs
QHF:7220202,2025,21000000.0,21000000.0,observed,,vnexpress_cutoffs
QHF:7220203,2025,38000000.0,38000000.0,observed,,vnexpress_cutoffs
QHF:7220204,2025,38000000.0,38000000.0,observed,,vnexpress_cutoffs
QHF:7220205,2025,38000000.0,38000000.0,observed,,vnexpress_cutoffs
QHF:7220209,2025,38000000.0,38000000.0,observed,,vnexpress_cutoffs
QHF:7220210,2025,38000000.0,38000000.0,observed,,vnexpress_cutoffs
QHF:7220211,2025,21000000.0,21000000.0,observed,,vnexpress_cutoffs
QHF:7310403,2026,38000000.0,38000000.0,estimated,school_median,
QHF:7320107,2026,38000000.0,38000000.0,estimated,school_median,
QHI:CN1,2026,44000000.0,44000000.0,observed,,vnexpress_cutoffs
QHI:CN10,2026,44000000.0,44000000.0,observed,,vnexpress_cutoffs
QHI:CN11,2026,44000000.0,44000000.0,observed,,vnexpress_cutoffs
QHI:CN12,2026,38000000.0,38000000.0,observed,,vnexpress_cutoffs
QHI:CN13,2026,44000000.0,44000000.0,observed,,vnexpress_cutoffs
QHI:CN14,2026,44000000.0,44000000.0,observed,,vnexpress_cutoffs
QHI:CN15,2026,44000000.0,44000000.0,observed,,vnexpress_cutoffs
QHI:CN17,2026,44000000.0,44000000.0,observed,,vnexpress_cutoffs
QHI:CN18,2026,38000000.0,38000000.0,observed,,vnexpress_cutoffs
QHI:CN19,2026,38000000.0,38000000.0,observed,,vnexpress_cutoffs
QHI:CN2,2026,44000000.0,44000000.0,observed,,vnexpress_cutoffs
QHI:CN20,2026,38000000.0,38000000.0,observed,,vnexpress_cutoffs
QHI:CN21,2026,38000000.0,38000000.0,observed,,vnexpress_cutoffs
QHI:CN3,2026,44000000.0,44000000.0,observed,,vnexpress_cutoffs
QHI:CN4,2026,44000000.0,44000000.0,observed,,vnexpress_cutoffs
QHI:CN5,2026,44000000.0,44000000.0,observed,,vnexpress_cutoffs
QHI:CN6,2026,44000000.0,44000000.0,observed,,vnexpress_cutoffs
QHI:CN7,2026,44000000.0,44000000.0,observed,,vnexpress_cutoffs
QHI:CN8,2026,44000000.0,44000000.0,observed,,vnexpress_cutoffs
QHI:CN9,2026,44000000.0,44000000.0,observed,,vnexpress_cutoffs
QHS:QHS01,2025,14100000.0,14100000.0,observed,,vnexpress_cutoffs
QHS:QHS02,2025,14100000.0,14100000.0,observed,,vnexpress_cutoffs
QHS:QHS03,2025,14100000.0,14100000.0,observed,,vnexpress_cutoffs
QHS:QHS04,2025,14100000.0,14100000.0,observed,,vnexpress_cutoffs
QHS:QHS05,2025,14100000.0,14100000.0,observed,,vnexpress_cutoffs
QHS:QHS06,2025,14100000.0,14100000.0,observed,,vnexpress_cutoffs
QHS:QHS07,2025,14100000.0,14100000.0,observed,,vnexpress_cutoffs
QHS:QHS08,2025,14100000.0,14100000.0,observed,,vnexpress_cutoffs
QHS:QHS09,2025,14100000.0,14100000.0,observed,,vnexpress_cutoffs
QHS:QHS10,2025,14100000.0,14100000.0,observed,,vnexpress_cutoffs
QHS:QHS11,2025,14100000.0,14100000.0,observed,,vnexpress_cutoffs
QHS:QHS12,2026,14100000.0,14100000.0,estimated,school_median,
QHT:QHT01,2026,20900000.0,20900000.0,observed,,vnexpress_cutoffs
QHT:QHT02,2026,30000000.0,30000000.0,observed,,vnexpress_cutoffs
QHT:QHT03,2026,30000000.0,30000000.0,observed,,vnexpress_cutoffs
QHT:QHT04,2026,30000000.0,30000000.0,observed,,vnexpress_cutoffs
QHT:QHT05,2026,30000000.0,30000000.0,observed,,vnexpress_cutoffs
QHT:QHT06,2026,40000000.0,40000000.0,observed,,vnexpress_cutoffs
QHT:QHT07,2026,40000000.0,40000000.0,observed,,vnexpress_cutoffs
QHT:QHT08,2026,40000000.0,40000000.0,observed,,vnexpress_cutoffs
QHT:QHT09,2026,40000000.0,40000000.0,observed,,vnexpress_cutoffs
QHT:QHT10,2026,19300000.0,19300000.0,observed,,vnexpress_cutoffs
QHT:QHT12,2026,30000000.0,30000000.0,observed,,vnexpress_cutoffs
QHT:QHT13,2026,30000000.0,30000000.0,observed,,vnexpress_cutoffs
QHT:QHT15,2026,35000000.0,35000000.0,observed,,vnexpress_cutoffs
QHT:QHT16,2026,19300000.0,19300000.0,observed,,vnexpress_cutoffs
QHT:QHT17,2026,19300000.0,19300000.0,observed,,vnexpress_cutoffs
QHT:QHT18,2026,19300000.0,19300000.0,observed,,vnexpress_cutoffs
QHT:QHT20,2026,30000000.0,30000000.0,observed,,vnexpress_cutoffs
QHT:QHT43,2026,40000000.0,40000000.0,observed,,vnexpress_cutoffs
QHT:QHT81,2026,19300000.0,19300000.0,observed,,vnexpress_cutoffs
QHT:QHT82,2026,19100000.0,19100000.0,observed,,vnexpress_cutoffs
QHT:QHT91,2026,19300000.0,19300000.0,observed,,vnexpress_cutoffs
QHT:QHT92,2026,19300000.0,19300000.0,observed,,vnexpress_cutoffs
QHT:QHT93,2026,40000000.0,40000000.0,observed,,vnexpress_cutoffs
QHT:QHT94,2026,40000000.0,40000000.0,observed,,vnexpress_cutoffs
QHT:QHT95,2026,30000000.0,30000000.0,observed,,vnexpress_cutoffs
QHT:QHT96,2026,40000000.0,40000000.0,observed,,vnexpress_cutoffs
QHT:QHT98,2026,40000000.0,40000000.0,observed,,vnexpress_cutoffs
QHT:QHT99,2026,40000000.0,40000000.0,observed,,vnexpress_cutoffs
QHX:QHX01,2025,16900000.0,16900000.0,observed,,vnexpress_cutoffs
QHX:QHX02,2026,29500000.0,29500000.0,observed,,vnexpress_cutoffs
QHX:QHX03,2026,19100000.0,19100000.0,observed,,vnexpress_cutoffs
QHX:QHX04,2026,19100000.0,19100000.0,observed,,vnexpress_cutoffs
QHX:QHX05,2026,29500000.0,29500000.0,observed,,vnexpress_cutoffs
QHX:QHX06,2026,29500000.0,29500000.0,observed,,vnexpress_cutoffs
QHX:QHX07,2026,29500000.0,29500000.0,observed,,vnexpress_cutoffs
QHX:QHX08,2026,35000000.0,35000000.0,observed,,vnexpress_cutoffs
QHX:QHX09,2026,29500000.0,29500000.0,observed,,vnexpress_cutoffs
QHX:QHX10,2026,29500000.0,29500000.0,observed,,vnexpress_cutoffs
QHX:QHX11,2026,29500000.0,29500000.0,observed,,vnexpress_cutoffs
QHX:QHX12,2026,29500000.0,29500000.0,observed,,vnexpress_cutoffs
QHX:QHX13,2026,19100000.0,19100000.0,observed,,vnexpress_cutoffs
QHX:QHX14,2026,35000000.0,35000000.0,observed,,vnexpress_cutoffs
QHX:QHX15,2026,35000000.0,35000000.0,observed,,vnexpress_cutoffs
QHX:QHX16,2026,29500000.0,29500000.0,observed,,vnexpress_cutoffs
QHX:QHX17,2026,35000000.0,35000000.0,observed,,vnexpress_cutoffs
QHX:QHX18,2026,35000000.0,35000000.0,observed,,vnexpress_cutoffs
QHX:QHX19,2026,29500000.0,29500000.0,observed,,vnexpress_cutoffs
QHX:QHX20,2026,35000000.0,35000000.0,observed,,vnexpress_cutoffs
QHX:QHX21,2026,35000000.0,35000000.0,observed,,vnexpress_cutoffs
QHX:QHX22,2026,29500000.0,29500000.0,observed,,vnexpress_cutoffs
QHX:QHX23,2026,19100000.0,19100000.0,observed,,vnexpress_cutoffs
QHX:QHX24,2026,19100000.0,19100000.0,observed,,vnexpress_cutoffs
QHX:QHX25,2026,29500000.0,29500000.0,observed,,vnexpress_cutoffs
QHX:QHX26,2026,29500000.0,29500000.0,observed,,vnexpress_cutoffs
QHX:QHX27,2026,29500000.0,29500000.0,observed,,vnexpress_cutoffs
QHX:QHX28,2026,29500000.0,29500000.0,observed,,vnexpress_cutoffs
QHX:QHX29,2026,29500000.0,29500000.0,observed,,vnexpress_cutoffs
QSC:7320104,2026,41800000.0,41800000.0,observed,,vnexpress_cutoffs
QSC:7340122,2026,41800000.0,41800000.0,observed,,vnexpress_cutoffs
QSC:7460108,2026,41800000.0,41800000.0,observed,,vnexpress_cutoffs
QSC:7460108TA,2026,80000000.0,80000000.0,observed,,vnexpress_cutoffs
QSC:7480101,2026,41800000.0,41800000.0,observed,,vnexpress_cutoffs
QSC:7480101TA,2026,80000000.0,80000000.0,observed,,vnexpress_cutoffs
QSC:7480102,2026,41800000.0,41800000.0,observed,,vnexpress_cutoffs
QSC:7480103,2026,41800000.0,41800000.0,observed,,vnexpress_cutoffs
QSC:7480103TA,2026,80000000.0,80000000.0,observed,,vnexpress_cutoffs
QSC:7480104,2026,41800000.0,41800000.0,observed,,vnexpress_cutoffs
QSC:7480104TT,2026,60000000.0,60000000.0,observed,,vnexpress_cutoffs
QSC:7480106,2026,41800000.0,41800000.0,observed,,vnexpress_cutoffs
QSC:7480107,2026,41800000.0,41800000.0,observed,,vnexpress_cutoffs
QSC:7480201,2026,41800000.0,41800000.0,observed,,vnexpress_cutoffs
QSC:7480201VN,2026,41800000.0,41800000.0,observed,,vnexpress_cutoffs
QSC:7480202,2026,41800000.0,41800000.0,observed,,vnexpress_cutoffs
QSC:7480202TA,2026,80000000.0,80000000.0,observed,,vnexpress_cutoffs
QSC:75202a1,2026,52000000.0,52000000.0,observed,,vnexpress_cutoffs
QSC:75202a1TA,2026,85000000.0,85000000.0,observed,,vnexpress_cutoffs
QST:7140103,2025,31800000.0,31800000.0,observed,,vnexpress_cutoffs
QST:7420101,2025,34200000.0,34200000.0,observed,,vnexpress_cutoffs
QST:7420101KD,2026,33200000.0,33200000.0,estimated,school_median,
QST:7420201,2025,34200000.0,34200000.0,observed,,vnexpress_cutoffs
QST:7420201KD,2026,33200000.0,33200000.0,estimated,school_median,
QST:7440102KD,2026,33200000.0,33200000.0,estimated,school_median,
QST:7440102NN,2026,33200000.0,33200000.0,estimated,school_median,
QST:7440107KD,2026,33200000.0,33200000.0,estimated,school_median,
QST:7440112,2025,34200000.0,34200000.0,observed,,vnexpress_cutoffs
QST:7440112KD,2026,33200000.0,33200000.0,estimated,school_median,
QST:7440122,2025,34200000.0,34200000.0,observed,,vnexpress_cutoffs
QST:7440122KD,2026,33200000.0,33200000.0,estimated,school_median,
QST:74401a1,2026,33200000.0,33200000.0,estimated,school_median,
QST:7440201NN,2026,33200000.0,33200000.0,estimated,school_median,
QST:7440228,2025,28400000.0,28400000.0,observed,,vnexpress_cutoffs
QST:7440228KD,2026,33200000.0,33200000.0,estimated,school_median,
QST:7440301,2025,28400000.0,28400000.0,observed,,vnexpress_cutoffs
QST:7440301KD,2026,33200000.0,33200000.0,estimated,school_median,
QST:7460101NN,2026,33200000.0,33200000.0,estimated,school_median,
QST:7460108KD,2026,33200000.0,33200000.0,estimated,school_median,
QST:7460108NN,2026,33200000.0,33200000.0,estimated,school_median,
QST:7460112KD,2026,33200000.0,33200000.0,estimated,school_median,
QST:7460117KD,2026,33200000.0,33200000.0,estimated,school_median,
QST:7480101TT,2026,33200000.0,33200000.0,estimated,school_median,
QST:7480107,2025,35500000.0,35500000.0,observed,,vnexpress_cutoffs
QST:7480201KD,2026,33200000.0,33200000.0,estimated,school_median,
QST:7480201NN,2026,33200000.0,33200000.0,estimated,school_median,
QST:7510401KD,2026,33200000.0,33200000.0,estimated,school_median,
QST:7510402,2025,35500000.0,35500000.0,observed,,vnexpress_cutoffs
QST:7510402KD,2026,33200000.0,33200000.0,estimated,school_median,
QST:7510406,2025,28400000.0,28400000.0,observed,,vnexpress_cutoffs
QST:7520207,2025,35500000.0,35500000.0,observed,,vnexpress_cutoffs
QST:7520207KD,2026,33200000.0,33200000.0,estimated,school_median,
QST:75202a1,2025,35500000.0,35500000.0,observed,,vnexpress_cutoffs
QST:7520402,2025,28400000.0,28400000.0,observed,,vnexpress_cutoffs
QST:7520403,2025,32200000.0,32200000.0,observed,,vnexpress_cutoffs
QST:7520403KD,2026,33200000.0,33200000.0,estimated,school_median,
QST:7520501,2025,28400000.0,28400000.0,observed,,vnexpress_cutoffs
QST:7850101,2025,28400000.0,28400000.0,observed,,vnexpress_cutoffs
SGD:7140114,2025,23205000.0,23205000.0,observed,,vnexpress_cutoffs
SGD:7140202,2025,18448000.0,18448000.0,observed,,vnexpress_cutoffs
SGD:7140205,2025,18448000.0,18448000.0,observed,,vnexpress_cutoffs
SGD:7140209,2025,18448000.0,18448000.0,observed,,vnexpress_cutoffs
SGD:7140211,2025,18448000.0,18448000.0,observed,,vnexpress_cutoffs
SGD:7140212,2025,18448000.0,18448000.0,observed,,vnexpress_cutoffs
SGD:7140213,2025,18448000.0,18448000.0,observed,,vnexpress_cutoffs
SGD:7140217,2025,18448000.0,18448000.0,observed,,vnexpress_cutoffs
SGD:7140218,2025,18448000.0,18448000.0,observed,,vnexpress_cutoffs
SGD:7140219,2025,18448000.0,18448000.0,observed,,vnexpress_cutoffs
SGD:7140231,2025,18448000.0,18448000.0,observed,,vnexpress_cutoffs
SGD:7140247,2025,18448000.0,18448000.0,observed,,vnexpress_cutoffs
SGD:7140249,2025,18448000.0,18448000.0,observed,,vnexpress_cutoffs
SGD:7220201,2025,32487000.0,32487000.0,observed,,vnexpress_cutoffs
SGD:7220201CLC,2025,38288000.0,38288000.0,observed,,vnexpress_cutoffs
SGD:7229010,2026,30166000.0,30166000.0,estimated,school_median,
SGD:7310401,2025,29006000.0,29006000.0,observed,,vnexpress_cutoffs
SGD:7310501,2026,30166000.0,30166000.0,estimated,school_median,
SGD:7310601,2025,29006000.0,29006000.0,observed,,vnexpress_cutoffs
SGD:7310630,2025,29006000.0,29006000.0,observed,,vnexpress_cutoffs
SGD:7320201,2025,27846000.0,27846000.0,observed,,vnexpress_cutoffs
SGD:7340101,2025,30166000.0,30166000.0,observed,,vnexpress_cutoffs
SGD:7340101CLC,2025,35968000.0,35968000.0,observed,,vnexpress_cutoffs
SGD:7340120,2025,30166000.0,30166000.0,observed,,vnexpress_cutoffs
SGD:7340201,2025,30166000.0,30166000.0,observed,,vnexpress_cutoffs
SGD:7340301,2025,30166000.0,30166000.0,observed,,vnexpress_cutoffs
SGD:7340301CLC,2025,35968000.0,35968000.0,observed,,vnexpress_cutoffs
SGD:7340302,2025,30166000.0,30166000.0,observed,,vnexpress_cutoffs
SGD:7340406,2025,30166000.0,30166000.0,observed,,vnexpress_cutoffs
SGD:7380101,2025,30166000.0,30166000.0,observed,,vnexpress_cutoffs
SGD:7440301,2025,32487000.0,32487000.0,observed,,vnexpress_cutoffs
SGD:7460108,2025,32487000.0,32487000.0,observed,,vnexpress_cutoffs
SGD:7460112,2025,29006000.0,29006000.0,observed,,vnexpress_cutoffs
SGD:7480103,2025,37611000.0,37611000.0,observed,,vnexpress_cutoffs
SGD:7480107,2025,32487000.0,32487000.0,observed,,vnexpress_cutoffs
SGD:7480201,2025,37611000.0,37611000.0,observed,,vnexpress_cutoffs
SGD:7480201CLC,2025,41769000.0,41769000.0,observed,,vnexpress_cutoffs
SGD:7510301,2025,37611000.0,37611000.0,observed,,vnexpress_cutoffs
SGD:7510302,2025,37611000.0,37611000.0,observed,,vnexpress_cutoffs
SGD:7510406,2025,37611000.0,37611000.0,observed,,vnexpress_cutoffs
SGD:7520201,2025,37611000.0,37611000.0,observed,,vnexpress_cutoffs
SGD:7520207,2025,37611000.0,37611000.0,observed,,vnexpress_cutoffs
SGD:7810101,2025,30166000.0,30166000.0,observed,,vnexpress_cutoffs
SGD:7810202,2025,30166000.0,30166000.0,observed,,vnexpress_cutoffs
UEF:7210403,2025,80000000.0,80000000.0,observed,,vnexpress_cutoffs
UEF:7220201,2025,80000000.0,80000000.0,observed,,vnexpress_cutoffs
UEF:7220204,2025,80000000.0,80000000.0,observed,,vnexpress_cutoffs
UEF:7220209,2025,80000000.0,80000000.0,observed,,vnexpress_cutoffs
UEF:7220210,2025,80000000.0,80000000.0,observed,,vnexpress_cutoffs
UEF:7310106,2025,80000000.0,80000000.0,observed,,vnexpress_cutoffs
UEF:7310109,2025,80000000.0,80000000.0,observed,,vnexpress_cutoffs
UEF:7310206,2025,80000000.0,80000000.0,observed,,vnexpress_cutoffs
UEF:7310401,2025,80000000.0,80000000.0,observed,,vnexpress_cutoffs
UEF:7320104,2025,80000000.0,80000000.0,observed,,vnexpress_cutoffs
UEF:7320106,2025,80000000.0,80000000.0,observed,,vnexpress_cutoffs
UEF:7320108,2025,80000000.0,80000000.0,observed,,vnexpress_cutoffs
UEF:7340101,2025,80000000.0,80000000.0,observed,,vnexpress_cutoffs
UEF:7340101E,2025,80000000.0,80000000.0,observed,,vnexpress_cutoffs
UEF:7340114,2025,80000000.0,80000000.0,observed,,vnexpress_cutoffs
UEF:7340115,2025,80000000.0,80000000.0,observed,,vnexpress_cutoffs
UEF:7340115E,2025,80000000.0,80000000.0,observed,,vnexpress_cutoffs
UEF:7340116,2025,80000000.0,80000000.0,observed,,vnexpress_cutoffs
UEF:7340120,2025,80000000.0,80000000.0,observed,,vnexpress_cutoffs
UEF:7340120E,2025,80000000.0,80000000.0,observed,,vnexpress_cutoffs
UEF:7340121,2025,80000000.0,80000000.0,observed,,vnexpress_cutoffs
UEF:7340122,2025,80000000.0,80000000.0,observed,,vnexpress_cutoffs
UEF:7340201,2025,80000000.0,80000000.0,observed,,vnexpress_cutoffs
UEF:7340201E,2025,80000000.0,80000000.0,observed,,vnexpress_cutoffs
UEF:7340205,2025,80000000.0,80000000.0,observed,,vnexpress_cutoffs
UEF:7340206,2025,80000000.0,80000000.0,observed,,vnexpress_cutoffs
UEF:7340301,2025,80000000.0,80000000.0,observed,,vnexpress_cutoffs
UEF:7340302,2025,80000000.0,80000000.0,observed,,vnexpress_cutoffs
UEF:7340404,2025,80000000.0,80000000.0,observed,,vnexpress_cutoffs
UEF:7340412,2025,80000000.0,80000000.0,observed,,vnexpress_cutoffs
UEF:7380101,2025,80000000.0,80000000.0,observed,,vnexpress_cutoffs
UEF:7380107,2025,80000000.0,80000000.0,observed,,vnexpress_cutoffs
UEF:7380108,2025,80000000.0,80000000.0,observed,,vnexpress_cutoffs
UEF:7380109,2025,80000000.0,80000000.0,observed,,vnexpress_cutoffs
UEF:7460108,2025,80000000.0,80000000.0,observed,,vnexpress_cutoffs
UEF:7480103,2025,80000000.0,80000000.0,observed,,vnexpress_cutoffs
UEF:7480201,2025,80000000.0,80000000.0,observed,,vnexpress_cutoffs
UEF:7480208,2026,80000000.0,80000000.0,estimated,school_median,
UEF:7510605,2025,80000000.0,80000000.0,observed,,vnexpress_cutoffs
UEF:7810103,2025,80000000.0,80000000.0,observed,,vnexpress_cutoffs
UEF:7810201,2025,80000000.0,80000000.0,observed,,vnexpress_cutoffs
UEF:7810202,2025,80000000.0,80000000.0,observed,,vnexpress_cutoffs
YDS:7310401,2026,30000000.0,30000000.0,observed,,vnexpress_cutoffs
YDS:7720101,2026,88000000.0,88000000.0,observed,,vnexpress_cutoffs
YDS:7720110,2026,55000000.0,55000000.0,observed,,vnexpress_cutoffs
YDS:7720115,2026,55000000.0,55000000.0,observed,,vnexpress_cutoffs
YDS:7720201,2026,63500000.0,63500000.0,observed,,vnexpress_cutoffs
YDS:7720202,2026,53500000.0,53500000.0,observed,,vnexpress_cutoffs
YDS:7720203,2026,52500000.0,52500000.0,observed,,vnexpress_cutoffs
YDS:7720301,2026,48000000.0,48000000.0,observed,,vnexpress_cutoffs
YDS:7720301_03,2026,48000000.0,48000000.0,observed,,vnexpress_cutoffs
YDS:7720302,2026,48000000.0,48000000.0,observed,,vnexpress_cutoffs
YDS:7720401,2026,48000000.0,48000000.0,observed,,vnexpress_cutoffs
YDS:7720501,2026,90000000.0,90000000.0,observed,,vnexpress_cutoffs
YDS:7720502,2026,50000000.0,50000000.0,observed,,vnexpress_cutoffs
YDS:7720601,2026,48000000.0,48000000.0,observed,,vnexpress_cutoffs
YDS:7720602,2026,48000000.0,48000000.0,observed,,vnexpress_cutoffs
YDS:7720603,2026,48000000.0,48000000.0,observed,,vnexpress_cutoffs
YDS:7720701,2026,46000000.0,46000000.0,observed,,vnexpress_cutoffs
YDS:7760101,2026,30000000.0,30000000.0,observed,,vnexpress_cutoffs
YHB:7310401,2026,19100000.0,19100000.0,observed,,vnexpress_cutoffs
YHB:7720101,2026,70000000.0,70000000.0,observed,,vnexpress_cutoffs
YHB:7720101YHT,2026,70000000.0,70000000.0,observed,,vnexpress_cutoffs
YHB:7720110,2026,35000000.0,35000000.0,observed,,vnexpress_cutoffs
YHB:7720115,2026,70000000.0,70000000.0,observed,,vnexpress_cutoffs
YHB:7720301,2026,53200000.0,53200000.0,observed,,vnexpress_cutoffs
YHB:7720301YHT,2026,53200000.0,53200000.0,observed,,vnexpress_cutoffs
YHB:7720302,2026,53200000.0,53200000.0,observed,,vnexpress_cutoffs
YHB:7720401,2026,26600000.0,26600000.0,observed,,vnexpress_cutoffs
YHB:7720501,2026,80000000.0,80000000.0,observed,,vnexpress_cutoffs
YHB:7720502,2026,53200000.0,53200000.0,observed,,vnexpress_cutoffs
YHB:7720601,2026,53200000.0,53200000.0,observed,,vnexpress_cutoffs
YHB:7720601YHT,2026,53200000.0,53200000.0,observed,,vnexpress_cutoffs
YHB:7720602,2026,53200000.0,53200000.0,observed,,vnexpress_cutoffs
YHB:7720602YHT,2026,53200000.0,53200000.0,observed,,vnexpress_cutoffs
YHB:7720603,2026,53200000.0,53200000.0,observed,,vnexpress_cutoffs
YHB:7720603YHT,2026,53200000.0,53200000.0,observed,,vnexpress_cutoffs
YHB:7720609,2026,53200000.0,53200000.0,observed,,vnexpress_cutoffs
YHB:7720701,2026,26600000.0,26600000.0,observed,,vnexpress_cutoffs
YHB:7760101,2026,19100000.0,19100000.0,observed,,vnexpress_cutoffs
