id,nhom_nganh,tra_loi,dung (y/n),ghi_chu
T1-002-71401,"Khoa học giáo dục (vd: Giáo dục học, Công nghệ giáo dục, Quản lý giáo dục) + Đào tạo giáo viên (vd: Giáo dục Mầm non, Giáo dục Tiểu học, Giáo dục Đặc biệt)","Thích làm việc với: Giúp đỡ, chăm sóc, dạy người khác | Lúc rảnh: Chăm sóc người khác, tình nguyện; Giảng bài cho bạn bè; khác: Thích chơi với trẻ nhỏ. | Muốn làm việc ở: Trường học | Mơ ước: Chắc làm gì đó ở trường học hoặc chăm mấy đứa nhỏ, cũng chưa rõ lắm.",y,"Teacher training fits strongly; education science only via ""something at school"" (thin)"
T1-005-71402,"Đào tạo giáo viên (vd: Giáo dục Mầm non, Giáo dục Tiểu học, Giáo dục Đặc biệt)","Môn thích/học tốt: Ngữ văn, Lịch sử, Địa lý | Thích làm việc với: Giúp đỡ, chăm sóc, dạy người khác | Lúc rảnh: Giảng bài cho bạn bè; Chăm sóc người khác, tình nguyện; Viết lách, đọc sách | Muốn làm việc ở: Trường học",y,
T1-010-72103,"Nghệ thuật nghe nhìn (vd: Công nghệ điện ảnh, truyền hình, Thiết kế âm thanh, ánh sáng)","Môn thích/học tốt: Vật lý, Tin học, Toán | Lúc rảnh: Chụp ảnh, quay và dựng video; Chơi nhạc, hát; Sửa chữa, lắp ráp đồ; khác: Chỉnh loa đài, lắp đèn phòng ngủ. | Muốn làm việc ở: Làm tự do, ở nhà, Ngoài trời, công trường | Mơ ước: Làm chỉnh âm thanh sân khấu hay dựng phim gì đó.",y,
T1-011-72103,"Nghệ thuật nghe nhìn (vd: Công nghệ điện ảnh, truyền hình, Thiết kế âm thanh, ánh sáng)","Môn thích/học tốt: Vật lý, Tin học | Thích làm việc với: Làm với máy móc, dụng cụ, xây dựng, sửa chữa; Sáng tạo: vẽ, viết, thiết kế, âm nhạc",y,Thin: physics/IT + machines + creative; could also point to engineering or applied arts
T1-012-72104,"Mỹ thuật ứng dụng (vd: Thiết kế đồ họa, Thiết kế thời trang, Nghệ thuật số)","Môn thích/học tốt: Ngữ văn, Tin học | Thích làm việc với: Sáng tạo: vẽ, viết, thiết kế, âm nhạc | Lúc rảnh: Vẽ, thiết kế; Chụp ảnh, quay và dựng video; khác: ngoi ve bay ba tren may tinh vs canva | Mơ ước: mun lm j do lien quan toi sang tao ve voi ma so ko du trinh hic",y,
T1-017-72201,"Ngôn ngữ, văn học và văn hóa Việt Nam (vd: Tiếng Việt và văn hóa Việt Nam, Hán Nôm)","Môn thích/học tốt: Ngữ văn, Lịch sử | Mơ ước: Viết lách hoặc tìm hiểu chuyện xưa.",y,Thin: literature/history + writing; history-related groups could fit equally
T2-002-72290,"Khác thuộc lĩnh vực Nhân văn (vd: Triết học, Chủ nghĩa xã hội khoa học, Tôn giáo học)","Môn thích/học tốt: Ngữ văn, Giáo dục kinh tế và pháp luật | Thích làm việc với: Tìm hiểu, nghiên cứu, giải bài toán khó | Lúc rảnh: Viết lách, đọc sách; khác: Suy ngẫm về sự đời. | Muốn làm việc ở: Văn phòng, Trường học | Mơ ước: Nhà nghiên cứu tư tưởng học thuyết.",y,
T2-003-72290,"Khác thuộc lĩnh vực Nhân văn (vd: Triết học, Chủ nghĩa xã hội khoa học, Tôn giáo học)","Môn thích/học tốt: Lịch sử, Giáo dục kinh tế và pháp luật, Ngữ văn | Thích làm việc với: Tìm hiểu, nghiên cứu, giải bài toán khó; Giúp đỡ, chăm sóc, dạy người khác | Lúc rảnh: Viết lách, đọc sách; Tranh biện, thuyết trình; khác: hay tu hoi may cau kieu con nguoi tu dau ra rui sau nay di ve dau á nhung ma nhieu luc thay cug hoi ranh rỗi wa ko pit de lam j | Muốn làm việc ở: Trường học, Làm tự do, ở nhà | Mơ ước: e kug chua ro lam, chac la lam j do lien quan den giang day hoac ngoi nghien cuu may cai sach kinh dien xua cu ak",y,
T2-004-73101,"Kinh tế học (vd: Kinh tế, Kinh tế chính trị, Kinh tế đầu tư) + Địa lý học (vd: Địa lý học) + Tâm lý học (vd: Tâm lý học, Tâm lý học giáo dục)","Thích làm việc với: Thuyết phục, kinh doanh, dẫn dắt nhóm; Giúp đỡ, chăm sóc, dạy người khác | Lúc rảnh: Buôn bán, kinh doanh online; Du lịch, tìm hiểu văn hóa, ngoại ngữ; Chăm sóc người khác, tình nguyện; khác: Tôi thường thích tìm hiểu về bản đồ khí hậu, địa hình các vùng miền và cách con người phân bố dân cư, giao thương ở đó. | Muốn làm việc ở: Văn phòng, Ngoài trời, công trường | Mơ ước: Tôi muốn trở thành chuyên gia phân tích thị trường hoặc chuyên viên tư vấn tâm lý, giúp mọi người giải quyết các vướng mắc trong cuộc sống và công việc kinh doanh.",y,"All three supported: market analyst (economics), maps/climate/population (geography), counseling (psychology)"
T1-027-73102,"Khoa học chính trị (vd: Chính trị học, Xây dựng Đảng và chính quyền nhà nước, Quản lý nhà nước) + Đào tạo giáo viên (vd: Giáo dục Mầm non, Giáo dục Tiểu học, Giáo dục Đặc biệt)","Môn thích/học tốt: Lịch sử, Ngữ văn, Địa lý | Thích làm việc với: Giúp đỡ, chăm sóc, dạy người khác; Sáng tạo: vẽ, viết, thiết kế, âm nhạc | Muốn làm việc ở: Trường học, Văn phòng | Mơ ước: Hôm qua vừa xem phim thấy nghề giáo viên và nhà quản lý nhà nước khá hay ho nên cũng thích.",y,Thin: motivation comes from a movie seen yesterday; subjects and teaching interest are consistent with both groups
T1-031-73103,"Xã hội học và Nhân học (vd: Xã hội học, Nhân học)","Môn thích/học tốt: Lịch sử, Ngữ văn | Thích làm việc với: Giúp đỡ, chăm sóc, dạy người khác; Sáng tạo: vẽ, viết, thiết kế, âm nhạc | Muốn làm việc ở: Văn phòng, Ngoài trời, công trường | Mơ ước: Dạo này em hay xem phim tài liệu rồi tự hỏi không biết tại sao con người lại cư xử với nhau như vậy, chắc sau này em làm cái gì liên quan đến việc tìm hiểu cộng đồng.",y,
T2-008-73103,"Xã hội học và Nhân học (vd: Xã hội học, Nhân học) + Tâm lý học (vd: Tâm lý học, Tâm lý học giáo dục)","Thích làm việc với: Giúp đỡ, chăm sóc, dạy người khác; Làm với máy móc, dụng cụ, xây dựng, sửa chữa | Lúc rảnh: Chăm sóc người khác, tình nguyện; Sửa chữa, lắp ráp đồ; Du lịch, tìm hiểu văn hóa, ngoại ngữ; khác: Em thích đi đây đi đó quan sát cách người ta sinh hoạt ở mấy làng nghề cổ rồi ghi chép lại, xong về nhà lại thích tự tay tháo tung cái quạt máy ra sửa, nhiều lúc thấy mình cứ lủi thủi một mình chẳng giống ai. | Muốn làm việc ở: Ngoài trời, công trường, Làm tự do, ở nhà | Mơ ước: Em ước mơ sau này làm nhà nghiên cứu hành vi con người ở các vùng dân tộc thiểu số, hoặc là mở một xưởng sửa chữa đồ gia dụng cũ kết hợp tư vấn tâm lý miễn phí cho mấy người nghèo khổ ở quê em.",y,Both supported (behavior research in ethnic communities; free counseling); repair interest is noise
T1-035-73104,"Tâm lý học (vd: Tâm lý học, Tâm lý học giáo dục)","Môn thích/học tốt: Ngữ văn, Giáo dục kinh tế và pháp luật | Thích làm việc với: Giúp đỡ, chăm sóc, dạy người khác | Lúc rảnh: Viết lách, đọc sách; Chăm sóc người khác, tình nguyện; Giảng bài cho bạn bè; khác: Hôm qua em mới thức khuya xem phim tâm lý tội phạm xong. | Muốn làm việc ở: Văn phòng, Trường học | Mơ ước: Em chỉ muốn làm cái gì đó giúp người ta gỡ rối tơ lòng thôi ạ.",y,Crime-movie mention is noise; helping/counseling fits
T1-038-73105,Địa lý học (vd: Địa lý học),"Môn thích/học tốt: Địa lý | Thích làm việc với: Tìm hiểu, nghiên cứu, giải bài toán khó | Muốn làm việc ở: Ngoài trời, công trường",y,Thin: only Geography + research + outdoors
T1-039-73106,"Khu vực học (vd: Quốc tế học, Đông phương học, Trung Quốc học)","Môn thích/học tốt: Lịch sử, Địa lý, Tiếng Trung | Thích làm việc với: Sáng tạo: vẽ, viết, thiết kế, âm nhạc; Thuyết phục, kinh doanh, dẫn dắt nhóm | Lúc rảnh: Du lịch, tìm hiểu văn hóa, ngoại ngữ; Viết lách, đọc sách; Tranh biện, thuyết trình; khác: Em thích tìm hiểu văn hóa các nước châu Á dù đôi khi thấy nó phức tạp. | Muốn làm việc ở: Văn phòng | Mơ ước: Em muốn làm ngoại giao nhưng lại sợ phải ra đám đông nói chuyện.",y,"Fear of public speaking is a caveat for diplomacy, not for the group"
T1-043-73201,"Báo chí và truyền thông (vd: Báo chí, Truyền thông đa phương tiện, Truyền thông đại chúng)","Thích làm việc với: Sáng tạo: vẽ, viết, thiết kế, âm nhạc; Làm với máy móc, dụng cụ, xây dựng, sửa chữa | Lúc rảnh: Chụp ảnh, quay và dựng video; Vẽ, thiết kế; Viết code, mày mò máy tính; khác: thich viet lach linh tinh tren mạng | Muốn làm việc ở: Làm tự do, ở nhà, Văn phòng | Mơ ước: muon lam truyen thong hoac lam tiktok creator sang tao video truyen cam hung",y,
T1-048-73203,Văn thư - Lưu trữ - Bảo tàng (vd: Lưu trữ học),"Môn thích/học tốt: Lịch sử, Ngữ văn, Địa lý | Lúc rảnh: Viết lách, đọc sách; Lập kế hoạch, sắp xếp, ghi chép; khác: Sưu tầm và phân loại hiện vật cổ. | Muốn làm việc ở: Văn phòng | Mơ ước: Em mơ ước làm việc tại các trung tâm lưu trữ văn bản quốc gia hoặc viện bảo tàng.",y,
T1-054-73401,"Kinh doanh (vd: Quản trị kinh doanh, Quản trị - Luật, Digital Marketing)","Môn thích/học tốt: Giáo dục kinh tế và pháp luật, Tiếng Anh, Ngữ văn | Thích làm việc với: Thuyết phục, kinh doanh, dẫn dắt nhóm; Sắp xếp, tính toán, làm với số liệu, giấy tờ | Lúc rảnh: Buôn bán, kinh doanh online; Tranh biện, thuyết trình; Lập kế hoạch, sắp xếp, ghi chép; khác: Em hay xem các video về cách thức vận hành của các cửa hàng thời trang và quán cafe. | Muốn làm việc ở: Văn phòng | Mơ ước: Em muốn tự mở một thương hiệu riêng nhưng chưa biết bắt đầu từ đâu.",y,
T1-056-73401,"Kinh doanh (vd: Quản trị kinh doanh, Quản trị - Luật, Digital Marketing)","Môn thích/học tốt: Toán, Giáo dục kinh tế và pháp luật, Tiếng Anh | Thích làm việc với: Thuyết phục, kinh doanh, dẫn dắt nhóm; Sắp xếp, tính toán, làm với số liệu, giấy tờ | Muốn làm việc ở: Văn phòng | Mơ ước: Làm chủ doanh nghiệp hoặc nhà quản lý chiến lược kinh doanh.",y,
T1-060-73403,"Kế toán - Kiểm toán (vd: Kế toán, Kiểm toán)","Môn thích/học tốt: Toán, Giáo dục kinh tế và pháp luật | Thích làm việc với: Sắp xếp, tính toán, làm với số liệu, giấy tờ | Lúc rảnh: Lập kế hoạch, sắp xếp, ghi chép; Viết lách, đọc sách; khác: Em thích đọc sách kinh tế và xem các con số tài chính. | Mơ ước: Em muốn làm việc trong một văn phòng yên tĩnh với các con số.",y,
T1-062-73403,"Kế toán - Kiểm toán (vd: Kế toán, Kiểm toán)","Môn thích/học tốt: Toán, Giáo dục kinh tế và pháp luật, Ngữ văn | Thích làm việc với: Sắp xếp, tính toán, làm với số liệu, giấy tờ | Mơ ước: Chắc sau này em ngồi văn phòng gõ máy tính thôi ạ.",y,
T2-016-73404,"Quản trị - Quản lý (vd: Khoa học quản lý, Quản lý công, Quản trị nhân lực)","Môn thích/học tốt: Toán, Giáo dục kinh tế và pháp luật, Ngữ văn | Muốn làm việc ở: Văn phòng | Mơ ước: mún làm sếp quản lý ng khác nhung nhieu khi chi thik lam viec mot minh thoi",y,Wants to manage but prefers working alone; dream still points to management (thin)
T1-069-74201,Sinh học (vd: Sinh học),"Môn thích/học tốt: Sinh học, Hóa học, Tin học | Thích làm việc với: Tìm hiểu, nghiên cứu, giải bài toán khó; Làm với máy móc, dụng cụ, xây dựng, sửa chữa | Lúc rảnh: Làm thí nghiệm, tìm hiểu khoa học; Trồng cây, nuôi con vật; Viết code, mày mò máy tính; khác: thik nuôi trồng vs hay làm thí nghiệm sinh học | Muốn làm việc ở: Nhà máy, phòng thí nghiệm, Ngoài trời, công trường | Mơ ước: chắc sau này làm j đó nghiên cứu cây cối vi khuẩn",y,
T3-005-74201,Sinh học (vd: Sinh học),"Môn thích/học tốt: Sinh học, Hóa học, Toán | Thích làm việc với: Tìm hiểu, nghiên cứu, giải bài toán khó; Làm với máy móc, dụng cụ, xây dựng, sửa chữa | Muốn làm việc ở: Nhà máy, phòng thí nghiệm, Ngoài trời, công trường | Mơ ước: chac lam trong ptn nghien cuu giong cay trồng hoac te bao gi do ko ro lam",y,
T2-019-74202,"Sinh học ứng dụng (vd: Công nghệ sinh học, Kỹ thuật sinh học, Sinh học ứng dụng)","Môn thích/học tốt: Sinh học, Hóa học, Toán | Thích làm việc với: Làm với máy móc, dụng cụ, xây dựng, sửa chữa; Tìm hiểu, nghiên cứu, giải bài toán khó | Lúc rảnh: Làm thí nghiệm, tìm hiểu khoa học; Viết code, mày mò máy tính; khác: Em thích viết code để phân tích dữ liệu sinh học nhưng lại hay thích ra vườn chăm cây.",y,
T1-077-74401,"Khoa học vật chất (vd: Vật lý học, Công nghệ Vật lý điện tử và tin học, Hóa học)","Môn thích/học tốt: Vật lý, Hóa học, Toán | Thích làm việc với: Tìm hiểu, nghiên cứu, giải bài toán khó; Sắp xếp, tính toán, làm với số liệu, giấy tờ | Lúc rảnh: Làm thí nghiệm, tìm hiểu khoa học; Lập kế hoạch, sắp xếp, ghi chép | Muốn làm việc ở: Nhà máy, phòng thí nghiệm, Trường học",y,
T1-080-74402,"Khoa học trái đất (vd: Địa chất học, Địa lý tự nhiên, Khí tượng và khí hậu học)","Môn thích/học tốt: Địa lý, Toán, Sinh học | Thích làm việc với: Tìm hiểu, nghiên cứu, giải bài toán khó | Lúc rảnh: Du lịch, tìm hiểu văn hóa, ngoại ngữ; Làm thí nghiệm, tìm hiểu khoa học; khác: Em thích đi phượt và tìm hiểu về các lớp đất đá hay thời tiết. | Muốn làm việc ở: Ngoài trời, công trường, Nhà máy, phòng thí nghiệm | Mơ ước: Em muốn làm công việc gì đó liên quan đến việc khảo sát tự nhiên hoặc dự báo thời tiết, nhưng chưa rõ lắm.",y,
T1-081-74403,Khoa học môi trường (vd: Khoa học môi trường),"Thích làm việc với: Tìm hiểu, nghiên cứu, giải bài toán khó; Giúp đỡ, chăm sóc, dạy người khác | Lúc rảnh: Trồng cây, nuôi con vật; Chăm sóc người khác, tình nguyện; khác: Thỉnh thoảng em hay tham gia nhặt rác bảo vệ môi trường nhưng lại thích máy móc hơn. | Muốn làm việc ở: Ngoài trời, công trường, Nhà máy, phòng thí nghiệm | Mơ ước: Em muốn làm việc để bảo vệ thiên nhiên, xử lý rác thải hoặc ô nhiễm nguồn nước.",y,
T1-083-74403,Khoa học môi trường (vd: Khoa học môi trường),"Thích làm việc với: Tìm hiểu, nghiên cứu, giải bài toán khó; Giúp đỡ, chăm sóc, dạy người khác | Lúc rảnh: Trồng cây, nuôi con vật; Du lịch, tìm hiểu văn hóa, ngoại ngữ; khác: Hồi nhỏ em hay đi bắt côn trùng và quan sát dòng nước ở các con sông gần nhà. | Muốn làm việc ở: Ngoài trời, công trường, Văn phòng | Mơ ước: Em chỉ muốn đi đây đi đó để cứu lấy mấy dòng sông đang bị ô nhiễm thôi ạ.",y,
T1-085-74601,"Toán học (vd: Toán học, Khoa học dữ liệu, Toán ứng dụng)","Môn thích/học tốt: Toán, Vật lý | Thích làm việc với: Tìm hiểu, nghiên cứu, giải bài toán khó; Sắp xếp, tính toán, làm với số liệu, giấy tờ | Muốn làm việc ở: Văn phòng | Mơ ước: Em thích nghiên cứu các con số và logic, nhưng đôi khi lại muốn làm phân tích tài chính.",y,
T2-025-74801,"Máy tính (vd: Khoa học máy tính, Mạng máy tính và truyền thông dữ liệu, Kỹ thuật phần mềm)","Thích làm việc với: Tìm hiểu, nghiên cứu, giải bài toán khó; Làm với máy móc, dụng cụ, xây dựng, sửa chữa | Muốn làm việc ở: Văn phòng, Làm tự do, ở nhà | Mơ ước: Em muốn trở thành một lập trình viên máy tính hoặc chuyên viên mạng để bảo mật thông tin, nhưng hiện tại em vẫn còn khá mông lung về năng lực của bản thân.",y,
T2-032-75102,"Công nghệ kỹ thuật cơ khí (vd: Công nghệ kỹ thuật cơ khí, Công nghệ chế tạo máy, Công nghệ kỹ thuật cơ điện tử)","Môn thích/học tốt: Vật lý, Công nghệ công nghiệp, Ngữ văn | Thích làm việc với: Làm với máy móc, dụng cụ, xây dựng, sửa chữa; Sáng tạo: vẽ, viết, thiết kế, âm nhạc | Muốn làm việc ở: Nhà máy, phòng thí nghiệm, Làm tự do, ở nhà | Mơ ước: thich may mo sua xe voi che do linh tinh hoac lam bat cu j cung dc",y,
T3-009-75103,"Công nghệ kỹ thuật điện, điện tử và viễn thông (vd: Công nghệ kỹ thuật điện, điện tử, Công nghệ kỹ thuật điện tử - viễn thông, Công nghệ kỹ thuật điều khiển và tự động hóa)","Môn thích/học tốt: Toán, Vật lý, Tin học | Thích làm việc với: Làm với máy móc, dụng cụ, xây dựng, sửa chữa; Tìm hiểu, nghiên cứu, giải bài toán khó | Muốn làm việc ở: Nhà máy, phòng thí nghiệm, Ngoài trời, công trường | Mơ ước: Thiết kế vi mạch hoặc kỹ sư vận hành hệ thống điện tử.",y,"Chip design leans toward 75202 engineering, but operating electronic systems fits technology"
T1-106-75106,"Quản lý công nghiệp (vd: Quản lý công nghiệp, Quản lý năng lượng, Logistics và Quản lý chuỗi cung ứng)","Môn thích/học tốt: Toán, Giáo dục kinh tế và pháp luật, Tin học | Thích làm việc với: Sắp xếp, tính toán, làm với số liệu, giấy tờ; Thuyết phục, kinh doanh, dẫn dắt nhóm | Lúc rảnh: Lập kế hoạch, sắp xếp, ghi chép; Buôn bán, kinh doanh online | Mơ ước: Em hay phụ gia đình tính toán đường đi giao hàng và quản lý hàng tồn kho, chắc sau này em sẽ hợp với việc vận hành kho bãi hay dòng chảy hàng hóa.",y,
T1-114-75201,"Kỹ thuật cơ khí và cơ kỹ thuật (vd: Cơ kỹ thuật, Kỹ thuật cơ khí, Kỹ thuật Robot)","Môn thích/học tốt: Toán, Vật lý, Tin học | Thích làm việc với: Làm với máy móc, dụng cụ, xây dựng, sửa chữa; Tìm hiểu, nghiên cứu, giải bài toán khó | Muốn làm việc ở: Nhà máy, phòng thí nghiệm, Văn phòng | Mơ ước: chế tạo robot thông minh giúp việc nhà",y,
T1-129-75206,"Kỹ thuật mỏ (vd: Kỹ thuật mỏ, Kỹ thuật dầu khí, Kỹ thuật khí thiên nhiên) + Quản lý xây dựng (vd: Kinh tế xây dựng, Quản lý xây dựng)","Môn thích/học tốt: Toán, Vật lý, Giáo dục kinh tế và pháp luật | Thích làm việc với: Sắp xếp, tính toán, làm với số liệu, giấy tờ; Thuyết phục, kinh doanh, dẫn dắt nhóm | Lúc rảnh: Buôn bán, kinh doanh online; Lập kế hoạch, sắp xếp, ghi chép; khác: Tìm hiểu về các dự án bất động sản và giá dầu mỏ. | Muốn làm việc ở: Văn phòng, Ngoài trời, công trường | Mơ ước: Em ước mơ sau này có thể quản lý điều phối các dự án khai thác tài nguyên hoặc tính toán chi phí xây dựng công trình, dù hiện tại em chưa hình dung rõ công việc cụ thể sẽ ra sao.",n,"Construction management fits (cost estimation, project coordination); mining engineering does not: profile is business/admin (E/C) with no technical or hands-on interest. Quản lý công nghiệp (energy management) or Kinh tế fits better"
T1-133-75401,"Chế biến lương thực, thực phẩm và đồ uống (vd: Công nghệ thực phẩm, Kỹ thuật thực phẩm, Công nghệ chế biến thủy sản)","Môn thích/học tốt: Hóa học, Sinh học | Thích làm việc với: Tìm hiểu, nghiên cứu, giải bài toán khó | Lúc rảnh: Làm thí nghiệm, tìm hiểu khoa học; khác: Thử làm đồ ăn. | Muốn làm việc ở: Nhà máy, phòng thí nghiệm | Mơ ước: Chưa rõ lắm, chắc làm phòng lab kiểm định thực phẩm.",y,
T1-136-75402,"Sản xuất, chế biến sợi, vải, giày, da (vd: Công nghệ vật liệu dệt, may, Công nghệ dệt, may, Công nghệ may) + Khoa học vật chất (vd: Vật lý học, Công nghệ Vật lý điện tử và tin học, Hóa học)","Môn thích/học tốt: Vật lý, Hóa học, Lịch sử | Lúc rảnh: Làm thí nghiệm, tìm hiểu khoa học; Chơi thể thao; khác: May vá linh tinh. | Muốn làm việc ở: Nhà máy, phòng thí nghiệm | Mơ ước: Chưa biết nữa.",y,Thin: sewing hobby supports textiles; physics/chemistry + experiments support physical science; no dream given
T1-138-75490,"Khác thuộc lĩnh vực Sản xuất và chế biến (vd: Công nghệ chế biến lâm sản, Dược liệu và hợp chất thiên nhiên) + Y tế công cộng (vd: Y tế công cộng)","Thích làm việc với: Giúp đỡ, chăm sóc, dạy người khác; Tìm hiểu, nghiên cứu, giải bài toán khó | Lúc rảnh: Trồng cây, nuôi con vật; Chăm sóc người khác, tình nguyện; Viết code, mày mò máy tính; khác: Em thích tìm hiểu các cây thuốc Nam trong rừng rồi chụp ảnh lại viết phần mềm ghi chép. | Mơ ước: Em muốn làm chuyên gia sinh thái rừng chiết xuất dược liệu hoặc làm bên chăm sóc sức khỏe cộng đồng.",y,
T1-141-75801,"Kiến trúc và quy hoạch (vd: Kiến trúc, Quy hoạch vùng và đô thị, Quản lý đô thị và công trình)","Thích làm việc với: Sáng tạo: vẽ, viết, thiết kế, âm nhạc; Làm với máy móc, dụng cụ, xây dựng, sửa chữa | Lúc rảnh: Vẽ, thiết kế | Muốn làm việc ở: Văn phòng, Làm tự do, ở nhà | Mơ ước: Làm thiết kế nhà cửa hay quy hoạch gì đó. Chưa biết nữa.",y,
T1-144-75802,"Xây dựng (vd: Kỹ thuật xây dựng, Kỹ thuật xây dựng công trình thủy, Xây dựng công trình ngầm thành phố và Hệ thống tàu điện ngầm)","Môn thích/học tốt: Toán, Vật lý | Thích làm việc với: Làm với máy móc, dụng cụ, xây dựng, sửa chữa; Tìm hiểu, nghiên cứu, giải bài toán khó | Lúc rảnh: Sửa chữa, lắp ráp đồ; Chơi thể thao | Mơ ước: thich lam ky su xaydung hoac lam tau dien ngam ma k biet ntn",y,
T1-149-75803,"Quản lý xây dựng (vd: Kinh tế xây dựng, Quản lý xây dựng)","Môn thích/học tốt: Toán, Giáo dục kinh tế và pháp luật | Thích làm việc với: Sắp xếp, tính toán, làm với số liệu, giấy tờ; Thuyết phục, kinh doanh, dẫn dắt nhóm | Lúc rảnh: Lập kế hoạch, sắp xếp, ghi chép; Buôn bán, kinh doanh online | Muốn làm việc ở: Văn phòng | Mơ ước: Làm quản lý dự án hoặc tính chi phí công trình.",y,
T1-152-76201,"Nông nghiệp (vd: Chăn nuôi, Nông học, Bảo vệ thực vật)","Môn thích/học tốt: Sinh học, Toán | Lúc rảnh: Trồng cây, nuôi con vật; Du lịch, tìm hiểu văn hóa, ngoại ngữ; khác: thik nuôi heo vs trồng cây ăn trái | Muốn làm việc ở: Ngoài trời, công trường, Làm tự do, ở nhà | Mơ ước: chắc sau này làm rẫy hoặc buôn bán nông sản gì đó thui",y,
T1-154-76202,"Lâm nghiệp (vd: Lâm học, Lâm nghiệp đô thị, Quản lý tài nguyên rừng) + Thủy sản (vd: Nuôi trồng thủy sản)","Môn thích/học tốt: Sinh học, Địa lý | Lúc rảnh: Trồng cây, nuôi con vật; Làm thí nghiệm, tìm hiểu khoa học; khác: Em thích tìm hiểu hệ sinh thái rừng và ao hồ.",y,Thin: forest and pond ecosystems support both groups
T1-155-76202,"Lâm nghiệp (vd: Lâm học, Lâm nghiệp đô thị, Quản lý tài nguyên rừng)","Thích làm việc với: Tìm hiểu, nghiên cứu, giải bài toán khó; Làm với máy móc, dụng cụ, xây dựng, sửa chữa | Lúc rảnh: Trồng cây, nuôi con vật; Du lịch, tìm hiểu văn hóa, ngoại ngữ; khác: Em thích đi trekking và tìm hiểu về các loài cây gỗ quý. | Muốn làm việc ở: Ngoài trời, công trường | Mơ ước: Em muốn trở thành một nhà nghiên cứu lâm học.",y,
T1-157-76203,"Thủy sản (vd: Nuôi trồng thủy sản) + Nông nghiệp (vd: Chăn nuôi, Nông học, Bảo vệ thực vật)","Môn thích/học tốt: Sinh học, Hóa học | Lúc rảnh: Trồng cây, nuôi con vật; Làm thí nghiệm, tìm hiểu khoa học; khác: Em rất thích các mô hình kinh tế kết hợp vườn - ao - chuồng. | Muốn làm việc ở: Ngoài trời, công trường, Nhà máy, phòng thí nghiệm | Mơ ước: Em ước mơ phát triển hệ thống nông nghiệp và nuôi trồng thủy sản công nghệ cao.",y,
T1-158-76203,"Thủy sản (vd: Nuôi trồng thủy sản) + Mỹ thuật ứng dụng (vd: Thiết kế đồ họa, Thiết kế thời trang, Nghệ thuật số)","Thích làm việc với: Sáng tạo: vẽ, viết, thiết kế, âm nhạc; Làm với máy móc, dụng cụ, xây dựng, sửa chữa | Lúc rảnh: Vẽ, thiết kế; Trồng cây, nuôi con vật; khác: vừa thik nuôi cá vừa thik vẽ vời thiết kế linh tinh",y,Thin: fish keeping supports fisheries; drawing/design supports applied arts
T1-161-76401,Thú y (vd: Thú y),"Lúc rảnh: Trồng cây, nuôi con vật; khác: Nuôi chó mèo thui | Muốn làm việc ở: Ngoài trời, công trường, Làm tự do, ở nhà | Mơ ước: mở tiệm thú y nho nhỏ k bít có dc ko",y,
T1-162-77201,"Y học (vd: Y khoa, Y học dự phòng, Y học cổ truyền)","Môn thích/học tốt: Hóa học, Sinh học, Toán | Muốn làm việc ở: Bệnh viện, phòng khám | Mơ ước: Làm bác sĩ cứu người.",y,
T2-049-77201,"Y học (vd: Y khoa, Y học dự phòng, Y học cổ truyền)","Môn thích/học tốt: Toán, Hóa học, Sinh học | Thích làm việc với: Giúp đỡ, chăm sóc, dạy người khác; Tìm hiểu, nghiên cứu, giải bài toán khó | Lúc rảnh: Chăm sóc người khác, tình nguyện; Làm thí nghiệm, tìm hiểu khoa học; khác: Em thường xuyên đọc các tài liệu y học phòng dịch và tìm hiểu về cách hoạt động của hệ miễn dịch cơ thể. | Mơ ước: Trở thành một bác sĩ giỏi để trực tiếp khám chữa bệnh cho người dân hoặc làm công tác y tế dự phòng tại cộng đồng.",y,
T2-053-77203,"Điều dưỡng - hộ sinh (vd: Điều dưỡng, Hộ sinh)","Môn thích/học tốt: Sinh học, Hóa học | Thích làm việc với: Giúp đỡ, chăm sóc, dạy người khác | Lúc rảnh: Chăm sóc người khác, tình nguyện; Giảng bài cho bạn bè; khác: Tình nguyện viện dưỡng lão | Mơ ước: Điều dưỡng viên.",y,
T3-018-77203,"Điều dưỡng - hộ sinh (vd: Điều dưỡng, Hộ sinh) + Lâm nghiệp (vd: Lâm học, Lâm nghiệp đô thị, Quản lý tài nguyên rừng)","Môn thích/học tốt: Sinh học, Ngữ văn, Công nghệ nông nghiệp | Lúc rảnh: Trồng cây, nuôi con vật; Chăm sóc người khác, tình nguyện; Viết lách, đọc sách; khác: Nhà em nuôi nhiều mèo lắm, em hay chăm tụi nó với tưới cây ngoài vườn phụ mẹ. | Muốn làm việc ở: Bệnh viện, phòng khám, Ngoài trời, công trường, Làm tự do, ở nhà | Mơ ước: Em muốn làm bác sĩ thú y hoặc y tá chăm sóc người già, nhưng đôi khi em lại chỉ muốn làm một người gác rừng sống một mình giữa thiên nhiên hoang dã thôi.",y,Elderly care supports nursing; forest ranger supports forestry; vet dream (76401) not covered
T1-173-77204,Dinh dưỡng (vd: Dinh dưỡng),"Môn thích/học tốt: Sinh học, Hóa học, Tiếng Anh | Thích làm việc với: Tìm hiểu, nghiên cứu, giải bài toán khó; Giúp đỡ, chăm sóc, dạy người khác | Lúc rảnh: Làm thí nghiệm, tìm hiểu khoa học; Chăm sóc người khác, tình nguyện; Viết lách, đọc sách; khác: Em thường đọc các tài liệu nước ngoài hướng dẫn cách chọn thực phẩm lành mạnh và lối sống xanh. | Muốn làm việc ở: Bệnh viện, phòng khám, Nhà máy, phòng thí nghiệm | Mơ ước: Em muốn làm chuyên gia nghiên cứu và lên thực đơn khoa học cho các bệnh nhân điều trị đặc biệt.",y,
T1-181-77207,Y tế công cộng (vd: Y tế công cộng),"Thích làm việc với: Giúp đỡ, chăm sóc, dạy người khác; Tìm hiểu, nghiên cứu, giải bài toán khó | Lúc rảnh: Chăm sóc người khác, tình nguyện; Làm thí nghiệm, tìm hiểu khoa học; khác: Tìm hiểu kiến thức về sức khỏe cộng đồng. | Muốn làm việc ở: Bệnh viện, phòng khám, Văn phòng | Mơ ước: Em ước mơ sau này làm công việc chăm sóc và cải thiện sức khỏe cho mọi người trong cộng đồng.",y,
T2-055-77207,Y tế công cộng (vd: Y tế công cộng),"Thích làm việc với: Giúp đỡ, chăm sóc, dạy người khác; Thuyết phục, kinh doanh, dẫn dắt nhóm | Muốn làm việc ở: Bệnh viện, phòng khám, Văn phòng | Mơ ước: muon lam o may trung tam y te du phong hoac di buon ban kkk",y,"""Đi buôn bán kkk"" reads as a joke; preventive health center dream fits"
T1-183-77601,"Công tác xã hội (vd: Công tác xã hội, Hỗ trợ giáo dục người khuyết tật) + Y tế công cộng (vd: Y tế công cộng)","Thích làm việc với: Giúp đỡ, chăm sóc, dạy người khác; Thuyết phục, kinh doanh, dẫn dắt nhóm | Lúc rảnh: Chăm sóc người khác, tình nguyện; Tranh biện, thuyết trình; khác: hoat dong xa hoi | Mơ ước: muon lam cong tac xa hoi tro giup nguoi khuyet tat hoac tu van y te cong dong",y,
T2-056-77601,"Công tác xã hội (vd: Công tác xã hội, Hỗ trợ giáo dục người khuyết tật) + Công nghệ thông tin (vd: Công nghệ thông tin, An toàn thông tin, Kỹ thuật dữ liệu)","Môn thích/học tốt: Tin học, Toán, Giáo dục kinh tế và pháp luật | Thích làm việc với: Giúp đỡ, chăm sóc, dạy người khác; Tìm hiểu, nghiên cứu, giải bài toán khó | Lúc rảnh: Viết code, mày mò máy tính; Chăm sóc người khác, tình nguyện; Du lịch, tìm hiểu văn hóa, ngoại ngữ; khác: Tham gia dự án cộng đồng | Muốn làm việc ở: Văn phòng, Làm tự do, ở nhà | Mơ ước: Em muốn viết phần mềm giúp đỡ những người có hoàn cảnh khó khăn.",y,Both supported: software for disadvantaged people
T1-192-78103,"Thể dục, thể thao (vd: Quản lý thể dục thể thao)","Thích làm việc với: Làm với máy móc, dụng cụ, xây dựng, sửa chữa; Giúp đỡ, chăm sóc, dạy người khác | Lúc rảnh: Chơi thể thao; Du lịch, tìm hiểu văn hóa, ngoại ngữ; khác: hay đá banh và xem mấy giải đấu | Muốn làm việc ở: Ngoài trời, công trường, Làm tự do, ở nhà | Mơ ước: Hôm trước xem tivi thấy người ta tổ chức giải thể thao lớn, em cũng khoái làm mấy việc liên quan đến sân bãi hay huấn luyện viên gì đó, mà ko biết có hợp ko.",y,
T1-205-78502,"Dịch vụ an toàn lao động và vệ sinh công nghiệp (vd: An toàn, Vệ sinh lao động)","Môn thích/học tốt: Vật lý, Hóa học, Giáo dục kinh tế và pháp luật | Thích làm việc với: Làm với máy móc, dụng cụ, xây dựng, sửa chữa; Sắp xếp, tính toán, làm với số liệu, giấy tờ | Lúc rảnh: Sửa chữa, lắp ráp đồ; Lập kế hoạch, sắp xếp, ghi chép; khác: Bố em làm công nhân nhà máy hay kể về mấy vụ vi phạm an toàn lao động nên em cực kỳ quan tâm đến việc rà soát quy trình an toàn và kiểm tra thiết bị bảo hộ.",y,
T2-060-78590,"Khác thuộc lĩnh vực Môi trường và bảo vệ môi trường (vd: Tài nguyên và Du lịch sinh thái, Cảnh quan và kỹ thuật hoa viên) + Ngôn ngữ, văn học và văn hóa nước ngoài (vd: Ngôn ngữ Anh, Ngôn ngữ Nga, Ngôn ngữ Pháp)","Môn thích/học tốt: Tiếng Anh, Địa lý, Sinh học | Thích làm việc với: Giúp đỡ, chăm sóc, dạy người khác; Làm với máy móc, dụng cụ, xây dựng, sửa chữa | Lúc rảnh: Du lịch, tìm hiểu văn hóa, ngoại ngữ; Trồng cây, nuôi con vật; Viết lách, đọc sách; khác: thich di phuot ngam hoa va xem phim tieng anh k can sub :D | Muốn làm việc ở: Ngoài trời, công trường, Làm tự do, ở nhà, Văn phòng | Mơ ước: E muon lam cv j dc di nhieu noi huong dan khach nuoc ngoai hoac thiet ke khu sinh thai, ns chung ko thich ngoi gile 1 cho kkk",y,Both supported: guiding foreign tourists + designing eco areas; English
