combo_code,year,position,subject_code,weight
C03,2026,1,VA,1.0
C03,2026,2,TO,1.0
C03,2026,3,SU,1.0
C00,2026,1,VA,1.0
C00,2026,2,SU,1.0
C00,2026,3,DI,1.0
C01,2026,1,TO,1.0
C01,2026,2,VA,1.0
C01,2026,3,LI,1.0
C04,2026,1,VA,1.0
C04,2026,2,TO,1.0
C04,2026,3,DI,1.0
D01,2026,1,TO,1.0
D01,2026,2,VA,1.0
D01,2026,3,N1,1.0
A00,2026,1,TO,1.0
A00,2026,2,LI,1.0
A00,2026,3,HO,1.0
D14,2026,1,VA,1.0
D14,2026,2,SU,1.0
D14,2026,3,N1,1.0
X01,2026,1,VA,1.0
X01,2026,2,TO,1.0
X01,2026,3,GDKTPL,1.0
C02,2026,1,TO,1.0
C02,2026,2,VA,1.0
C02,2026,3,HO,1.0
A01,2026,1,TO,1.0
A01,2026,2,LI,1.0
A01,2026,3,N1,1.0
A02,2026,1,TO,1.0
A02,2026,2,LI,1.0
A02,2026,3,SI,1.0
D07,2026,1,TO,1.0
D07,2026,2,HO,1.0
D07,2026,3,N1,1.0
D03,2026,1,VA,1.0
D03,2026,2,TO,1.0
D03,2026,3,N3,1.0
B00,2026,1,TO,1.0
B00,2026,2,HO,1.0
B00,2026,3,SI,1.0
D04,2026,1,VA,1.0
D04,2026,2,TO,1.0
D04,2026,3,N4,1.0
D10,2026,1,TO,1.0
D10,2026,2,DI,1.0
D10,2026,3,N1,1.0
B08,2026,1,TO,1.0
B08,2026,2,SI,1.0
B08,2026,3,N1,1.0
D06,2026,1,VA,1.0
D06,2026,2,TO,1.0
D06,2026,3,N6,1.0
D15,2026,1,VA,1.0
D15,2026,2,DI,1.0
D15,2026,3,N1,1.0
D08,2026,1,TO,1.0
D08,2026,2,SI,1.0
D08,2026,3,N1,1.0
X74,2026,1,VA,1.0
X74,2026,2,DI,1.0
X74,2026,3,GDKTPL,1.0
D09,2026,1,TO,1.0
D09,2026,2,SU,1.0
D09,2026,3,N1,1.0
X70,2026,1,VA,1.0
X70,2026,2,SU,1.0
X70,2026,3,GDKTPL,1.0
D02,2026,1,VA,1.0
D02,2026,2,TO,1.0
D02,2026,3,N2,1.0
X78,2026,1,VA,1.0
X78,2026,2,GDKTPL,1.0
X78,2026,3,N1,1.0
D05,2026,1,VA,1.0
D05,2026,2,TO,1.0
D05,2026,3,N5,1.0
D28,2026,1,TO,1.0
D28,2026,2,LI,1.0
D28,2026,3,N6,1.0
D29,2026,1,TO,1.0
D29,2026,2,LI,1.0
D29,2026,3,N3,1.0
X21,2026,1,TO,1.0
X21,2026,2,DI,1.0
X21,2026,3,GDKTPL,1.0
D26,2026,1,TO,1.0
D26,2026,2,LI,1.0
D26,2026,3,N5,1.0
D24,2026,1,TO,1.0
D24,2026,2,HO,1.0
D24,2026,3,N3,1.0
V00,2026,1,TO,1.0
V00,2026,2,LI,1.0
V00,2026,3,NK,1.0
D23,2026,1,TO,1.0
D23,2026,2,HO,1.0
D23,2026,3,N6,1.0
D27,2026,1,TO,1.0
D27,2026,2,LI,1.0
D27,2026,3,N2,1.0
D46,2026,1,VA,1.0
D46,2026,2,HO,1.0
D46,2026,3,N5,1.0
D30,2026,1,TO,1.0
D30,2026,2,LI,1.0
D30,2026,3,N4,1.0
D21,2026,1,TO,1.0
D21,2026,2,HO,1.0
D21,2026,3,N5,1.0
D47,2026,1,VA,1.0
D47,2026,2,HO,1.0
D47,2026,3,N2,1.0
D22,2026,1,TO,1.0
D22,2026,2,HO,1.0
D22,2026,3,N2,1.0
D25,2026,1,TO,1.0
D25,2026,2,HO,1.0
D25,2026,3,N4,1.0
V01,2026,1,TO,1.0
V01,2026,2,VA,1.0
V01,2026,3,NK,1.0
A07,2026,1,TO,1.0
A07,2026,2,SU,1.0
A07,2026,3,DI,1.0
B03,2026,1,TO,1.0
B03,2026,2,VA,1.0
B03,2026,3,SI,1.0
H00,2026,1,VA,1.0
H00,2026,2,NK,1.0
H00,2026,3,NK,1.0
V02,2026,1,TO,1.0
V02,2026,2,N1,1.0
V02,2026,3,NK,1.0
H01,2026,1,TO,1.0
H01,2026,2,VA,1.0
H01,2026,3,NK,1.0
C08,2026,1,VA,1.0
C08,2026,2,HO,1.0
C08,2026,3,SI,1.0
X25,2026,1,TO,1.0
X25,2026,2,N1,1.0
X25,2026,3,GDKTPL,1.0
T00,2026,1,TO,1.0
T00,2026,2,SI,1.0
T00,2026,3,NK,1.0
A04,2026,1,TO,1.0
A04,2026,2,LI,1.0
A04,2026,3,DI,1.0
X13,2026,1,TO,1.0
X13,2026,2,SI,1.0
X13,2026,3,GDKTPL,1.0
T05,2026,1,VA,1.0
T05,2026,2,GDKTPL,1.0
T05,2026,3,NK,1.0
X05,2026,1,TO,1.0
X05,2026,2,LI,1.0
X05,2026,3,GDKTPL,1.0
M01,2026,1,VA,1.0
M01,2026,2,SU,1.0
M01,2026,3,NK,1.0
H06,2026,1,VA,1.0
H06,2026,2,N1,1.0
H06,2026,3,NK,1.0
D11,2026,1,VA,1.0
D11,2026,2,LI,1.0
D11,2026,3,N1,1.0
N00,2026,1,VA,1.0
N00,2026,2,NK,1.0
N00,2026,3,NK,1.0
M00,2026,1,VA,1.0
M00,2026,2,TO,1.0
M00,2026,3,NK,1.0
M00,2026,4,NK,1.0
X26,2026,1,TO,1.0
X26,2026,2,N1,1.0
X26,2026,3,TI,1.0
T02,2026,1,VA,1.0
T02,2026,2,SI,1.0
T02,2026,3,NK,1.0
T01,2026,1,TO,1.0
T01,2026,2,VA,1.0
T01,2026,3,NK,1.0
D13,2026,1,VA,1.0
D13,2026,2,SI,1.0
D13,2026,3,N1,1.0
H02,2026,1,TO,1.0
H02,2026,2,NK,1.0
H02,2026,3,NK,1.0
H04,2026,1,TO,1.0
H04,2026,2,N1,1.0
H04,2026,3,NK,1.0
A05,2026,1,TO,1.0
A05,2026,2,HO,1.0
A05,2026,3,SU,1.0
A06,2026,1,TO,1.0
A06,2026,2,HO,1.0
A06,2026,3,DI,1.0
X17,2026,1,TO,1.0
X17,2026,2,SU,1.0
X17,2026,3,GDKTPL,1.0
T03,2026,1,VA,1.0
T03,2026,2,DI,1.0
T03,2026,3,NK,1.0
B02,2026,1,TO,1.0
B02,2026,2,SI,1.0
B02,2026,3,DI,1.0
X09,2026,1,TO,1.0
X09,2026,2,HO,1.0
X09,2026,3,GDKTPL,1.0
M02,2026,1,TO,1.0
M02,2026,2,NK,1.0
M02,2026,3,NK,1.0
C05,2026,1,VA,1.0
C05,2026,2,LI,1.0
C05,2026,3,HO,1.0
D12,2026,1,VA,1.0
D12,2026,2,HO,1.0
D12,2026,3,N1,1.0
D45,2026,1,VA,1.0
D45,2026,2,DI,1.0
D45,2026,3,N4,1.0
M03,2026,1,VA,1.0
M03,2026,2,NK,1.0
M03,2026,3,NK,1.0
N01,2026,1,VA,1.0
N01,2026,2,NK,1.0
N01,2026,3,NK,1.0
A03,2026,1,TO,1.0
A03,2026,2,LI,1.0
A03,2026,3,SU,1.0
D44,2026,1,VA,1.0
D44,2026,2,DI,1.0
D44,2026,3,N3,1.0
D63,2026,1,VA,1.0
D63,2026,2,SU,1.0
D63,2026,3,N6,1.0
M13,2026,1,TO,1.0
M13,2026,2,SI,1.0
M13,2026,3,NK,1.0
V03,2026,1,NK,1.0
V03,2026,2,TO,1.0
V03,2026,3,HO,1.0
D64,2026,1,VA,1.0
D64,2026,2,SU,1.0
D64,2026,3,N3,1.0
H08,2026,1,VA,1.0
H08,2026,2,SU,1.0
H08,2026,3,NK,1.0
T04,2026,1,TO,1.0
T04,2026,2,LI,1.0
T04,2026,3,NK,1.0
V06,2026,1,TO,1.0
V06,2026,2,DI,1.0
V06,2026,3,NK,1.0
C13,2026,1,VA,1.0
C13,2026,2,SI,1.0
C13,2026,3,DI,1.0
S00,2026,1,VA,1.0
S00,2026,2,NK,1.0
S00,2026,3,NK,1.0
D20,2026,1,TO,1.0
D20,2026,2,DI,1.0
D20,2026,3,N4,1.0
D32,2026,1,TO,1.0
D32,2026,2,SI,1.0
D32,2026,3,N2,1.0
D33,2026,1,TO,1.0
D33,2026,2,SI,1.0
D33,2026,3,N6,1.0
D34,2026,1,TO,1.0
D34,2026,2,SI,1.0
D34,2026,3,N3,1.0
D42,2026,1,VA,1.0
D42,2026,2,DI,1.0
D42,2026,3,N2,1.0
H07,2026,1,TO,1.0
H07,2026,2,NK,1.0
H07,2026,3,NK,1.0
M10,2026,1,TO,1.0
M10,2026,2,N1,1.0
M10,2026,3,NK,1.0
M11,2026,1,VA,1.0
M11,2026,2,NK,1.0
M11,2026,3,N1,1.0
N05,2026,1,VA,1.0
N05,2026,2,NK,1.0
N05,2026,3,NK,1.0
V05,2026,1,VA,1.0
V05,2026,2,LI,1.0
V05,2026,3,NK,1.0
V07,2026,1,TO,1.0
V07,2026,2,N5,1.0
V07,2026,3,NK,1.0
V10,2026,1,TO,1.0
V10,2026,2,N3,1.0
V10,2026,3,NK,1.0
D16,2026,1,TO,1.0
D16,2026,2,DI,1.0
D16,2026,3,N5,1.0
D31,2026,1,TO,1.0
D31,2026,2,SI,1.0
D31,2026,3,N5,1.0
D35,2026,1,TO,1.0
D35,2026,2,SI,1.0
D35,2026,3,N4,1.0
D43,2026,1,VA,1.0
D43,2026,2,DI,1.0
D43,2026,3,N6,1.0
D55,2026,1,VA,1.0
D55,2026,2,LI,1.0
D55,2026,3,N4,1.0
D65,2026,1,VA,1.0
D65,2026,2,SU,1.0
D65,2026,3,N4,1.0
D68,2026,1,VA,1.0
D68,2026,2,GDKTPL,1.0
D68,2026,3,N2,1.0
D70,2026,1,VA,1.0
D70,2026,2,GDKTPL,1.0
D70,2026,3,N3,1.0
D71,2026,1,VA,1.0
D71,2026,2,GDKTPL,1.0
D71,2026,3,N4,1.0
M04,2026,1,TO,1.0
M04,2026,2,NK,1.0
M04,2026,3,NK,1.0
M14,2026,1,VA,1.0
M14,2026,2,NK,1.0
M14,2026,3,TO,1.0
N02,2026,1,VA,1.0
N02,2026,2,NK,1.0
N02,2026,3,NK,1.0
V08,2026,1,TO,1.0
V08,2026,2,N2,1.0
V08,2026,3,NK,1.0
V09,2026,1,TO,1.0
V09,2026,2,N6,1.0
V09,2026,3,NK,1.0
V11,2026,1,TO,1.0
V11,2026,2,N4,1.0
V11,2026,3,NK,1.0
B01,2026,1,TO,1.0
B01,2026,2,SU,1.0
B01,2026,3,SI,1.0
C06,2026,1,VA,1.0
C06,2026,2,LI,1.0
C06,2026,3,SI,1.0
C07,2026,1,VA,1.0
C07,2026,2,SU,1.0
C07,2026,3,LI,1.0
X23,2026,1,TO,1.0
X23,2026,2,DI,1.0
X23,2026,3,CNCN,1.0
C09,2026,1,VA,1.0
C09,2026,2,DI,1.0
C09,2026,3,LI,1.0
X24,2026,1,TO,1.0
X24,2026,2,DI,1.0
X24,2026,3,CNNN,1.0
C10,2026,1,VA,1.0
C10,2026,2,SU,1.0
C10,2026,3,HO,1.0
C11,2026,1,VA,1.0
C11,2026,2,DI,1.0
C11,2026,3,HO,1.0
C12,2026,1,VA,1.0
C12,2026,2,SU,1.0
C12,2026,3,SI,1.0
X58,2026,1,VA,1.0
X58,2026,2,LI,1.0
X58,2026,3,GDKTPL,1.0
D54,2026,1,VA,1.0
D54,2026,2,LI,1.0
D54,2026,3,N3,1.0
D61,2026,1,VA,1.0
D61,2026,2,SU,1.0
D61,2026,3,N5,1.0
D62,2026,1,VA,1.0
D62,2026,2,SU,1.0
D62,2026,3,N2,1.0
X94,2026,1,VA,1.0
X94,2026,2,GDKTPL,1.0
X94,2026,3,N5,1.0
X98,2026,1,VA,1.0
X98,2026,2,GDKTPL,1.0
X98,2026,3,N6,1.0
X41,2026,1,TO,1.0
X41,2026,2,GDKTPL,1.0
X41,2026,3,N5,1.0
X29,2026,1,TO,1.0
X29,2026,2,GDKTPL,1.0
X29,2026,3,N2,1.0
N03,2026,1,VA,1.0
N03,2026,2,N1,1.0
N03,2026,3,NK,1.0
N04,2026,1,VA,1.0
N04,2026,2,NK,1.0
N04,2026,3,NK,1.0
R00,2026,1,VA,1.0
R00,2026,2,SU,1.0
R00,2026,3,NK,1.0
R01,2026,1,VA,1.0
R01,2026,2,DI,1.0
R01,2026,3,NK,1.0
R02,2026,1,VA,1.0
R02,2026,2,TO,1.0
R02,2026,3,NK,1.0
R03,2026,1,VA,1.0
R03,2026,2,N1,1.0
R03,2026,3,NK,1.0
X62,2026,1,VA,1.0
X62,2026,2,HO,1.0
X62,2026,3,GDKTPL,1.0
K00,2026,1,TO,1.0
K00,2026,2,NK,1.0
K00,2026,3,NK,1.0
X02,2026,1,TO,1.0
X02,2026,2,VA,1.0
X02,2026,3,TI,1.0
X06,2026,1,TO,1.0
X06,2026,2,LI,1.0
X06,2026,3,TI,1.0
X08,2026,1,TO,1.0
X08,2026,2,LI,1.0
X08,2026,3,CNNN,1.0
X07,2026,1,TO,1.0
X07,2026,2,LI,1.0
X07,2026,3,CNCN,1.0
X11,2026,1,TO,1.0
X11,2026,2,HO,1.0
X11,2026,3,CNCN,1.0
X28,2026,1,TO,1.0
X28,2026,2,N1,1.0
X28,2026,3,CNNN,1.0
X27,2026,1,TO,1.0
X27,2026,2,N1,1.0
X27,2026,3,CNCN,1.0
X12,2026,1,TO,1.0
X12,2026,2,HO,1.0
X12,2026,3,CNNN,1.0
X15,2026,1,TO,1.0
X15,2026,2,SI,1.0
X15,2026,3,CNCN,1.0
X14,2026,1,TO,1.0
X14,2026,2,SI,1.0
X14,2026,3,TI,1.0
X16,2026,1,TO,1.0
X16,2026,2,SI,1.0
X16,2026,3,CNNN,1.0
D18,2026,1,TO,1.0
D18,2026,2,DI,1.0
D18,2026,3,N6,1.0
D39,2026,1,TO,1.0
D39,2026,2,SU,1.0
D39,2026,3,N3,1.0
X10,2026,1,TO,1.0
X10,2026,2,HO,1.0
X10,2026,3,TI,1.0
X75,2026,1,VA,1.0
X75,2026,2,DI,1.0
X75,2026,3,TI,1.0
X46,2026,1,TO,1.0
X46,2026,2,N6,1.0
X46,2026,3,TI,1.0
X22,2026,1,TO,1.0
X22,2026,2,DI,1.0
X22,2026,3,TI,1.0
D19,2026,1,TO,1.0
D19,2026,2,DI,1.0
D19,2026,3,N3,1.0
D41,2026,1,VA,1.0
D41,2026,2,DI,1.0
D41,2026,3,N5,1.0
D50,2026,1,VA,1.0
D50,2026,2,HO,1.0
D50,2026,3,N4,1.0
X03,2026,1,TO,1.0
X03,2026,2,VA,1.0
X03,2026,3,CNCN,1.0
D73,2026,1,VA,1.0
D73,2026,2,KHTN,1.0
D73,2026,3,N5,1.0
X79,2026,1,VA,1.0
X79,2026,2,N1,1.0
X79,2026,3,TI,1.0
X04,2026,1,TO,1.0
X04,2026,2,VA,1.0
X04,2026,3,CNNN,1.0
X71,2026,1,VA,1.0
X71,2026,2,SU,1.0
X71,2026,3,TI,1.0
D96,2026,1,TO,1.0
D96,2026,2,KHXH,1.0
D96,2026,3,N1,1.0
X53,2026,1,TO,1.0
X53,2026,2,GDKTPL,1.0
X53,2026,3,TI,1.0
D36,2026,1,TO,1.0
D36,2026,2,SU,1.0
D36,2026,3,N5,1.0
D37,2026,1,TO,1.0
D37,2026,2,SU,1.0
D37,2026,3,N2,1.0
D38,2026,1,TO,1.0
D38,2026,2,SU,1.0
D38,2026,3,N6,1.0
D40,2026,1,TO,1.0
D40,2026,2,SU,1.0
D40,2026,3,N4,1.0
M08,2026,1,VA,1.0
M08,2026,2,NK,1.0
M08,2026,3,NK,1.0
X86,2026,1,VA,1.0
X86,2026,2,GDKTPL,1.0
X86,2026,3,N3,1.0
M05,2026,1,VA,1.0
M05,2026,2,KHXH,1.0
M05,2026,3,NK,1.0
X45,2026,1,TO,1.0
X45,2026,2,GDKTPL,1.0
X45,2026,3,N6,1.0
X33,2026,1,TO,1.0
X33,2026,2,GDKTPL,1.0
X33,2026,3,N3,1.0
D48,2026,1,VA,1.0
D48,2026,2,HO,1.0
D48,2026,3,N6,1.0
D49,2026,1,VA,1.0
D49,2026,2,HO,1.0
D49,2026,3,N3,1.0
X36,2026,1,TO,1.0
X36,2026,2,CNNN,1.0
X36,2026,3,N3,1.0
X38,2026,1,TO,1.0
X38,2026,2,TI,1.0
X38,2026,3,N4,1.0
D51,2026,1,VA,1.0
D51,2026,2,LI,1.0
D51,2026,3,N5,1.0
D52,2026,1,VA,1.0
D52,2026,2,LI,1.0
D52,2026,3,N2,1.0
D53,2026,1,VA,1.0
D53,2026,2,LI,1.0
D53,2026,3,N6,1.0
X39,2026,1,TO,1.0
X39,2026,2,CNCN,1.0
X39,2026,3,N4,1.0
D56,2026,1,VA,1.0
D56,2026,2,SI,1.0
D56,2026,3,N5,1.0
X40,2026,1,TO,1.0
X40,2026,2,CNNN,1.0
X40,2026,3,N4,1.0
D57,2026,1,VA,1.0
D57,2026,2,SI,1.0
D57,2026,3,N2,1.0
D58,2026,1,VA,1.0
D58,2026,2,SI,1.0
D58,2026,3,N6,1.0
D59,2026,1,VA,1.0
D59,2026,2,SI,1.0
D59,2026,3,N3,1.0
D60,2026,1,VA,1.0
D60,2026,2,SI,1.0
D60,2026,3,N4,1.0
X30,2026,1,TO,1.0
X30,2026,2,TI,1.0
X30,2026,3,N2,1.0
X31,2026,1,TO,1.0
X31,2026,2,CNCN,1.0
X31,2026,3,N2,1.0
X37,2026,1,TO,1.0
X37,2026,2,GDKTPL,1.0
X37,2026,3,N4,1.0
X42,2026,1,TO,1.0
X42,2026,2,TI,1.0
X42,2026,3,N5,1.0
X32,2026,1,TO,1.0
X32,2026,2,CNNN,1.0
X32,2026,3,N2,1.0
X34,2026,1,TO,1.0
X34,2026,2,TI,1.0
X34,2026,3,N3,1.0
X90,2026,1,VA,1.0
X90,2026,2,GDKTPL,1.0
X90,2026,3,N4,1.0
R04,2026,1,VA,1.0
R04,2026,2,NK,1.0
R04,2026,3,NK,1.0
M07,2026,1,VA,1.0
M07,2026,2,DI,1.0
M07,2026,3,NK,1.0
H09,2026,1,VA,1.0
H09,2026,2,DI,1.0
H09,2026,3,NK,1.0
H10,2026,1,VA,1.0
H10,2026,2,NN,1.0
H10,2026,3,NK,1.0
T10,2026,1,TO,1.0
T10,2026,2,LI,1.0
T10,2026,3,NK,1.0
X35,2026,1,TO,1.0
X35,2026,2,CNCN,1.0
X35,2026,3,N3,1.0
X49,2026,1,TO,1.0
X49,2026,2,GDKTPL,1.0
X49,2026,3,N7,1.0
X50,2026,1,TO,1.0
X50,2026,2,TI,1.0
X50,2026,3,N7,1.0
X83,2026,1,VA,1.0
X83,2026,2,TI,1.0
X83,2026,3,N2,1.0
T06,2026,1,TO,1.0
T06,2026,2,DI,1.0
T06,2026,3,NK,1.0
T07,2026,1,VA,1.0
T07,2026,2,DI,1.0
T07,2026,3,NK,1.0
X82,2026,1,VA,1.0
X82,2026,2,GDKTPL,1.0
X82,2026,3,N2,1.0
T08,2026,1,TO,1.0
T08,2026,2,GDKTPL,1.0
T08,2026,3,NK,1.0
X84,2026,1,VA,1.0
X84,2026,2,CNCN,1.0
X84,2026,3,N2,1.0
X87,2026,1,VA,1.0
X87,2026,2,TI,1.0
X87,2026,3,N3,1.0
T09,2026,1,VA,1.0
T09,2026,2,SU,1.0
T09,2026,3,NK,1.0
M06,2026,1,VA,1.0
M06,2026,2,TO,1.0
M06,2026,3,NK,1.0
X54,2026,1,TO,1.0
X54,2026,2,GDKTPL,1.0
X54,2026,3,CNCN,1.0
X66,2026,1,VA,1.0
X66,2026,2,SI,1.0
X66,2026,3,GDKTPL,1.0
X55,2026,1,TO,1.0
X55,2026,2,GDKTPL,1.0
X55,2026,3,CNNN,1.0
X56,2026,1,TO,1.0
X56,2026,2,TI,1.0
X56,2026,3,CNCN,1.0
X95,2026,1,VA,1.0
X95,2026,2,TI,1.0
X95,2026,3,N5,1.0
X57,2026,1,TO,1.0
X57,2026,2,TI,1.0
X57,2026,3,CNNN,1.0
X19,2026,1,TO,1.0
X19,2026,2,SU,1.0
X19,2026,3,CNCN,1.0
X20,2026,1,TO,1.0
X20,2026,2,SU,1.0
X20,2026,3,CNNN,1.0
X18,2026,1,TO,1.0
X18,2026,2,SU,1.0
X18,2026,3,TI,1.0
X99,2026,1,VA,1.0
X99,2026,2,TI,1.0
X99,2026,3,N6,1.0
X76,2026,1,VA,1.0
X76,2026,2,DI,1.0
X76,2026,3,CNCN,1.0
Y08,2026,1,VA,1.0
Y08,2026,2,GDKTPL,1.0
Y08,2026,3,CNCN,1.0
X77,2026,1,VA,1.0
X77,2026,2,DI,1.0
X77,2026,3,CNNN,1.0
Y09,2026,1,VA,1.0
Y09,2026,2,GDKTPL,1.0
Y09,2026,3,CNNN,1.0
Y07,2026,1,VA,1.0
Y07,2026,2,GDKTPL,1.0
Y07,2026,3,TI,1.0
Y03,2026,1,VA,1.0
Y03,2026,2,GDKTPL,1.0
Y03,2026,3,N7,1.0
X64,2026,1,VA,1.0
X64,2026,2,HO,1.0
X64,2026,3,CNCN,1.0
Y04,2026,1,VA,1.0
Y04,2026,2,TI,1.0
Y04,2026,3,N7,1.0
X65,2026,1,VA,1.0
X65,2026,2,HO,1.0
X65,2026,3,CNNN,1.0
X63,2026,1,VA,1.0
X63,2026,2,HO,1.0
X63,2026,3,TI,1.0
X72,2026,1,VA,1.0
X72,2026,2,SU,1.0
X72,2026,3,CNCN,1.0
X73,2026,1,VA,1.0
X73,2026,2,SU,1.0
X73,2026,3,CNNN,1.0
X68,2026,1,VA,1.0
X68,2026,2,SI,1.0
X68,2026,3,CNCN,1.0
X69,2026,1,VA,1.0
X69,2026,2,SI,1.0
X69,2026,3,CNNN,1.0
X67,2026,1,VA,1.0
X67,2026,2,SI,1.0
X67,2026,3,TI,1.0
X80,2026,1,VA,1.0
X80,2026,2,N1,1.0
X80,2026,3,CNCN,1.0
X81,2026,1,VA,1.0
X81,2026,2,N1,1.0
X81,2026,3,CNNN,1.0
Y10,2026,1,VA,1.0
Y10,2026,2,TI,1.0
Y10,2026,3,CNCN,1.0
Y11,2026,1,VA,1.0
Y11,2026,2,TI,1.0
Y11,2026,3,CNNN,1.0
X60,2026,1,VA,1.0
X60,2026,2,LI,1.0
X60,2026,3,CNCN,1.0
X61,2026,1,VA,1.0
X61,2026,2,LI,1.0
X61,2026,3,CNNN,1.0
X59,2026,1,VA,1.0
X59,2026,2,LI,1.0
X59,2026,3,TI,1.0
