combo,subject_1,subject_2,subject_3
A00,TO,LI,HO
A01,TO,LI,N1
A02,TO,LI,SI
A03,TO,LI,SU
A04,TO,LI,DI
A05,TO,HO,SU
A06,TO,HO,DI
A07,TO,SU,DI
B00,TO,HO,SI
B01,TO,SU,SI
B02,TO,SI,DI
B03,TO,VA,SI
B08,TO,SI,N1
C00,VA,SU,DI
C01,TO,VA,LI
C02,TO,VA,HO
C03,VA,TO,SU
C04,VA,TO,DI
C05,VA,LI,HO
C06,VA,LI,SI
C07,VA,SU,LI
C08,VA,HO,SI
C09,VA,DI,LI
C10,VA,SU,HO
C11,VA,DI,HO
C12,VA,SU,SI
C13,VA,SI,DI
D01,TO,VA,N1
D02,VA,TO,N2
D03,VA,TO,N3
D04,VA,TO,N4
D05,VA,TO,N5
D06,VA,TO,N6
D07,TO,HO,N1
D08,TO,SI,N1
D09,TO,SU,N1
D10,TO,DI,N1
D11,VA,LI,N1
D12,VA,HO,N1
D13,VA,SI,N1
D14,VA,SU,N1
D15,VA,DI,N1
D16,TO,DI,N5
D18,TO,DI,N6
D19,TO,DI,N3
D20,TO,DI,N4
D21,TO,HO,N5
D22,TO,HO,N2
D23,TO,HO,N6
D24,TO,HO,N3
D25,TO,HO,N4
D26,TO,LI,N5
D27,TO,LI,N2
D28,TO,LI,N6
D29,TO,LI,N3
D30,TO,LI,N4
D31,TO,SI,N5
D32,TO,SI,N2
D33,TO,SI,N6
D34,TO,SI,N3
D35,TO,SI,N4
D36,TO,SU,N5
D37,TO,SU,N2
D38,TO,SU,N6
D39,TO,SU,N3
D40,TO,SU,N4
D41,VA,DI,N5
D42,VA,DI,N2
D43,VA,DI,N6
D44,VA,DI,N3
D45,VA,DI,N4
D46,VA,HO,N5
D47,VA,HO,N2
D48,VA,HO,N6
D49,VA,HO,N3
D50,VA,HO,N4
D51,VA,LI,N5
D52,VA,LI,N2
D53,VA,LI,N6
D54,VA,LI,N3
D55,VA,LI,N4
D56,VA,SI,N5
D57,VA,SI,N2
D58,VA,SI,N6
D59,VA,SI,N3
D60,VA,SI,N4
D61,VA,SU,N5
D62,VA,SU,N2
D63,VA,SU,N6
D64,VA,SU,N3
D65,VA,SU,N4
D68,VA,GDKTPL,N2
D70,VA,GDKTPL,N3
D71,VA,GDKTPL,N4
X01,VA,TO,GDKTPL
X02,TO,VA,TI
X03,TO,VA,CNCN
X04,TO,VA,CNNN
X05,TO,LI,GDKTPL
X06,TO,LI,TI
X07,TO,LI,CNCN
X08,TO,LI,CNNN
X09,TO,HO,GDKTPL
X10,TO,HO,TI
X11,TO,HO,CNCN
X12,TO,HO,CNNN
X13,TO,SI,GDKTPL
X14,TO,SI,TI
X15,TO,SI,CNCN
X16,TO,SI,CNNN
X17,TO,SU,GDKTPL
X18,TO,SU,TI
X19,TO,SU,CNCN
X20,TO,SU,CNNN
X21,TO,DI,GDKTPL
X22,TO,DI,TI
X23,TO,DI,CNCN
X24,TO,DI,CNNN
X25,TO,N1,GDKTPL
X26,TO,N1,TI
X27,TO,N1,CNCN
X28,TO,N1,CNNN
X29,TO,GDKTPL,N2
X30,TO,TI,N2
X31,TO,CNCN,N2
X32,TO,CNNN,N2
X33,TO,GDKTPL,N3
X34,TO,TI,N3
X35,TO,CNCN,N3
X36,TO,CNNN,N3
X37,TO,GDKTPL,N4
X38,TO,TI,N4
X39,TO,CNCN,N4
X40,TO,CNNN,N4
X41,TO,GDKTPL,N5
X42,TO,TI,N5
X45,TO,GDKTPL,N6
X46,TO,N6,TI
X49,TO,GDKTPL,N7
X50,TO,TI,N7
X53,TO,GDKTPL,TI
X54,TO,GDKTPL,CNCN
X55,TO,GDKTPL,CNNN
X56,TO,TI,CNCN
X57,TO,TI,CNNN
X58,VA,LI,GDKTPL
X59,VA,LI,TI
X60,VA,LI,CNCN
X61,VA,LI,CNNN
X62,VA,HO,GDKTPL
X63,VA,HO,TI
X64,VA,HO,CNCN
X65,VA,HO,CNNN
X66,VA,SI,GDKTPL
X67,VA,SI,TI
X68,VA,SI,CNCN
X69,VA,SI,CNNN
X70,VA,SU,GDKTPL
X71,VA,SU,TI
X72,VA,SU,CNCN
X73,VA,SU,CNNN
X74,VA,DI,GDKTPL
X75,VA,DI,TI
X76,VA,DI,CNCN
X77,VA,DI,CNNN
X78,VA,GDKTPL,N1
X79,VA,N1,TI
X80,VA,N1,CNCN
X81,VA,N1,CNNN
X82,VA,GDKTPL,N2
X83,VA,TI,N2
X84,VA,CNCN,N2
X86,VA,GDKTPL,N3
X87,VA,TI,N3
X90,VA,GDKTPL,N4
X94,VA,GDKTPL,N5
X95,VA,TI,N5
X98,VA,GDKTPL,N6
X99,VA,TI,N6
Y03,VA,GDKTPL,N7
Y04,VA,TI,N7
Y07,VA,GDKTPL,TI
Y08,VA,GDKTPL,CNCN
Y09,VA,GDKTPL,CNNN
Y10,VA,TI,CNCN
Y11,VA,TI,CNNN
