combo,year,method,n,note,mean,p50,p75,p90
A00,2023,exact,325902.0,per-candidate file in data/inbox,20.75,21.1,22.96,24.4
A00,2024,exact,343800.0,per-candidate file in data/inbox,20.88,21.26,23.4,24.94
A00,2025,exact,162200.0,per-candidate file in data/inbox,19.34,19.23,22.6,25.25
A00,2026,exact,175241.0,per-candidate file in data/inbox,19.38,19.72,22.73,24.74
A01,2023,exact,315146.0,per-candidate file in data/inbox,20.25,20.42,22.69,24.51
A01,2024,exact,329761.0,per-candidate file in data/inbox,20.45,20.71,22.93,24.65
A01,2025,exact,147639.0,per-candidate file in data/inbox,18.85,18.75,21.47,23.72
A01,2026,exact,144300.0,per-candidate file in data/inbox,18.38,18.46,21.46,23.72
A02,2023,exact,322538.0,per-candidate file in data/inbox,20.4,20.68,22.36,23.67
A02,2024,exact,339801.0,per-candidate file in data/inbox,20.49,20.86,22.59,23.87
A02,2025,exact,4795.0,per-candidate file in data/inbox,15.29,15.06,17.22,19.33
A02,2026,exact,3944.0,per-candidate file in data/inbox,15.02,14.6,17.31,19.84
A03,2025,exact,16895.0,per-candidate file in data/inbox,16.05,15.98,18.08,19.98
A03,2026,exact,36333.0,per-candidate file in data/inbox,15.38,15.15,17.48,19.83
A04,2025,exact,5194.0,per-candidate file in data/inbox,17.44,17.45,19.65,21.46
A04,2026,exact,7387.0,per-candidate file in data/inbox,15.84,15.67,18.07,20.23
A05,2025,exact,4633.0,per-candidate file in data/inbox,14.62,14.46,16.59,18.71
A05,2026,exact,6272.0,per-candidate file in data/inbox,15.53,15.34,17.75,20.08
A06,2026,synthesized,,copula on 2026 subject histograms (rho=0.5) + class correction a=2.24 b=0.923; leave-one-out KS on observed combos ~0.162,17.87,17.91,20.68,22.99
A07,2023,exact,668320.0,per-candidate file in data/inbox,17.78,17.89,20.31,22.28
A07,2024,exact,689418.0,per-candidate file in data/inbox,19.6,19.82,22.16,24.04
A07,2025,exact,293053.0,per-candidate file in data/inbox,16.7,16.74,19.82,22.0
A07,2026,exact,265871.0,per-candidate file in data/inbox,15.45,15.24,18.45,20.99
B00,2023,exact,324554.0,per-candidate file in data/inbox,20.58,20.83,22.5,23.9
B00,2024,exact,342291.0,per-candidate file in data/inbox,20.51,20.7,22.67,24.21
B00,2025,exact,44964.0,per-candidate file in data/inbox,18.26,17.99,21.71,24.7
B00,2026,exact,47200.0,per-candidate file in data/inbox,19.67,19.92,22.99,25.24
B01,2025,exact,12345.0,per-candidate file in data/inbox,13.88,13.81,15.81,17.67
B01,2026,exact,11760.0,per-candidate file in data/inbox,14.22,14.03,16.2,18.32
B02,2026,synthesized,,copula on 2026 subject histograms (rho=0.5) + class correction a=2.24 b=0.923; leave-one-out KS on observed combos ~0.162,17.45,17.25,20.22,22.73
B03,2023,exact,320389.0,per-candidate file in data/inbox,20.8,20.95,22.43,23.64
B03,2024,exact,337132.0,per-candidate file in data/inbox,21.13,21.3,22.81,24.03
B03,2025,exact,68591.0,per-candidate file in data/inbox,17.89,17.81,20.41,22.73
B03,2026,exact,66190.0,per-candidate file in data/inbox,18.64,18.72,21.49,23.73
B08,2023,exact,313797.0,per-candidate file in data/inbox,20.04,20.16,22.26,23.89
B08,2024,exact,327845.0,per-candidate file in data/inbox,20.03,20.15,22.18,23.76
B08,2025,exact,4290.0,per-candidate file in data/inbox,15.67,15.45,17.95,20.24
B08,2026,exact,3422.0,per-candidate file in data/inbox,16.92,16.58,19.46,22.05
C00,2023,exact,681723.0,per-candidate file in data/inbox,18.95,18.98,21.24,23.24
C00,2024,exact,704008.0,per-candidate file in data/inbox,20.93,21.2,23.46,25.24
C00,2025,exact,297377.0,per-candidate file in data/inbox,19.7,19.83,22.98,25.24
C00,2026,exact,277165.0,per-candidate file in data/inbox,17.21,17.2,20.24,22.73
C01,2023,exact,320523.0,per-candidate file in data/inbox,20.99,21.25,22.88,24.15
C01,2024,exact,337425.0,per-candidate file in data/inbox,21.52,21.88,23.57,24.79
C01,2025,exact,345014.0,per-candidate file in data/inbox,20.06,20.17,22.46,24.24
C01,2026,exact,378058.0,per-candidate file in data/inbox,19.22,19.46,21.98,23.73
C02,2023,exact,320465.0,per-candidate file in data/inbox,21.15,21.43,22.96,24.15
C02,2024,exact,337293.0,per-candidate file in data/inbox,21.52,21.75,23.51,24.84
C02,2025,exact,237064.0,per-candidate file in data/inbox,19.09,18.98,21.7,23.95
C02,2026,exact,242398.0,per-candidate file in data/inbox,20.03,20.41,22.55,24.21
C03,2023,exact,669692.0,per-candidate file in data/inbox,18.45,18.67,21.22,23.15
C03,2024,exact,691003.0,per-candidate file in data/inbox,19.61,19.9,22.25,24.05
C03,2025,exact,476660.0,per-candidate file in data/inbox,17.26,17.43,19.84,21.74
C03,2026,exact,550940.0,per-candidate file in data/inbox,17.18,17.19,19.97,22.33
C04,2023,exact,668369.0,per-candidate file in data/inbox,18.59,18.82,21.06,22.79
C04,2024,exact,689443.0,per-candidate file in data/inbox,20.25,20.58,22.79,24.45
C04,2025,exact,472025.0,per-candidate file in data/inbox,17.26,17.43,19.96,21.96
C04,2026,exact,431314.0,per-candidate file in data/inbox,15.94,15.95,18.67,20.98
C05,2023,exact,320425.0,per-candidate file in data/inbox,20.27,20.49,22.43,23.73
C05,2024,exact,337202.0,per-candidate file in data/inbox,20.63,20.96,22.97,24.48
C05,2025,exact,160501.0,per-candidate file in data/inbox,20.3,20.31,22.95,24.75
C05,2026,exact,169690.0,per-candidate file in data/inbox,18.81,18.97,21.48,23.24
C06,2023,exact,320362.0,per-candidate file in data/inbox,19.92,20.2,21.74,23.21
C06,2024,exact,337080.0,per-candidate file in data/inbox,20.24,20.47,22.23,23.7
C06,2025,exact,4794.0,per-candidate file in data/inbox,17.58,17.51,19.32,21.06
C06,2026,exact,3925.0,per-candidate file in data/inbox,15.67,15.49,17.47,19.46
C07,2025,exact,16895.0,per-candidate file in data/inbox,18.47,18.5,20.48,22.2
C07,2026,exact,36317.0,per-candidate file in data/inbox,16.32,16.22,18.24,20.21
C08,2023,exact,320384.0,per-candidate file in data/inbox,20.08,20.23,21.98,23.46
C08,2024,exact,337120.0,per-candidate file in data/inbox,20.24,20.46,22.32,23.96
C08,2025,exact,43689.0,per-candidate file in data/inbox,19.61,19.57,22.25,24.46
C08,2026,exact,44584.0,per-candidate file in data/inbox,19.43,19.49,22.0,23.99
C09,2025,exact,5193.0,per-candidate file in data/inbox,19.49,19.58,21.48,23.06
C09,2026,exact,7384.0,per-candidate file in data/inbox,16.37,16.31,18.32,20.08
C10,2025,exact,4633.0,per-candidate file in data/inbox,17.2,17.16,19.23,21.0
C10,2026,exact,6269.0,per-candidate file in data/inbox,16.69,16.59,18.83,20.73
C11,2026,synthesized,,copula on 2026 subject histograms (rho=0.5) + class correction a=2.24 b=0.923; leave-one-out KS on observed combos ~0.162,18.66,18.83,21.14,23.01
C12,2025,exact,12345.0,per-candidate file in data/inbox,16.7,16.74,18.8,20.49
C12,2026,exact,11760.0,per-candidate file in data/inbox,15.72,15.72,17.72,19.56
C13,2026,synthesized,,copula on 2026 subject histograms (rho=0.5) + class correction a=2.24 b=0.923; leave-one-out KS on observed combos ~0.162,18.24,18.19,20.67,22.76
D01,2023,exact,878007.0,per-candidate file in data/inbox,18.88,19.02,21.74,23.86
D01,2024,exact,908866.0,per-candidate file in data/inbox,19.48,19.61,22.17,24.23
D01,2025,exact,356525.0,per-candidate file in data/inbox,18.59,18.5,20.58,22.47
D01,2026,exact,340061.0,per-candidate file in data/inbox,18.99,18.97,21.24,23.22
D02,2023,exact,878007.0,per-candidate file in data/inbox,18.88,19.02,21.74,23.86
D02,2024,exact,908866.0,per-candidate file in data/inbox,19.48,19.61,22.17,24.23
D02,2025,exact,356525.0,per-candidate file in data/inbox,18.59,18.5,20.58,22.47
D02,2026,exact,340061.0,per-candidate file in data/inbox,18.99,18.97,21.24,23.22
D03,2023,exact,878007.0,per-candidate file in data/inbox,18.88,19.02,21.74,23.86
D03,2024,exact,908866.0,per-candidate file in data/inbox,19.48,19.61,22.17,24.23
D03,2025,exact,356525.0,per-candidate file in data/inbox,18.59,18.5,20.58,22.47
D03,2026,exact,340061.0,per-candidate file in data/inbox,18.99,18.97,21.24,23.22
D04,2023,exact,878007.0,per-candidate file in data/inbox,18.88,19.02,21.74,23.86
D04,2024,exact,908866.0,per-candidate file in data/inbox,19.48,19.61,22.17,24.23
D04,2025,exact,356525.0,per-candidate file in data/inbox,18.59,18.5,20.58,22.47
D04,2026,exact,340061.0,per-candidate file in data/inbox,18.99,18.97,21.24,23.22
D05,2023,exact,878007.0,per-candidate file in data/inbox,18.88,19.02,21.74,23.86
D05,2024,exact,908866.0,per-candidate file in data/inbox,19.48,19.61,22.17,24.23
D05,2025,exact,356525.0,per-candidate file in data/inbox,18.59,18.5,20.58,22.47
D05,2026,exact,340061.0,per-candidate file in data/inbox,18.99,18.97,21.24,23.22
D06,2023,exact,878007.0,per-candidate file in data/inbox,18.88,19.02,21.74,23.86
D06,2024,exact,908866.0,per-candidate file in data/inbox,19.48,19.61,22.17,24.23
D06,2025,exact,356525.0,per-candidate file in data/inbox,18.59,18.5,20.58,22.47
D06,2026,exact,340061.0,per-candidate file in data/inbox,18.99,18.97,21.24,23.22
D07,2023,exact,314274.0,per-candidate file in data/inbox,20.4,20.63,22.59,24.16
D07,2024,exact,328435.0,per-candidate file in data/inbox,20.43,20.66,22.64,24.28
D07,2025,exact,24710.0,per-candidate file in data/inbox,17.49,17.32,20.06,22.49
D07,2026,exact,19295.0,per-candidate file in data/inbox,18.75,18.85,21.48,23.5
D08,2023,exact,313797.0,per-candidate file in data/inbox,20.04,20.16,22.26,23.89
D08,2024,exact,327845.0,per-candidate file in data/inbox,20.03,20.15,22.18,23.76
D08,2025,exact,4290.0,per-candidate file in data/inbox,15.67,15.45,17.95,20.24
D08,2026,exact,3422.0,per-candidate file in data/inbox,16.92,16.58,19.46,22.05
D09,2023,exact,561244.0,per-candidate file in data/inbox,17.0,16.9,19.85,22.37
D09,2024,exact,576484.0,per-candidate file in data/inbox,17.85,17.8,20.48,22.92
D09,2025,exact,71871.0,per-candidate file in data/inbox,17.89,17.98,20.06,21.95
D09,2026,exact,88020.0,per-candidate file in data/inbox,18.31,18.24,20.74,22.97
D10,2023,exact,561133.0,per-candidate file in data/inbox,17.09,16.97,19.67,22.05
D10,2024,exact,576369.0,per-candidate file in data/inbox,18.47,18.46,20.99,23.28
D10,2025,exact,55104.0,per-candidate file in data/inbox,18.22,18.23,20.34,22.23
D10,2026,exact,45777.0,per-candidate file in data/inbox,17.64,17.58,19.97,21.99
D11,2023,exact,313247.0,per-candidate file in data/inbox,19.76,19.87,22.07,23.81
D11,2024,exact,327278.0,per-candidate file in data/inbox,20.2,20.38,22.51,24.22
D11,2025,exact,146795.0,per-candidate file in data/inbox,19.99,20.0,21.98,23.71
D11,2026,exact,142241.0,per-candidate file in data/inbox,18.06,17.98,20.48,22.49
D12,2023,exact,313199.0,per-candidate file in data/inbox,19.91,20.06,22.01,23.6
D12,2024,exact,327164.0,per-candidate file in data/inbox,20.18,20.32,22.29,23.93
D12,2025,exact,24623.0,per-candidate file in data/inbox,19.04,18.99,21.22,22.99
D12,2026,exact,19100.0,per-candidate file in data/inbox,18.73,18.73,20.98,22.84
D13,2023,exact,313137.0,per-candidate file in data/inbox,19.56,19.65,21.73,23.38
D13,2024,exact,327046.0,per-candidate file in data/inbox,19.79,19.89,21.88,23.51
D13,2025,exact,4268.0,per-candidate file in data/inbox,17.89,17.81,19.75,21.72
D13,2026,exact,3364.0,per-candidate file in data/inbox,17.47,17.22,19.47,21.74
D14,2023,exact,561458.0,per-candidate file in data/inbox,18.15,17.99,20.8,23.24
D14,2024,exact,576837.0,per-candidate file in data/inbox,19.17,19.1,21.69,24.0
D14,2025,exact,71957.0,per-candidate file in data/inbox,20.48,20.71,22.48,23.98
D14,2026,exact,89112.0,per-candidate file in data/inbox,19.55,19.59,21.72,23.49
D15,2023,exact,561367.0,per-candidate file in data/inbox,18.24,18.08,20.61,22.9
D15,2024,exact,576687.0,per-candidate file in data/inbox,19.79,19.76,22.2,24.34
D15,2025,exact,55129.0,per-candidate file in data/inbox,20.67,20.74,22.7,24.21
D15,2026,exact,46098.0,per-candidate file in data/inbox,18.61,18.5,20.5,22.45
D16,2023,exact,561133.0,per-candidate file in data/inbox,17.09,16.97,19.67,22.05
D16,2024,exact,576369.0,per-candidate file in data/inbox,18.47,18.46,20.99,23.28
D16,2025,exact,55104.0,per-candidate file in data/inbox,18.22,18.23,20.34,22.23
D16,2026,exact,45777.0,per-candidate file in data/inbox,17.64,17.58,19.97,21.99
D18,2023,exact,561133.0,per-candidate file in data/inbox,17.09,16.97,19.67,22.05
D18,2024,exact,576369.0,per-candidate file in data/inbox,18.47,18.46,20.99,23.28
D18,2025,exact,55104.0,per-candidate file in data/inbox,18.22,18.23,20.34,22.23
D18,2026,exact,45777.0,per-candidate file in data/inbox,17.64,17.58,19.97,21.99
D19,2023,exact,561133.0,per-candidate file in data/inbox,17.09,16.97,19.67,22.05
D19,2024,exact,576369.0,per-candidate file in data/inbox,18.47,18.46,20.99,23.28
D19,2025,exact,55104.0,per-candidate file in data/inbox,18.22,18.23,20.34,22.23
D19,2026,exact,45777.0,per-candidate file in data/inbox,17.64,17.58,19.97,21.99
D20,2023,exact,561133.0,per-candidate file in data/inbox,17.09,16.97,19.67,22.05
D20,2024,exact,576369.0,per-candidate file in data/inbox,18.47,18.46,20.99,23.28
D20,2025,exact,55104.0,per-candidate file in data/inbox,18.22,18.23,20.34,22.23
D20,2026,exact,45777.0,per-candidate file in data/inbox,17.64,17.58,19.97,21.99
D21,2023,exact,314274.0,per-candidate file in data/inbox,20.4,20.63,22.59,24.16
D21,2024,exact,328435.0,per-candidate file in data/inbox,20.43,20.66,22.64,24.28
D21,2025,exact,24710.0,per-candidate file in data/inbox,17.49,17.32,20.06,22.49
D21,2026,exact,19295.0,per-candidate file in data/inbox,18.75,18.85,21.48,23.5
D22,2023,exact,314274.0,per-candidate file in data/inbox,20.4,20.63,22.59,24.16
D22,2024,exact,328435.0,per-candidate file in data/inbox,20.43,20.66,22.64,24.28
D22,2025,exact,24710.0,per-candidate file in data/inbox,17.49,17.32,20.06,22.49
D22,2026,exact,19295.0,per-candidate file in data/inbox,18.75,18.85,21.48,23.5
D23,2023,exact,314274.0,per-candidate file in data/inbox,20.4,20.63,22.59,24.16
D23,2024,exact,328435.0,per-candidate file in data/inbox,20.43,20.66,22.64,24.28
D23,2025,exact,24710.0,per-candidate file in data/inbox,17.49,17.32,20.06,22.49
D23,2026,exact,19295.0,per-candidate file in data/inbox,18.75,18.85,21.48,23.5
D24,2023,exact,314274.0,per-candidate file in data/inbox,20.4,20.63,22.59,24.16
D24,2024,exact,328435.0,per-candidate file in data/inbox,20.43,20.66,22.64,24.28
D24,2025,exact,24710.0,per-candidate file in data/inbox,17.49,17.32,20.06,22.49
D24,2026,exact,19295.0,per-candidate file in data/inbox,18.75,18.85,21.48,23.5
D25,2023,exact,314274.0,per-candidate file in data/inbox,20.4,20.63,22.59,24.16
D25,2024,exact,328435.0,per-candidate file in data/inbox,20.43,20.66,22.64,24.28
D25,2025,exact,24710.0,per-candidate file in data/inbox,17.49,17.32,20.06,22.49
D25,2026,exact,19295.0,per-candidate file in data/inbox,18.75,18.85,21.48,23.5
D26,2023,exact,315146.0,per-candidate file in data/inbox,20.25,20.42,22.69,24.51
D26,2024,exact,329761.0,per-candidate file in data/inbox,20.45,20.71,22.93,24.65
D26,2025,exact,147639.0,per-candidate file in data/inbox,18.85,18.75,21.47,23.72
D26,2026,exact,144300.0,per-candidate file in data/inbox,18.38,18.46,21.46,23.72
D27,2023,exact,315146.0,per-candidate file in data/inbox,20.25,20.42,22.69,24.51
D27,2024,exact,329761.0,per-candidate file in data/inbox,20.45,20.71,22.93,24.65
D27,2025,exact,147639.0,per-candidate file in data/inbox,18.85,18.75,21.47,23.72
D27,2026,exact,144300.0,per-candidate file in data/inbox,18.38,18.46,21.46,23.72
D28,2023,exact,315146.0,per-candidate file in data/inbox,20.25,20.42,22.69,24.51
D28,2024,exact,329761.0,per-candidate file in data/inbox,20.45,20.71,22.93,24.65
D28,2025,exact,147639.0,per-candidate file in data/inbox,18.85,18.75,21.47,23.72
D28,2026,exact,144300.0,per-candidate file in data/inbox,18.38,18.46,21.46,23.72
D29,2023,exact,315146.0,per-candidate file in data/inbox,20.25,20.42,22.69,24.51
D29,2024,exact,329761.0,per-candidate file in data/inbox,20.45,20.71,22.93,24.65
D29,2025,exact,147639.0,per-candidate file in data/inbox,18.85,18.75,21.47,23.72
D29,2026,exact,144300.0,per-candidate file in data/inbox,18.38,18.46,21.46,23.72
D30,2023,exact,315146.0,per-candidate file in data/inbox,20.25,20.42,22.69,24.51
D30,2024,exact,329761.0,per-candidate file in data/inbox,20.45,20.71,22.93,24.65
D30,2025,exact,147639.0,per-candidate file in data/inbox,18.85,18.75,21.47,23.72
D30,2026,exact,144300.0,per-candidate file in data/inbox,18.38,18.46,21.46,23.72
D31,2023,exact,313797.0,per-candidate file in data/inbox,20.04,20.16,22.26,23.89
D31,2024,exact,327845.0,per-candidate file in data/inbox,20.03,20.15,22.18,23.76
D31,2025,exact,4290.0,per-candidate file in data/inbox,15.67,15.45,17.95,20.24
D31,2026,exact,3422.0,per-candidate file in data/inbox,16.92,16.58,19.46,22.05
D32,2023,exact,313797.0,per-candidate file in data/inbox,20.04,20.16,22.26,23.89
D32,2024,exact,327845.0,per-candidate file in data/inbox,20.03,20.15,22.18,23.76
D32,2025,exact,4290.0,per-candidate file in data/inbox,15.67,15.45,17.95,20.24
D32,2026,exact,3422.0,per-candidate file in data/inbox,16.92,16.58,19.46,22.05
D33,2023,exact,313797.0,per-candidate file in data/inbox,20.04,20.16,22.26,23.89
D33,2024,exact,327845.0,per-candidate file in data/inbox,20.03,20.15,22.18,23.76
D33,2025,exact,4290.0,per-candidate file in data/inbox,15.67,15.45,17.95,20.24
D33,2026,exact,3422.0,per-candidate file in data/inbox,16.92,16.58,19.46,22.05
D34,2023,exact,313797.0,per-candidate file in data/inbox,20.04,20.16,22.26,23.89
D34,2024,exact,327845.0,per-candidate file in data/inbox,20.03,20.15,22.18,23.76
D34,2025,exact,4290.0,per-candidate file in data/inbox,15.67,15.45,17.95,20.24
D34,2026,exact,3422.0,per-candidate file in data/inbox,16.92,16.58,19.46,22.05
D35,2023,exact,313797.0,per-candidate file in data/inbox,20.04,20.16,22.26,23.89
D35,2024,exact,327845.0,per-candidate file in data/inbox,20.03,20.15,22.18,23.76
D35,2025,exact,4290.0,per-candidate file in data/inbox,15.67,15.45,17.95,20.24
D35,2026,exact,3422.0,per-candidate file in data/inbox,16.92,16.58,19.46,22.05
D36,2023,exact,561244.0,per-candidate file in data/inbox,17.0,16.9,19.85,22.37
D36,2024,exact,576484.0,per-candidate file in data/inbox,17.85,17.8,20.48,22.92
D36,2025,exact,71871.0,per-candidate file in data/inbox,17.89,17.98,20.06,21.95
D36,2026,exact,88020.0,per-candidate file in data/inbox,18.31,18.24,20.74,22.97
D37,2023,exact,561244.0,per-candidate file in data/inbox,17.0,16.9,19.85,22.37
D37,2024,exact,576484.0,per-candidate file in data/inbox,17.85,17.8,20.48,22.92
D37,2025,exact,71871.0,per-candidate file in data/inbox,17.89,17.98,20.06,21.95
D37,2026,exact,88020.0,per-candidate file in data/inbox,18.31,18.24,20.74,22.97
D38,2023,exact,561244.0,per-candidate file in data/inbox,17.0,16.9,19.85,22.37
D38,2024,exact,576484.0,per-candidate file in data/inbox,17.85,17.8,20.48,22.92
D38,2025,exact,71871.0,per-candidate file in data/inbox,17.89,17.98,20.06,21.95
D38,2026,exact,88020.0,per-candidate file in data/inbox,18.31,18.24,20.74,22.97
D39,2023,exact,561244.0,per-candidate file in data/inbox,17.0,16.9,19.85,22.37
D39,2024,exact,576484.0,per-candidate file in data/inbox,17.85,17.8,20.48,22.92
D39,2025,exact,71871.0,per-candidate file in data/inbox,17.89,17.98,20.06,21.95
D39,2026,exact,88020.0,per-candidate file in data/inbox,18.31,18.24,20.74,22.97
D40,2023,exact,561244.0,per-candidate file in data/inbox,17.0,16.9,19.85,22.37
D40,2024,exact,576484.0,per-candidate file in data/inbox,17.85,17.8,20.48,22.92
D40,2025,exact,71871.0,per-candidate file in data/inbox,17.89,17.98,20.06,21.95
D40,2026,exact,88020.0,per-candidate file in data/inbox,18.31,18.24,20.74,22.97
D41,2023,exact,561367.0,per-candidate file in data/inbox,18.24,18.08,20.61,22.9
D41,2024,exact,576687.0,per-candidate file in data/inbox,19.79,19.76,22.2,24.34
D41,2025,exact,55129.0,per-candidate file in data/inbox,20.67,20.74,22.7,24.21
D41,2026,exact,46098.0,per-candidate file in data/inbox,18.61,18.5,20.5,22.45
D42,2023,exact,561367.0,per-candidate file in data/inbox,18.24,18.08,20.61,22.9
D42,2024,exact,576687.0,per-candidate file in data/inbox,19.79,19.76,22.2,24.34
D42,2025,exact,55129.0,per-candidate file in data/inbox,20.67,20.74,22.7,24.21
D42,2026,exact,46098.0,per-candidate file in data/inbox,18.61,18.5,20.5,22.45
D43,2023,exact,561367.0,per-candidate file in data/inbox,18.24,18.08,20.61,22.9
D43,2024,exact,576687.0,per-candidate file in data/inbox,19.79,19.76,22.2,24.34
D43,2025,exact,55129.0,per-candidate file in data/inbox,20.67,20.74,22.7,24.21
D43,2026,exact,46098.0,per-candidate file in data/inbox,18.61,18.5,20.5,22.45
D44,2023,exact,561367.0,per-candidate file in data/inbox,18.24,18.08,20.61,22.9
D44,2024,exact,576687.0,per-candidate file in data/inbox,19.79,19.76,22.2,24.34
D44,2025,exact,55129.0,per-candidate file in data/inbox,20.67,20.74,22.7,24.21
D44,2026,exact,46098.0,per-candidate file in data/inbox,18.61,18.5,20.5,22.45
D45,2023,exact,561367.0,per-candidate file in data/inbox,18.24,18.08,20.61,22.9
D45,2024,exact,576687.0,per-candidate file in data/inbox,19.79,19.76,22.2,24.34
D45,2025,exact,55129.0,per-candidate file in data/inbox,20.67,20.74,22.7,24.21
D45,2026,exact,46098.0,per-candidate file in data/inbox,18.61,18.5,20.5,22.45
D46,2023,exact,313199.0,per-candidate file in data/inbox,19.91,20.06,22.01,23.6
D46,2024,exact,327164.0,per-candidate file in data/inbox,20.18,20.32,22.29,23.93
D46,2025,exact,24623.0,per-candidate file in data/inbox,19.04,18.99,21.22,22.99
D46,2026,exact,19100.0,per-candidate file in data/inbox,18.73,18.73,20.98,22.84
D47,2023,exact,313199.0,per-candidate file in data/inbox,19.91,20.06,22.01,23.6
D47,2024,exact,327164.0,per-candidate file in data/inbox,20.18,20.32,22.29,23.93
D47,2025,exact,24623.0,per-candidate file in data/inbox,19.04,18.99,21.22,22.99
D47,2026,exact,19100.0,per-candidate file in data/inbox,18.73,18.73,20.98,22.84
D48,2023,exact,313199.0,per-candidate file in data/inbox,19.91,20.06,22.01,23.6
D48,2024,exact,327164.0,per-candidate file in data/inbox,20.18,20.32,22.29,23.93
D48,2025,exact,24623.0,per-candidate file in data/inbox,19.04,18.99,21.22,22.99
D48,2026,exact,19100.0,per-candidate file in data/inbox,18.73,18.73,20.98,22.84
D49,2023,exact,313199.0,per-candidate file in data/inbox,19.91,20.06,22.01,23.6
D49,2024,exact,327164.0,per-candidate file in data/inbox,20.18,20.32,22.29,23.93
D49,2025,exact,24623.0,per-candidate file in data/inbox,19.04,18.99,21.22,22.99
D49,2026,exact,19100.0,per-candidate file in data/inbox,18.73,18.73,20.98,22.84
D50,2023,exact,313199.0,per-candidate file in data/inbox,19.91,20.06,22.01,23.6
D50,2024,exact,327164.0,per-candidate file in data/inbox,20.18,20.32,22.29,23.93
D50,2025,exact,24623.0,per-candidate file in data/inbox,19.04,18.99,21.22,22.99
D50,2026,exact,19100.0,per-candidate file in data/inbox,18.73,18.73,20.98,22.84
D51,2023,exact,313247.0,per-candidate file in data/inbox,19.76,19.87,22.07,23.81
D51,2024,exact,327278.0,per-candidate file in data/inbox,20.2,20.38,22.51,24.22
D51,2025,exact,146795.0,per-candidate file in data/inbox,19.99,20.0,21.98,23.71
D51,2026,exact,142241.0,per-candidate file in data/inbox,18.06,17.98,20.48,22.49
D52,2023,exact,313247.0,per-candidate file in data/inbox,19.76,19.87,22.07,23.81
D52,2024,exact,327278.0,per-candidate file in data/inbox,20.2,20.38,22.51,24.22
D52,2025,exact,146795.0,per-candidate file in data/inbox,19.99,20.0,21.98,23.71
D52,2026,exact,142241.0,per-candidate file in data/inbox,18.06,17.98,20.48,22.49
D53,2023,exact,313247.0,per-candidate file in data/inbox,19.76,19.87,22.07,23.81
D53,2024,exact,327278.0,per-candidate file in data/inbox,20.2,20.38,22.51,24.22
D53,2025,exact,146795.0,per-candidate file in data/inbox,19.99,20.0,21.98,23.71
D53,2026,exact,142241.0,per-candidate file in data/inbox,18.06,17.98,20.48,22.49
D54,2023,exact,313247.0,per-candidate file in data/inbox,19.76,19.87,22.07,23.81
D54,2024,exact,327278.0,per-candidate file in data/inbox,20.2,20.38,22.51,24.22
D54,2025,exact,146795.0,per-candidate file in data/inbox,19.99,20.0,21.98,23.71
D54,2026,exact,142241.0,per-candidate file in data/inbox,18.06,17.98,20.48,22.49
D55,2023,exact,313247.0,per-candidate file in data/inbox,19.76,19.87,22.07,23.81
D55,2024,exact,327278.0,per-candidate file in data/inbox,20.2,20.38,22.51,24.22
D55,2025,exact,146795.0,per-candidate file in data/inbox,19.99,20.0,21.98,23.71
D55,2026,exact,142241.0,per-candidate file in data/inbox,18.06,17.98,20.48,22.49
D56,2023,exact,313137.0,per-candidate file in data/inbox,19.56,19.65,21.73,23.38
D56,2024,exact,327046.0,per-candidate file in data/inbox,19.79,19.89,21.88,23.51
D56,2025,exact,4268.0,per-candidate file in data/inbox,17.89,17.81,19.75,21.72
D56,2026,exact,3364.0,per-candidate file in data/inbox,17.47,17.22,19.47,21.74
D57,2023,exact,313137.0,per-candidate file in data/inbox,19.56,19.65,21.73,23.38
D57,2024,exact,327046.0,per-candidate file in data/inbox,19.79,19.89,21.88,23.51
D57,2025,exact,4268.0,per-candidate file in data/inbox,17.89,17.81,19.75,21.72
D57,2026,exact,3364.0,per-candidate file in data/inbox,17.47,17.22,19.47,21.74
D58,2023,exact,313137.0,per-candidate file in data/inbox,19.56,19.65,21.73,23.38
D58,2024,exact,327046.0,per-candidate file in data/inbox,19.79,19.89,21.88,23.51
D58,2025,exact,4268.0,per-candidate file in data/inbox,17.89,17.81,19.75,21.72
D58,2026,exact,3364.0,per-candidate file in data/inbox,17.47,17.22,19.47,21.74
D59,2023,exact,313137.0,per-candidate file in data/inbox,19.56,19.65,21.73,23.38
D59,2024,exact,327046.0,per-candidate file in data/inbox,19.79,19.89,21.88,23.51
D59,2025,exact,4268.0,per-candidate file in data/inbox,17.89,17.81,19.75,21.72
D59,2026,exact,3364.0,per-candidate file in data/inbox,17.47,17.22,19.47,21.74
D60,2023,exact,313137.0,per-candidate file in data/inbox,19.56,19.65,21.73,23.38
D60,2024,exact,327046.0,per-candidate file in data/inbox,19.79,19.89,21.88,23.51
D60,2025,exact,4268.0,per-candidate file in data/inbox,17.89,17.81,19.75,21.72
D60,2026,exact,3364.0,per-candidate file in data/inbox,17.47,17.22,19.47,21.74
D61,2023,exact,561458.0,per-candidate file in data/inbox,18.15,17.99,20.8,23.24
D61,2024,exact,576837.0,per-candidate file in data/inbox,19.17,19.1,21.69,24.0
D61,2025,exact,71957.0,per-candidate file in data/inbox,20.48,20.71,22.48,23.98
D61,2026,exact,89112.0,per-candidate file in data/inbox,19.55,19.59,21.72,23.49
D62,2023,exact,561458.0,per-candidate file in data/inbox,18.15,17.99,20.8,23.24
D62,2024,exact,576837.0,per-candidate file in data/inbox,19.17,19.1,21.69,24.0
D62,2025,exact,71957.0,per-candidate file in data/inbox,20.48,20.71,22.48,23.98
D62,2026,exact,89112.0,per-candidate file in data/inbox,19.55,19.59,21.72,23.49
D63,2023,exact,561458.0,per-candidate file in data/inbox,18.15,17.99,20.8,23.24
D63,2024,exact,576837.0,per-candidate file in data/inbox,19.17,19.1,21.69,24.0
D63,2025,exact,71957.0,per-candidate file in data/inbox,20.48,20.71,22.48,23.98
D63,2026,exact,89112.0,per-candidate file in data/inbox,19.55,19.59,21.72,23.49
D64,2023,exact,561458.0,per-candidate file in data/inbox,18.15,17.99,20.8,23.24
D64,2024,exact,576837.0,per-candidate file in data/inbox,19.17,19.1,21.69,24.0
D64,2025,exact,71957.0,per-candidate file in data/inbox,20.48,20.71,22.48,23.98
D64,2026,exact,89112.0,per-candidate file in data/inbox,19.55,19.59,21.72,23.49
D65,2023,exact,561458.0,per-candidate file in data/inbox,18.15,17.99,20.8,23.24
D65,2024,exact,576837.0,per-candidate file in data/inbox,19.17,19.1,21.69,24.0
D65,2025,exact,71957.0,per-candidate file in data/inbox,20.48,20.71,22.48,23.98
D65,2026,exact,89112.0,per-candidate file in data/inbox,19.55,19.59,21.72,23.49
D68,2025,exact,49222.0,per-candidate file in data/inbox,21.15,21.21,22.74,24.46
D68,2026,exact,34227.0,per-candidate file in data/inbox,18.06,17.97,19.98,21.97
D70,2025,exact,49222.0,per-candidate file in data/inbox,21.15,21.21,22.74,24.46
D70,2026,exact,34227.0,per-candidate file in data/inbox,18.06,17.97,19.98,21.97
D71,2025,exact,49222.0,per-candidate file in data/inbox,21.15,21.21,22.74,24.46
D71,2026,exact,34227.0,per-candidate file in data/inbox,18.06,17.97,19.98,21.97
X01,2025,exact,246298.0,per-candidate file in data/inbox,18.44,18.58,20.47,22.09
X01,2026,exact,280617.0,per-candidate file in data/inbox,15.72,15.71,17.98,20.06
X02,2025,exact,7566.0,per-candidate file in data/inbox,18.09,17.99,20.45,22.71
X02,2026,exact,18072.0,per-candidate file in data/inbox,17.76,17.7,20.46,22.74
X03,2025,exact,2289.0,per-candidate file in data/inbox,15.93,15.82,17.85,19.68
X03,2026,exact,7205.0,per-candidate file in data/inbox,16.6,16.46,18.72,20.98
X04,2025,exact,21928.0,per-candidate file in data/inbox,17.57,17.74,19.43,20.72
X04,2026,exact,31039.0,per-candidate file in data/inbox,16.6,16.72,18.71,20.45
X05,2025,exact,4976.0,per-candidate file in data/inbox,18.29,18.29,19.97,21.48
X05,2026,exact,6395.0,per-candidate file in data/inbox,15.34,15.09,17.33,19.48
X06,2026,exact,6188.0,per-candidate file in data/inbox,18.2,17.96,21.25,24.22
X07,2026,synthesized,,copula on 2026 subject histograms (rho=0.5) + class correction a=2.24 b=0.923; leave-one-out KS on observed combos ~0.162,18.5,18.37,21.36,23.72
X08,2026,synthesized,,copula on 2026 subject histograms (rho=0.5) + class correction a=2.24 b=0.923; leave-one-out KS on observed combos ~0.162,18.94,18.89,21.63,23.92
X09,2026,synthesized,,copula on 2026 subject histograms (rho=0.5) + class correction a=2.24 b=0.923; leave-one-out KS on observed combos ~0.162,17.78,17.86,20.46,22.7
X10,2026,synthesized,,copula on 2026 subject histograms (rho=0.5) + class correction a=2.24 b=0.923; leave-one-out KS on observed combos ~0.162,18.77,18.82,21.6,23.91
X11,2026,synthesized,,copula on 2026 subject histograms (rho=0.5) + class correction a=2.24 b=0.923; leave-one-out KS on observed combos ~0.162,19.17,19.09,21.87,24.19
X12,2026,synthesized,,copula on 2026 subject histograms (rho=0.5) + class correction a=2.24 b=0.923; leave-one-out KS on observed combos ~0.162,19.61,19.75,22.3,24.37
X13,2026,synthesized,,copula on 2026 subject histograms (rho=0.5) + class correction a=2.24 b=0.923; leave-one-out KS on observed combos ~0.162,17.35,17.23,19.98,22.31
X14,2026,synthesized,,copula on 2026 subject histograms (rho=0.5) + class correction a=2.24 b=0.923; leave-one-out KS on observed combos ~0.162,18.35,18.19,21.12,23.49
X15,2026,synthesized,,copula on 2026 subject histograms (rho=0.5) + class correction a=2.24 b=0.923; leave-one-out KS on observed combos ~0.162,18.75,18.6,21.39,23.92
X16,2026,synthesized,,copula on 2026 subject histograms (rho=0.5) + class correction a=2.24 b=0.923; leave-one-out KS on observed combos ~0.162,19.19,19.09,21.82,24.1
X17,2025,exact,68313.0,per-candidate file in data/inbox,17.26,17.44,19.47,21.18
X17,2026,exact,119506.0,per-candidate file in data/inbox,14.94,14.81,17.24,19.45
X18,2026,exact,5171.0,per-candidate file in data/inbox,14.89,14.7,16.91,18.97
X19,2026,exact,3742.0,per-candidate file in data/inbox,15.33,15.08,17.23,19.46
X20,2025,exact,5410.0,per-candidate file in data/inbox,16.64,16.75,18.75,20.34
X20,2026,exact,10538.0,per-candidate file in data/inbox,16.4,16.44,18.48,20.46
X21,2025,exact,109404.0,per-candidate file in data/inbox,17.36,17.47,19.57,21.24
X21,2026,exact,102874.0,per-candidate file in data/inbox,13.96,13.81,16.21,18.32
X22,2026,synthesized,,copula on 2026 subject histograms (rho=0.5) + class correction a=2.24 b=0.923; leave-one-out KS on observed combos ~0.162,17.66,17.65,20.43,22.77
X23,2026,synthesized,,copula on 2026 subject histograms (rho=0.5) + class correction a=2.24 b=0.923; leave-one-out KS on observed combos ~0.162,18.06,17.92,20.69,23.21
X24,2025,exact,4666.0,per-candidate file in data/inbox,17.13,17.2,19.31,21.07
X24,2026,exact,5175.0,per-candidate file in data/inbox,15.77,15.73,17.95,19.83
X25,2025,exact,49219.0,per-candidate file in data/inbox,18.6,18.48,20.45,22.25
X25,2026,exact,34165.0,per-candidate file in data/inbox,17.02,16.83,19.34,21.66
X26,2025,exact,2723.0,per-candidate file in data/inbox,18.28,17.99,20.72,23.32
X26,2026,exact,3970.0,per-candidate file in data/inbox,18.74,18.49,21.48,23.99
X27,2026,synthesized,,copula on 2026 subject histograms (rho=0.5) + class correction a=2.24 b=0.923; leave-one-out KS on observed combos ~0.162,18.09,17.91,20.7,23.25
X28,2026,synthesized,,copula on 2026 subject histograms (rho=0.5) + class correction a=2.24 b=0.923; leave-one-out KS on observed combos ~0.162,18.54,18.39,21.13,23.45
X29,2025,exact,49219.0,per-candidate file in data/inbox,18.6,18.48,20.45,22.25
X29,2026,exact,34165.0,per-candidate file in data/inbox,17.02,16.83,19.34,21.66
X30,2025,exact,2723.0,per-candidate file in data/inbox,18.28,17.99,20.72,23.32
X30,2026,exact,3970.0,per-candidate file in data/inbox,18.74,18.49,21.48,23.99
X31,2026,synthesized,,copula on 2026 subject histograms (rho=0.5) + class correction a=2.24 b=0.923; leave-one-out KS on observed combos ~0.162,18.09,17.91,20.7,23.25
X32,2026,synthesized,,copula on 2026 subject histograms (rho=0.5) + class correction a=2.24 b=0.923; leave-one-out KS on observed combos ~0.162,18.54,18.39,21.14,23.46
X33,2025,exact,49219.0,per-candidate file in data/inbox,18.6,18.48,20.45,22.25
X33,2026,exact,34165.0,per-candidate file in data/inbox,17.02,16.83,19.34,21.66
X34,2025,exact,2723.0,per-candidate file in data/inbox,18.28,17.99,20.72,23.32
X34,2026,exact,3970.0,per-candidate file in data/inbox,18.74,18.49,21.48,23.99
X35,2026,synthesized,,copula on 2026 subject histograms (rho=0.5) + class correction a=2.24 b=0.923; leave-one-out KS on observed combos ~0.162,18.09,17.91,20.7,23.25
X36,2026,synthesized,,copula on 2026 subject histograms (rho=0.5) + class correction a=2.24 b=0.923; leave-one-out KS on observed combos ~0.162,18.54,18.39,21.14,23.46
X37,2025,exact,49219.0,per-candidate file in data/inbox,18.6,18.48,20.45,22.25
X37,2026,exact,34165.0,per-candidate file in data/inbox,17.02,16.83,19.34,21.66
X38,2025,exact,2723.0,per-candidate file in data/inbox,18.28,17.99,20.72,23.32
X38,2026,exact,3970.0,per-candidate file in data/inbox,18.74,18.49,21.48,23.99
X39,2026,synthesized,,copula on 2026 subject histograms (rho=0.5) + class correction a=2.24 b=0.923; leave-one-out KS on observed combos ~0.162,18.09,17.91,20.7,23.25
X40,2026,synthesized,,copula on 2026 subject histograms (rho=0.5) + class correction a=2.24 b=0.923; leave-one-out KS on observed combos ~0.162,18.54,18.39,21.14,23.46
X41,2025,exact,49219.0,per-candidate file in data/inbox,18.6,18.48,20.45,22.25
X41,2026,exact,34165.0,per-candidate file in data/inbox,17.02,16.83,19.34,21.66
X42,2025,exact,2723.0,per-candidate file in data/inbox,18.28,17.99,20.72,23.32
X42,2026,exact,3970.0,per-candidate file in data/inbox,18.74,18.49,21.48,23.99
X45,2025,exact,49219.0,per-candidate file in data/inbox,18.6,18.48,20.45,22.25
X45,2026,exact,34165.0,per-candidate file in data/inbox,17.02,16.83,19.34,21.66
X46,2025,exact,2723.0,per-candidate file in data/inbox,18.28,17.99,20.72,23.32
X46,2026,exact,3970.0,per-candidate file in data/inbox,18.74,18.49,21.48,23.99
X49,2025,exact,49219.0,per-candidate file in data/inbox,18.6,18.48,20.45,22.25
X49,2026,exact,34165.0,per-candidate file in data/inbox,17.02,16.83,19.34,21.66
X50,2025,exact,2723.0,per-candidate file in data/inbox,18.28,17.99,20.72,23.32
X50,2026,exact,3970.0,per-candidate file in data/inbox,18.74,18.49,21.48,23.99
X53,2026,synthesized,,copula on 2026 subject histograms (rho=0.5) + class correction a=2.24 b=0.923; leave-one-out KS on observed combos ~0.162,17.58,17.48,20.21,22.5
X54,2026,synthesized,,copula on 2026 subject histograms (rho=0.5) + class correction a=2.24 b=0.923; leave-one-out KS on observed combos ~0.162,17.97,17.9,20.48,22.78
X55,2025,exact,9508.0,per-candidate file in data/inbox,18.46,18.69,20.24,21.56
X55,2026,exact,12828.0,per-candidate file in data/inbox,15.09,15.07,16.97,18.73
X56,2026,synthesized,,copula on 2026 subject histograms (rho=0.5) + class correction a=2.24 b=0.923; leave-one-out KS on observed combos ~0.162,18.97,18.83,21.62,23.95
X57,2026,synthesized,,copula on 2026 subject histograms (rho=0.5) + class correction a=2.24 b=0.923; leave-one-out KS on observed combos ~0.162,19.41,19.5,22.05,24.14
X58,2025,exact,4976.0,per-candidate file in data/inbox,20.5,20.59,22.05,23.46
X58,2026,exact,6388.0,per-candidate file in data/inbox,16.06,15.99,17.81,19.45
X59,2026,exact,6086.0,per-candidate file in data/inbox,17.92,17.73,20.25,22.49
X60,2026,synthesized,,copula on 2026 subject histograms (rho=0.5) + class correction a=2.24 b=0.923; leave-one-out KS on observed combos ~0.162,19.29,19.29,21.81,23.9
X61,2026,synthesized,,copula on 2026 subject histograms (rho=0.5) + class correction a=2.24 b=0.923; leave-one-out KS on observed combos ~0.162,19.73,19.8,22.09,23.92
X62,2026,synthesized,,copula on 2026 subject histograms (rho=0.5) + class correction a=2.24 b=0.923; leave-one-out KS on observed combos ~0.162,18.57,18.81,20.92,22.71
X63,2026,synthesized,,copula on 2026 subject histograms (rho=0.5) + class correction a=2.24 b=0.923; leave-one-out KS on observed combos ~0.162,19.57,19.75,22.06,23.92
X64,2026,synthesized,,copula on 2026 subject histograms (rho=0.5) + class correction a=2.24 b=0.923; leave-one-out KS on observed combos ~0.162,19.96,20.02,22.32,24.36
X65,2026,synthesized,,copula on 2026 subject histograms (rho=0.5) + class correction a=2.24 b=0.923; leave-one-out KS on observed combos ~0.162,20.41,20.67,22.76,24.37
X66,2026,synthesized,,copula on 2026 subject histograms (rho=0.5) + class correction a=2.24 b=0.923; leave-one-out KS on observed combos ~0.162,18.15,18.15,20.44,22.33
X67,2026,synthesized,,copula on 2026 subject histograms (rho=0.5) + class correction a=2.24 b=0.923; leave-one-out KS on observed combos ~0.162,19.14,19.09,21.57,23.66
X68,2026,synthesized,,copula on 2026 subject histograms (rho=0.5) + class correction a=2.24 b=0.923; leave-one-out KS on observed combos ~0.162,19.54,19.52,21.84,23.94
X69,2026,synthesized,,copula on 2026 subject histograms (rho=0.5) + class correction a=2.24 b=0.923; leave-one-out KS on observed combos ~0.162,19.98,20.03,22.27,24.12
X70,2025,exact,68351.0,per-candidate file in data/inbox,20.23,20.49,22.58,24.22
X70,2026,exact,120336.0,per-candidate file in data/inbox,16.72,16.75,19.09,21.09
X71,2026,exact,5175.0,per-candidate file in data/inbox,16.28,16.23,18.3,20.15
X72,2026,exact,3742.0,per-candidate file in data/inbox,16.71,16.58,18.72,20.72
X73,2025,exact,5316.0,per-candidate file in data/inbox,19.47,19.73,21.74,23.24
X73,2026,exact,10535.0,per-candidate file in data/inbox,17.82,17.97,20.07,21.96
X74,2025,exact,109423.0,per-candidate file in data/inbox,20.29,20.56,22.59,24.23
X74,2026,exact,103339.0,per-candidate file in data/inbox,15.63,15.67,17.94,19.8
X75,2026,synthesized,,copula on 2026 subject histograms (rho=0.5) + class correction a=2.24 b=0.923; leave-one-out KS on observed combos ~0.162,18.46,18.56,20.9,22.79
X76,2026,synthesized,,copula on 2026 subject histograms (rho=0.5) + class correction a=2.24 b=0.923; leave-one-out KS on observed combos ~0.162,18.85,18.83,21.16,23.22
X77,2025,exact,4667.0,per-candidate file in data/inbox,19.93,20.16,22.24,23.98
X77,2026,exact,5176.0,per-candidate file in data/inbox,17.28,17.46,19.55,21.21
X78,2025,exact,49222.0,per-candidate file in data/inbox,21.15,21.21,22.74,24.46
X78,2026,exact,34227.0,per-candidate file in data/inbox,18.06,17.97,19.98,21.97
X79,2025,exact,2703.0,per-candidate file in data/inbox,19.78,19.74,21.73,23.72
X79,2026,exact,3924.0,per-candidate file in data/inbox,18.8,18.71,21.0,22.99
X80,2026,synthesized,,copula on 2026 subject histograms (rho=0.5) + class correction a=2.24 b=0.923; leave-one-out KS on observed combos ~0.162,18.89,18.81,21.17,23.43
X81,2026,synthesized,,copula on 2026 subject histograms (rho=0.5) + class correction a=2.24 b=0.923; leave-one-out KS on observed combos ~0.162,19.33,19.33,21.59,23.47
X82,2025,exact,49222.0,per-candidate file in data/inbox,21.15,21.21,22.74,24.46
X82,2026,exact,34227.0,per-candidate file in data/inbox,18.06,17.97,19.98,21.97
X83,2025,exact,2703.0,per-candidate file in data/inbox,19.78,19.74,21.73,23.72
X83,2026,exact,3924.0,per-candidate file in data/inbox,18.8,18.71,21.0,22.99
X84,2026,synthesized,,copula on 2026 subject histograms (rho=0.5) + class correction a=2.24 b=0.923; leave-one-out KS on observed combos ~0.162,18.89,18.82,21.17,23.43
X86,2025,exact,49222.0,per-candidate file in data/inbox,21.15,21.21,22.74,24.46
X86,2026,exact,34227.0,per-candidate file in data/inbox,18.06,17.97,19.98,21.97
X87,2025,exact,2703.0,per-candidate file in data/inbox,19.78,19.74,21.73,23.72
X87,2026,exact,3924.0,per-candidate file in data/inbox,18.8,18.71,21.0,22.99
X90,2025,exact,49222.0,per-candidate file in data/inbox,21.15,21.21,22.74,24.46
X90,2026,exact,34227.0,per-candidate file in data/inbox,18.06,17.97,19.98,21.97
X94,2025,exact,49222.0,per-candidate file in data/inbox,21.15,21.21,22.74,24.46
X94,2026,exact,34227.0,per-candidate file in data/inbox,18.06,17.97,19.98,21.97
X95,2025,exact,2703.0,per-candidate file in data/inbox,19.78,19.74,21.73,23.72
X95,2026,exact,3924.0,per-candidate file in data/inbox,18.8,18.71,21.0,22.99
X98,2025,exact,49222.0,per-candidate file in data/inbox,21.15,21.21,22.74,24.46
X98,2026,exact,34227.0,per-candidate file in data/inbox,18.06,17.97,19.98,21.97
X99,2025,exact,2703.0,per-candidate file in data/inbox,19.78,19.74,21.73,23.72
X99,2026,exact,3924.0,per-candidate file in data/inbox,18.8,18.71,21.0,22.99
Y03,2025,exact,49222.0,per-candidate file in data/inbox,21.15,21.21,22.74,24.46
Y03,2026,exact,34227.0,per-candidate file in data/inbox,18.06,17.97,19.98,21.97
Y04,2025,exact,2703.0,per-candidate file in data/inbox,19.78,19.74,21.73,23.72
Y04,2026,exact,3924.0,per-candidate file in data/inbox,18.8,18.71,21.0,22.99
Y07,2026,synthesized,,copula on 2026 subject histograms (rho=0.5) + class correction a=2.24 b=0.923; leave-one-out KS on observed combos ~0.162,18.37,18.39,20.66,22.51
Y08,2026,synthesized,,copula on 2026 subject histograms (rho=0.5) + class correction a=2.24 b=0.923; leave-one-out KS on observed combos ~0.162,18.76,18.81,20.93,22.79
Y09,2025,exact,9493.0,per-candidate file in data/inbox,21.34,21.7,23.24,24.49
Y09,2026,exact,12816.0,per-candidate file in data/inbox,16.75,16.93,18.81,20.47
Y10,2026,synthesized,,copula on 2026 subject histograms (rho=0.5) + class correction a=2.24 b=0.923; leave-one-out KS on observed combos ~0.162,19.76,19.76,22.07,24.11
Y11,2026,synthesized,,copula on 2026 subject histograms (rho=0.5) + class correction a=2.24 b=0.923; leave-one-out KS on observed combos ~0.162,20.2,20.41,22.5,24.14
