school_code,key_code,reason
BVH,8480104TN,no score distribution for any combo
BVH,8520203TN,no score distribution for any combo
BVH,8520208TN,no score distribution for any combo
DMS,7340101TH,no score distribution for any combo
DMS,7340101TP,no score distribution for any combo
DMS,7340115TH,no score distribution for any combo
DMS,7340115TP,no score distribution for any combo
DMS,7340120TH,no score distribution for any combo
DMS,7340120TP,no score distribution for any combo
DMS,7340201TH,no score distribution for any combo
DMS,7340201TP,no score distribution for any combo
DMS,7340205TH,no score distribution for any combo
DMS,7340301TH,no score distribution for any combo
DMS,7340302TH,no score distribution for any combo
DMS,7810103DT,no score distribution for any combo
DMS,7810201DT,no score distribution for any combo
DMS,7810202DT,no score distribution for any combo
DTL,7210205,only talent-test / unknown combos: N00
DTL,7210403,only talent-test / unknown combos: H00;H01;H04;V00;H06;H07
KTS,7210110,only talent-test / unknown combos: V00;V01;V02
KTS,7210402,only talent-test / unknown combos: H01;H02
KTS,7210403,only talent-test / unknown combos: H01;H02;H06
KTS,7210403QT,only talent-test / unknown combos: H01;H06
KTS,7210404,only talent-test / unknown combos: H01;H02;H06
KTS,7580101,only talent-test / unknown combos: V00;V01;V02
KTS,7580101QT,only talent-test / unknown combos: V00;V01;V02
KTS,7580102,only talent-test / unknown combos: V00;V01;V02
KTS,7580105,only talent-test / unknown combos: V00;V01;V02
KTS,7580105QT,only talent-test / unknown combos: V00;V01;V02
KTS,7580108,only talent-test / unknown combos: V00;V01;V02
KTS,7580108QT,only talent-test / unknown combos: V00;V01;V02
KTS,7580110,only talent-test / unknown combos: V00;V01;V02
MHN,7210403,only talent-test / unknown combos: H00;H01;H06
MHN,7210404,only talent-test / unknown combos: H00;H01;H06
MHN,7580101,only talent-test / unknown combos: V00;V01;V02
MHN,7580108,only talent-test / unknown combos: H00;H01;H06
NLS,51140201,only talent-test / unknown combos: M00
NLS,7140201,only talent-test / unknown combos: M00
QSC,75202A1,no score distribution for any combo
QSC,75202A1TA,no score distribution for any combo
SGD,7140201,only talent-test / unknown combos: M01;M02
SGD,7140221,only talent-test / unknown combos: N01
SGD,7140222,only talent-test / unknown combos: H00
SPH,7140201,only talent-test / unknown combos: M00;M10
SPH,7140206,only talent-test / unknown combos: M02;M03;T01;NK1;NK2
SPH,7140221,only talent-test / unknown combos: M02;M03
SPH,7140222,only talent-test / unknown combos: M02;M03
SPH,7810302_,only talent-test / unknown combos: M02;M03
SPK,7210403V,only talent-test / unknown combos: V05;H06;V01;V02;V07;V08;V10
SPK,7210404V,only talent-test / unknown combos: H08;H06;H01;V01;V02;V07;V09;V08;V11
SPK,7580101V,only talent-test / unknown combos: H06;V02;V01;V00;V03;V04;V05;V06;V12
SPK,7580103V,only talent-test / unknown combos: H06;V02;V01;V00;V03;V04;V05;V06;V12
XDA,XDA01,only talent-test / unknown combos: V00;V02;V10
XDA,XDA02,only talent-test / unknown combos: V00;V02
XDA,XDA03,only talent-test / unknown combos: V00;V02;V06
XDA,XDA04,only talent-test / unknown combos: V00;V02
XDA,XDA05,only talent-test / unknown combos: V00;V01;V02
XDA,XDA06,only talent-test / unknown combos: H00;H07
XDA,XDA41,only talent-test / unknown combos: H00;H07
