school_code,reason
DTT,fewer than min usable 30-point THPT cutoffs in the latest year (e.g. switched to a 100-point combined scale) or not found
FBU,fewer than min usable 30-point THPT cutoffs in the latest year (e.g. switched to a 100-point combined scale) or not found
IUH,fewer than min usable 30-point THPT cutoffs in the latest year (e.g. switched to a 100-point combined scale) or not found
KMA,fewer than min usable 30-point THPT cutoffs in the latest year (e.g. switched to a 100-point combined scale) or not found
KSA,fewer than min usable 30-point THPT cutoffs in the latest year (e.g. switched to a 100-point combined scale) or not found
PKA,fewer than min usable 30-point THPT cutoffs in the latest year (e.g. switched to a 100-point combined scale) or not found
QSB,fewer than min usable 30-point THPT cutoffs in the latest year (e.g. switched to a 100-point combined scale) or not found
QSK,fewer than min usable 30-point THPT cutoffs in the latest year (e.g. switched to a 100-point combined scale) or not found
QSQ,fewer than min usable 30-point THPT cutoffs in the latest year (e.g. switched to a 100-point combined scale) or not found
QSX,fewer than min usable 30-point THPT cutoffs in the latest year (e.g. switched to a 100-point combined scale) or not found
SPS,fewer than min usable 30-point THPT cutoffs in the latest year (e.g. switched to a 100-point combined scale) or not found
TMU,fewer than min usable 30-point THPT cutoffs in the latest year (e.g. switched to a 100-point combined scale) or not found
