group_code,group_name,onet_codes
71401,Khoa học giáo dục,11-9032.00;25-9031.00;11-9033.00
71402,Đào tạo giáo viên,25-2011.00;25-2021.00;25-2031.00;25-2057.00
72102,Nghệ thuật trình diễn,27-2042.00;27-2011.00;27-2032.00
72103,Nghệ thuật nghe nhìn,27-4031.00;27-4032.00;27-2012.00;27-4014.00;27-4015.00
72104,Mỹ thuật ứng dụng,27-1024.00;27-1022.00;27-1014.00
72201,"Ngôn ngữ, văn học và văn hóa Việt Nam",27-3043.00;27-3041.00;25-1123.00
72202,"Ngôn ngữ, văn học và văn hóa nước ngoài",27-3091.00;25-1124.00
72290,Khác (nhân văn),19-3093.00;25-1126.00;25-1125.00
73101,Kinh tế học,19-3011.00;13-2051.00
73102,Khoa học chính trị,19-3094.00;11-1031.00
73103,Xã hội học và Nhân học,19-3041.00;19-3091.00
73104,Tâm lý học,19-3033.00;19-3034.00;21-1012.00
73105,Địa lý học,19-3092.00;17-1021.00
73106,Khu vực học,27-3091.00;19-3094.00;19-3091.00
73201,Báo chí và truyền thông,27-3023.00;27-3031.00;27-3041.00
73202,Thông tin - Thư viện,25-4022.00;25-4031.00
73203,Văn thư - Lưu trữ - Bảo tàng,25-4011.00;25-4012.00;25-4013.00
73290,Khác (công nghệ đa phương tiện),27-1014.00;15-1255.00;27-4032.00
73401,Kinh doanh,11-1021.00;11-2021.00;13-1161.00;13-1111.00
73402,Tài chính - Ngân hàng - Bảo hiểm,13-2051.00;13-2072.00;41-3021.00;13-2053.00
73403,Kế toán - Kiểm toán,13-2011.00;43-3031.00
73404,Quản trị - Quản lý,11-3121.00;13-1071.00;11-3012.00
73801,Luật,23-1011.00;23-2011.00;23-1023.00
74201,Sinh học,19-1029.04;19-1022.00;19-1023.00
74202,Sinh học ứng dụng,19-4021.00;19-1029.01;19-1042.00
74401,Khoa học vật chất,19-2012.00;19-2031.00;19-2032.00
74402,Khoa học trái đất,19-2042.00;19-2021.00;19-2043.00
74403,Khoa học môi trường,19-2041.00;19-4042.00
74601,Toán học,15-2021.00;15-2041.00;15-2051.00;15-2011.00
74801,Máy tính,15-1252.00;15-1221.00;15-1244.00;17-2061.00
74802,Công nghệ thông tin,15-1212.00;15-1211.00;15-1243.00;15-1252.00
75101,Công nghệ kỹ thuật kiến trúc và công trình xây dựng,17-3022.00;47-1011.00;17-3011.00
75102,Công nghệ kỹ thuật cơ khí,17-3027.00;49-3023.00;51-4041.00
75103,"Công nghệ kỹ thuật điện, điện tử và viễn thông",17-3023.00;17-3024.00;49-2022.00
75104,"Công nghệ hóa học, vật liệu, luyện kim và môi trường",19-4031.00;17-3025.00;51-8091.00
75106,Quản lý công nghiệp,13-1081.00;11-3071.00;11-3051.00;17-2112.00
75108,Công nghệ kỹ thuật in,51-5112.00;51-5111.00
75190,Khác (năng lượng tái tạo),47-2231.00;49-9081.00
75201,Kỹ thuật cơ khí và cơ kỹ thuật,17-2141.00;17-2199.08;17-2011.00
75202,"Kỹ thuật điện, điện tử và viễn thông",17-2071.00;17-2072.00;17-2031.00
75203,"Kỹ thuật hóa học, vật liệu, luyện kim và môi trường",17-2041.00;17-2131.00;17-2081.00
75204,Vật lý kỹ thuật,17-2161.00;19-2012.00;19-4051.00
75205,"Kỹ thuật địa chất, địa vật lý và trắc địa",19-2042.00;17-1022.00;17-1021.00
75206,Kỹ thuật mỏ,17-2151.00;17-2171.00
75401,"Chế biến lương thực, thực phẩm và đồ uống",19-1012.00;19-4013.00
75402,"Sản xuất, chế biến sợi, vải, giày, da",51-6092.00;51-6031.00;17-2112.00
75490,Khác (lâm sản; dược liệu),19-1032.00;19-4031.00;19-4071.00
75801,Kiến trúc và quy hoạch,17-1011.00;19-3051.00;27-1025.00
75802,Xây dựng,17-2051.00;17-2051.01;17-2051.02
75803,Quản lý xây dựng,11-9021.00;13-1051.00
76201,Nông nghiệp,19-1013.00;19-1011.00;11-9013.00
76202,Lâm nghiệp,19-1032.00;19-1031.00
76203,Thủy sản,11-9013.00;45-1011.00;19-4012.00
76401,Thú y,29-1131.00;29-2056.00
77201,Y học,29-1215.00;29-1216.00;29-1221.00;29-1242.00;29-1291.00
77202,Dược học,29-1051.00;29-2052.00;19-1042.00
77203,Điều dưỡng - hộ sinh,29-1141.00;29-1161.00;29-2061.00
77204,Dinh dưỡng,29-1031.00
77205,Răng - Hàm - Mặt (Nha khoa),29-1021.00;29-1022.00;29-1292.00;51-9081.00
77206,Kỹ thuật Y học,29-2011.00;29-2034.00;29-1123.00;29-1041.00
77207,Y tế công cộng,19-1041.00;21-1094.00;21-1091.00
77601,Công tác xã hội,21-1021.00;21-1022.00;21-1093.00
78101,Du lịch,39-7011.00;41-3041.00;13-1121.00
78102,"Khách sạn, nhà hàng",11-9081.00;11-9051.00;43-4081.00
78103,"Thể dục, thể thao",27-2022.00;39-9031.00;29-9091.00
78190,Khác (dinh dưỡng và ẩm thực),35-1011.00;35-2014.00
78401,Khai thác vận tải,11-3071.00;13-1081.00;53-6041.00
78501,Quản lý tài nguyên và môi trường,19-2041.00;19-1031.00;13-2023.00;19-3011.01
78502,Dịch vụ an toàn lao động và vệ sinh công nghiệp,19-5011.00;19-5012.00
78590,Khác (du lịch sinh thái; cảnh quan),17-1012.00;39-7011.00
