group_code,group_name,top3,review_flag,review_note,occupation_flag,occupation_note,R,I,A,S,E,C,occupations
71401,Khoa học giáo dục,SEC,,,questionable,"All administrators/coordinators; education science also leads to research and assessment roles, so profile skews E",1.31,3.64,3.07,5.84,4.97,4.52,"11-9032.00 Education Administrators, Kindergarten through Secondary; 25-9031.00 Instructional Coordinators; 11-9033.00 Education Administrators, Postsecondary"
71402,Đào tạo giáo viên,SAC,,,,,2.66,3.3,3.89,7.0,2.44,3.58,"25-2011.00 Preschool Teachers, Except Special Education; 25-2021.00 Elementary School Teachers, Except Special Education; 25-2031.00 Secondary School Teachers, Except Special and Career/Technical Education; 25-2057.00 Special Education Teachers, Middle School"
72102,Nghệ thuật trình diễn,ASE,,,,,2.93,1.97,6.89,3.82,3.73,2.04,27-2042.00 Musicians and Singers; 27-2011.00 Actors; 27-2032.00 Choreographers
72103,Nghệ thuật nghe nhìn,ARC,questionable,A (4.72) barely above R (4.46); C (3.86) high for an arts field - technician-heavy occupation mix,questionable,"2 of 5 occupations are technicians (sound, lighting); tilts the profile away from the arts side",4.46,2.17,4.72,1.96,3.05,3.86,"27-4031.00 Camera Operators, Television, Video, and Film; 27-4032.00 Film and Video Editors; 27-2012.00 Producers and Directors; 27-4014.00 Sound Engineering Technicians; 27-4015.00 Lighting Technicians"
72104,Mỹ thuật ứng dụng,ARE,,,,,3.81,2.6,7.0,2.23,3.34,3.33,27-1024.00 Graphic Designers; 27-1022.00 Fashion Designers; 27-1014.00 Special Effects Artists and Animators
72201,"Ngôn ngữ, văn học và văn hóa Việt Nam",ASC,,,questionable,English Language and Literature Teachers used as proxy for Vietnamese literature; acceptable only if documented as a proxy,1.44,3.64,5.42,4.14,3.77,3.84,"27-3043.00 Writers and Authors; 27-3041.00 Editors; 25-1123.00 English Language and Literature Teachers, Postsecondary"
72202,"Ngôn ngữ, văn học và văn hóa nước ngoài",SAC,,,,,2.0,3.85,4.17,5.24,2.21,4.16,"27-3091.00 Interpreters and Translators; 25-1124.00 Foreign Language and Literature Teachers, Postsecondary"
72290,Khác (nhân văn),SIC,,,,,2.55,5.29,3.8,5.72,2.57,3.93,"19-3093.00 Historians; 25-1126.00 Philosophy and Religion Teachers, Postsecondary; 25-1125.00 History Teachers, Postsecondary"
73101,Kinh tế học,ICE,,,,,1.18,6.03,2.1,2.33,4.51,5.04,19-3011.00 Economists; 13-2051.00 Financial and Investment Analysts
73102,Khoa học chính trị,IEC,,,questionable,Legislators is a rare graduate outcome; public administration / policy roles may fit better,1.27,5.03,3.28,3.56,4.56,3.57,19-3094.00 Political Scientists; 11-1031.00 Legislators
73103,Xã hội học và Nhân học,IAS,,,,,2.78,6.67,4.1,4.02,2.36,3.4,19-3041.00 Sociologists; 19-3091.00 Anthropologists and Archeologists
73104,Tâm lý học,SIC,,,,,1.02,4.63,3.17,6.78,3.13,3.86,"19-3033.00 Clinical and Counseling Psychologists; 19-3034.00 School Psychologists; 21-1012.00 Educational, Guidance, and Career Counselors and Advisors"
73105,Địa lý học,IRC,,,,,4.86,5.96,3.62,2.25,1.87,4.51,19-3092.00 Geographers; 17-1021.00 Cartographers and Photogrammetrists
73106,Khu vực học,IAC,,,,,2.29,5.58,4.12,3.52,2.38,3.83,27-3091.00 Interpreters and Translators; 19-3094.00 Political Scientists; 19-3091.00 Anthropologists and Archeologists
73201,Báo chí và truyền thông,AEC,,,,,1.17,3.26,5.05,3.1,4.63,3.92,"27-3023.00 News Analysts, Reporters, and Journalists; 27-3031.00 Public Relations Specialists; 27-3041.00 Editors"
73202,Thông tin - Thư viện,CSI,,,,,2.7,3.16,2.12,4.06,2.32,6.18,25-4022.00 Librarians and Media Collections Specialists; 25-4031.00 Library Technicians
73203,Văn thư - Lưu trữ - Bảo tàng,CIR,questionable,A (3.0) low for curators/conservators,,,3.67,3.79,3.0,3.14,2.39,5.3,25-4011.00 Archivists; 25-4012.00 Curators; 25-4013.00 Museum Technicians and Conservators
73290,Khác (công nghệ đa phương tiện),ACI,,,,,3.15,3.19,5.7,2.11,2.94,3.76,27-1014.00 Special Effects Artists and Animators; 15-1255.00 Web and Digital Interface Designers; 27-4032.00 Film and Video Editors
73401,Kinh doanh,ECS,,,questionable,Real Estate Brokers is a narrow pick for general business; e.g. 13-1111 Management Analysts or 11-2022 Sales Managers,1.75,2.85,1.83,2.89,6.5,5.11,11-1021.00 General and Operations Managers; 11-2021.00 Marketing Managers; 13-1161.00 Market Research Analysts and Marketing Specialists; 41-9021.00 Real Estate Brokers
73402,Tài chính - Ngân hàng - Bảo hiểm,CEI,,,,,1.29,3.32,1.22,3.11,5.13,5.81,13-2051.00 Financial and Investment Analysts; 13-2072.00 Loan Officers; 41-3021.00 Insurance Sales Agents; 13-2053.00 Insurance Underwriters
73403,Kế toán - Kiểm toán,CEI,,,,,1.38,2.88,1.04,1.81,3.37,7.0,"13-2011.00 Accountants and Auditors; 43-3031.00 Bookkeeping, Accounting, and Auditing Clerks"
73404,Quản trị - Quản lý,CEI,questionable,C leads over E for a management field; S (3.33) low for HR; Computer Systems Analysts seems misplaced,clear,"Computer Systems Analysts (15-1211) is an IT role, not management/HR; it also appears in 74802",1.74,3.34,1.48,3.33,5.34,5.82,11-3121.00 Human Resources Managers; 13-1071.00 Human Resources Specialists; 11-3012.00 Administrative Services Managers; 15-1211.00 Computer Systems Analysts
73801,Luật,ECI,,,,,1.73,4.41,2.28,3.52,4.9,4.66,"23-1011.00 Lawyers; 23-2011.00 Paralegals and Legal Assistants; 23-1023.00 Judges, Magistrate Judges, and Magistrates"
74201,Sinh học,IRC,,,,,4.94,7.0,2.21,2.38,2.05,4.0,19-1029.04 Biologists; 19-1022.00 Microbiologists; 19-1023.00 Zoologists and Wildlife Biologists
74202,Sinh học ứng dụng,ICR,,,,,4.56,6.45,2.04,2.3,1.6,4.79,"19-4021.00 Biological Technicians; 19-1029.01 Bioinformatics Scientists; 19-1042.00 Medical Scientists, Except Epidemiologists"
74401,Khoa học vật chất,IRC,,,,,5.48,6.77,2.15,1.55,1.74,4.59,19-2012.00 Physicists; 19-2031.00 Chemists; 19-2032.00 Materials Scientists
74402,Khoa học trái đất,IRC,,,,,5.4,6.56,2.36,2.29,2.21,4.31,"19-2042.00 Geoscientists, Except Hydrologists and Geographers; 19-2021.00 Atmospheric and Space Scientists; 19-2043.00 Hydrologists"
74403,Khoa học môi trường,IRC,,,,,5.3,6.3,1.55,2.34,1.96,4.62,"19-2041.00 Environmental Scientists and Specialists, Including Health; 19-4042.00 Environmental Science and Protection Technicians, Including Health"
74601,Toán học,ICR,,,,,2.33,6.25,2.18,1.95,1.99,5.68,15-2021.00 Mathematicians; 15-2041.00 Statisticians; 15-2051.00 Data Scientists; 15-2011.00 Actuaries
74801,Máy tính,ICR,,,,,4.31,5.66,2.04,1.96,2.45,5.49,15-1252.00 Software Developers; 15-1221.00 Computer and Information Research Scientists; 15-1244.00 Network and Computer Systems Administrators; 17-2061.00 Computer Hardware Engineers
74802,Công nghệ thông tin,CIR,,,,,3.27,5.87,1.96,1.94,2.41,5.94,15-1212.00 Information Security Analysts; 15-1211.00 Computer Systems Analysts; 15-1243.00 Database Architects; 15-1252.00 Software Developers
75101,Công nghệ kỹ thuật kiến trúc và công trình xây dựng,RCI,,,,,5.32,3.83,2.79,2.01,3.18,5.04,17-3022.00 Civil Engineering Technologists and Technicians; 47-1011.00 First-Line Supervisors of Construction Trades and Extraction Workers; 17-3011.00 Architectural and Civil Drafters
75102,Công nghệ kỹ thuật cơ khí,RCI,,,,,6.75,4.22,1.71,1.27,1.3,4.49,17-3027.00 Mechanical Engineering Technologists and Technicians; 49-3023.00 Automotive Service Technicians and Mechanics; 51-4041.00 Machinists
75103,"Công nghệ kỹ thuật điện, điện tử và viễn thông",RCI,,,,,6.56,4.0,1.38,1.53,1.3,4.8,"17-3023.00 Electrical and Electronic Engineering Technologists and Technicians; 17-3024.00 Electro-Mechanical and Mechatronics Technologists and Technicians; 49-2022.00 Telecommunications Equipment Installers and Repairers, Except Line Installers"
75104,"Công nghệ hóa học, vật liệu, luyện kim và môi trường",RCI,,,,,5.98,4.96,1.41,1.44,1.35,5.07,19-4031.00 Chemical Technicians; 17-3025.00 Environmental Engineering Technologists and Technicians; 51-8091.00 Chemical Plant and System Operators
75106,Quản lý công nghiệp,CER,,,,,3.73,3.59,1.27,1.98,5.08,5.44,"13-1081.00 Logisticians; 11-3071.00 Transportation, Storage, and Distribution Managers; 11-3051.00 Industrial Production Managers; 17-2112.00 Industrial Engineers"
75108,Công nghệ kỹ thuật in,CRA,questionable,C (5.6) leads over R (4.9); press operators usually R-first,,,4.9,1.57,2.42,1.68,1.56,5.6,51-5112.00 Printing Press Operators; 51-5111.00 Prepress Technicians and Workers
75190,Khác (năng lượng tái tạo),RCI,,,,,7.0,3.12,1.19,1.4,1.75,4.19,47-2231.00 Solar Photovoltaic Installers; 49-9081.00 Wind Turbine Service Technicians
75201,Kỹ thuật cơ khí và cơ kỹ thuật,RIC,,,,,6.07,5.59,2.05,1.32,2.09,4.58,17-2141.00 Mechanical Engineers; 17-2199.08 Robotics Engineers; 17-2011.00 Aerospace Engineers
75202,"Kỹ thuật điện, điện tử và viễn thông",IRC,,,,,5.9,6.0,2.09,1.92,1.97,4.53,"17-2071.00 Electrical Engineers; 17-2072.00 Electronics Engineers, Except Computer; 17-2031.00 Bioengineers and Biomedical Engineers"
75203,"Kỹ thuật hóa học, vật liệu, luyện kim và môi trường",IRC,,,,,5.77,5.89,2.1,1.54,2.36,4.41,17-2041.00 Chemical Engineers; 17-2131.00 Materials Engineers; 17-2081.00 Environmental Engineers
75204,Vật lý kỹ thuật,IRC,,,,,5.2,6.0,1.93,1.95,2.19,4.78,17-2161.00 Nuclear Engineers; 19-2012.00 Physicists; 19-4051.00 Nuclear Technicians
75205,"Kỹ thuật địa chất, địa vật lý và trắc địa",IRC,,,,,5.15,5.64,2.8,1.88,1.72,4.93,"19-2042.00 Geoscientists, Except Hydrologists and Geographers; 17-1022.00 Surveyors; 17-1021.00 Cartographers and Photogrammetrists"
75206,Kỹ thuật mỏ,RIC,,,,,5.72,5.46,1.74,1.81,2.9,4.48,"17-2151.00 Mining and Geological Engineers, Including Mining Safety Engineers; 17-2171.00 Petroleum Engineers"
75401,"Chế biến lương thực, thực phẩm và đồ uống",RIC,,,,,5.31,5.11,1.89,1.94,2.27,4.5,19-1012.00 Food Scientists and Technologists; 19-4013.00 Food Science Technicians
75402,"Sản xuất, chế biến sợi, vải, giày, da",RCA,,,clear,"Fashion Designers (27-1022) belongs to Mỹ thuật ứng dụng (fashion design); use textile/apparel production roles, e.g. 51-6092 Fabric and Apparel Patternmakers",5.36,2.84,3.44,1.63,2.8,4.09,27-1022.00 Fashion Designers; 51-6031.00 Sewing Machine Operators; 17-2112.00 Industrial Engineers
75490,Khác (lâm sản; dược liệu),RIC,,,questionable,Foresters + Chemical Technicians only loosely cover forest products and medicinal herbs; e.g. 19-4071 Forest and Conservation Technicians,5.38,5.14,1.38,1.97,2.46,4.82,19-1032.00 Foresters; 19-4031.00 Chemical Technicians
75801,Kiến trúc và quy hoạch,ARI,clear,"A (4.25) too low for architecture/interior design; R, I, C nearly equal to A - check source data",,,4.09,4.09,4.25,2.75,3.94,4.07,"17-1011.00 Architects, Except Landscape and Naval; 19-3051.00 Urban and Regional Planners; 27-1025.00 Interior Designers"
75802,Xây dựng,RIC,,,,,5.81,5.19,2.06,1.81,2.88,4.52,17-2051.00 Civil Engineers; 17-2051.01 Transportation Engineers; 17-2051.02 Water/Wastewater Engineers
75803,Quản lý xây dựng,CER,questionable,C (5.62) leads over E (5.19); construction managers usually E-led,,,3.84,3.18,1.41,2.0,5.19,5.62,11-9021.00 Construction Managers; 13-1051.00 Cost Estimators
76201,Nông nghiệp,RIC,,,,,5.61,5.46,1.71,2.09,3.21,3.77,"19-1013.00 Soil and Plant Scientists; 19-1011.00 Animal Scientists; 11-9013.00 Farmers, Ranchers, and Other Agricultural Managers"
76202,Lâm nghiệp,RIC,,,,,5.24,5.09,1.61,2.58,3.47,4.18,19-1032.00 Foresters; 19-1031.00 Conservation Scientists
76203,Thủy sản,RIC,,,questionable,"Only proxies (farm managers, zoologists); consider 45-1011 First-Line Supervisors of Farming, Fishing, and Forestry Workers or 45-3031 Fishing and Hunting Workers",5.8,4.77,1.46,2.21,3.28,4.16,"11-9013.00 Farmers, Ranchers, and Other Agricultural Managers; 19-1023.00 Zoologists and Wildlife Biologists; 19-4012.00 Agricultural Technicians"
76401,Thú y,RIC,,,,,6.35,5.62,1.0,3.24,1.35,4.01,29-1131.00 Veterinarians; 29-2056.00 Veterinary Technologists and Technicians
77201,Y học,ISR,,,,,4.34,6.21,1.67,5.88,2.19,3.63,"29-1215.00 Family Medicine Physicians; 29-1216.00 General Internal Medicine Physicians; 29-1221.00 Pediatricians, General; 29-1242.00 Orthopedic Surgeons, Except Pediatric; 29-1291.00 Acupuncturists"
77202,Dược học,ICS,,,,,3.77,5.22,1.63,3.83,2.45,5.09,"29-1051.00 Pharmacists; 29-2052.00 Pharmacy Technicians; 19-1042.00 Medical Scientists, Except Epidemiologists"
77203,Điều dưỡng - hộ sinh,SCI,,,,,3.76,4.21,1.44,5.68,2.49,4.24,29-1141.00 Registered Nurses; 29-1161.00 Nurse Midwives; 29-2061.00 Licensed Practical and Licensed Vocational Nurses
77204,Dinh dưỡng,SIE,,,,,3.03,4.8,2.4,5.5,3.42,3.35,29-1031.00 Dietitians and Nutritionists
77205,Răng - Hàm - Mặt (Nha khoa),RIS,,,,,5.72,5.08,1.25,4.22,1.72,3.94,"29-1021.00 Dentists, General; 29-1022.00 Oral and Maxillofacial Surgeons; 29-1292.00 Dental Hygienists; 51-9081.00 Dental Laboratory Technicians"
77206,Kỹ thuật Y học,IRS,,,,,5.21,5.42,1.48,4.28,1.82,4.27,29-2011.00 Medical and Clinical Laboratory Technologists; 29-2034.00 Radiologic Technologists and Technicians; 29-1123.00 Physical Therapists; 29-1041.00 Optometrists
77207,Y tế công cộng,SIC,,,,,2.16,5.26,2.32,5.61,3.04,3.65,19-1041.00 Epidemiologists; 21-1094.00 Community Health Workers; 21-1091.00 Health Education Specialists
77601,Công tác xã hội,SIC,,,clear,"Teaching Assistants, Special Education (25-9043) is not social work; e.g. 21-1093 Social and Human Service Assistants or 21-1023 Mental Health and Substance Abuse Social Workers",1.88,3.62,2.86,6.92,2.54,3.4,"21-1021.00 Child, Family, and School Social Workers; 21-1022.00 Healthcare Social Workers; 25-9043.00 Teaching Assistants, Special Education"
78101,Du lịch,ESC,,,,,1.83,1.82,2.62,4.74,5.47,4.53,"39-7011.00 Tour Guides and Escorts; 41-3041.00 Travel Agents; 13-1121.00 Meeting, Convention, and Event Planners"
78102,"Khách sạn, nhà hàng",CES,,,,,3.16,1.35,1.47,4.11,5.33,5.33,"11-9081.00 Lodging Managers; 11-9051.00 Food Service Managers; 43-4081.00 Hotel, Motel, and Resort Desk Clerks"
78103,"Thể dục, thể thao",SRE,,,,,5.04,3.09,1.99,5.56,3.63,3.22,27-2022.00 Coaches and Scouts; 39-9031.00 Exercise Trainers and Group Fitness Instructors; 29-9091.00 Athletic Trainers
78190,Khác (dinh dưỡng và ẩm thực),ESR,clear,A (2.56) too low for culinary/chefs,questionable,Dietitians duplicates 77204 Dinh dưỡng; chef + dietitian mix explains the flat scores,3.93,3.24,2.56,4.22,4.28,3.85,35-1011.00 Chefs and Head Cooks; 29-1031.00 Dietitians and Nutritionists
78401,Khai thác vận tải,CEI,,,,,3.61,3.61,1.17,2.22,4.32,5.22,"11-3071.00 Transportation, Storage, and Distribution Managers; 13-1081.00 Logisticians; 53-6041.00 Traffic Technicians"
78501,Quản lý tài nguyên và môi trường,ICR,,,,,3.84,5.64,2.0,2.63,3.68,4.55,"19-2041.00 Environmental Scientists and Specialists, Including Health; 19-1031.00 Conservation Scientists; 13-2023.00 Appraisers and Assessors of Real Estate; 19-3011.01 Environmental Economists"
78502,Dịch vụ an toàn lao động và vệ sinh công nghiệp,CIR,,,,,4.9,4.93,1.14,3.16,2.92,5.13,19-5011.00 Occupational Health and Safety Specialists; 19-5012.00 Occupational Health and Safety Technicians
78590,Khác (du lịch sinh thái; cảnh quan),RIS,clear,A (3.37) too low for landscape architecture; profile flat (all 3.4-4.6) from mixing unrelated occupations,clear,"Three unrelated fields (landscape architecture, tour guiding, conservation); split the group or pick one focus",4.63,4.28,3.37,3.63,3.48,3.51,17-1012.00 Landscape Architects; 39-7011.00 Tour Guides and Escorts; 19-1031.00 Conservation Scientists
