subject,candidates,source
TO,1192437,observed: VnExpress 2026 per-subject histogram (sum of counts)
VA,1197227,observed: VnExpress 2026 per-subject histogram (sum of counts)
LI,385930,observed: VnExpress 2026 per-subject histogram (sum of counts)
HO,250803,observed: VnExpress 2026 per-subject histogram (sum of counts)
SI,68923,observed: VnExpress 2026 per-subject histogram (sum of counts)
SU,565056,observed: VnExpress 2026 per-subject histogram (sum of counts)
DI,443885,observed: VnExpress 2026 per-subject histogram (sum of counts)
TI,18264,observed: VnExpress 2026 per-subject histogram (sum of counts)
GDKTPL,282519,observed: VnExpress 2026 per-subject histogram (sum of counts)
N1,344227,observed: VnExpress 2026 per-subject histogram (sum of counts)
N2,7209,not published per language; assumed at most the rarest observed subject (CNCN)
N3,7209,not published per language; assumed at most the rarest observed subject (CNCN)
N4,7209,not published per language; assumed at most the rarest observed subject (CNCN)
N5,7209,not published per language; assumed at most the rarest observed subject (CNCN)
N6,7209,not published per language; assumed at most the rarest observed subject (CNCN)
N7,7209,not published per language; assumed at most the rarest observed subject (CNCN)
CNCN,7209,observed: VnExpress 2026 per-subject histogram (sum of counts)
CNNN,31079,observed: VnExpress 2026 per-subject histogram (sum of counts)
