source,subject,year,score,count,url,fetched_at
vnexpress_distributions,TO,2026,10.0,4208,https://diemthi.vnexpress.net/tuyensinh/index/export2?score=1&area=&college=,2026-09-29T08:42:25+00:00
vnexpress_distributions,TO,2026,9.75,695,https://diemthi.vnexpress.net/tuyensinh/index/export2?score=1&area=&college=,2026-09-29T08:42:25+00:00
vnexpress_distributions,TO,2026,9.5,8964,https://diemthi.vnexpress.net/tuyensinh/index/export2?score=1&area=&college=,2026-09-29T08:42:25+00:00
vnexpress_distributions,TO,2026,9.25,2273,https://diemthi.vnexpress.net/tuyensinh/index/export2?score=1&area=&college=,2026-09-29T08:42:25+00:00
vnexpress_distributions,TO,2026,9.0,34480,https://diemthi.vnexpress.net/tuyensinh/index/export2?score=1&area=&college=,2026-09-29T08:42:25+00:00
vnexpress_distributions,TO,2026,8.75,12620,https://diemthi.vnexpress.net/tuyensinh/index/export2?score=1&area=&college=,2026-09-29T08:42:25+00:00
vnexpress_distributions,TO,2026,8.5,47825,https://diemthi.vnexpress.net/tuyensinh/index/export2?score=1&area=&college=,2026-09-29T08:42:25+00:00
vnexpress_distributions,TO,2026,8.25,29281,https://diemthi.vnexpress.net/tuyensinh/index/export2?score=1&area=&college=,2026-09-29T08:42:25+00:00
vnexpress_distributions,TO,2026,8.0,46068,https://diemthi.vnexpress.net/tuyensinh/index/export2?score=1&area=&college=,2026-09-29T08:42:25+00:00
vnexpress_distributions,TO,2026,7.75,39953,https://diemthi.vnexpress.net/tuyensinh/index/export2?score=1&area=&college=,2026-09-29T08:42:25+00:00
vnexpress_distributions,TO,2026,7.5,43758,https://diemthi.vnexpress.net/tuyensinh/index/export2?score=1&area=&college=,2026-09-29T08:42:25+00:00
vnexpress_distributions,TO,2026,7.25,40501,https://diemthi.vnexpress.net/tuyensinh/index/export2?score=1&area=&college=,2026-09-29T08:42:25+00:00
vnexpress_distributions,TO,2026,7.0,41388,https://diemthi.vnexpress.net/tuyensinh/index/export2?score=1&area=&college=,2026-09-29T08:42:25+00:00
vnexpress_distributions,TO,2026,6.75,40961,https://diemthi.vnexpress.net/tuyensinh/index/export2?score=1&area=&college=,2026-09-29T08:42:25+00:00
vnexpress_distributions,TO,2026,6.5,41649,https://diemthi.vnexpress.net/tuyensinh/index/export2?score=1&area=&college=,2026-09-29T08:42:25+00:00
vnexpress_distributions,TO,2026,6.25,42812,https://diemthi.vnexpress.net/tuyensinh/index/export2?score=1&area=&college=,2026-09-29T08:42:25+00:00
vnexpress_distributions,TO,2026,6.0,45823,https://diemthi.vnexpress.net/tuyensinh/index/export2?score=1&area=&college=,2026-09-29T08:42:25+00:00
vnexpress_distributions,TO,2026,5.75,49476,https://diemthi.vnexpress.net/tuyensinh/index/export2?score=1&area=&college=,2026-09-29T08:42:25+00:00
vnexpress_distributions,TO,2026,5.5,53388,https://diemthi.vnexpress.net/tuyensinh/index/export2?score=1&area=&college=,2026-09-29T08:42:25+00:00
vnexpress_distributions,TO,2026,5.25,56031,https://diemthi.vnexpress.net/tuyensinh/index/export2?score=1&area=&college=,2026-09-29T08:42:25+00:00
vnexpress_distributions,TO,2026,5.0,57445,https://diemthi.vnexpress.net/tuyensinh/index/export2?score=1&area=&college=,2026-09-29T08:42:25+00:00
vnexpress_distributions,TO,2026,4.75,57212,https://diemthi.vnexpress.net/tuyensinh/index/export2?score=1&area=&college=,2026-09-29T08:42:25+00:00
vnexpress_distributions,TO,2026,4.5,54923,https://diemthi.vnexpress.net/tuyensinh/index/export2?score=1&area=&college=,2026-09-29T08:42:25+00:00
vnexpress_distributions,TO,2026,4.25,51534,https://diemthi.vnexpress.net/tuyensinh/index/export2?score=1&area=&college=,2026-09-29T08:42:25+00:00
vnexpress_distributions,TO,2026,4.0,47288,https://diemthi.vnexpress.net/tuyensinh/index/export2?score=1&area=&college=,2026-09-29T08:42:25+00:00
vnexpress_distributions,TO,2026,3.75,43918,https://diemthi.vnexpress.net/tuyensinh/index/export2?score=1&area=&college=,2026-09-29T08:42:25+00:00
vnexpress_distributions,TO,2026,3.5,40588,https://diemthi.vnexpress.net/tuyensinh/index/export2?score=1&area=&college=,2026-09-29T08:42:25+00:00
vnexpress_distributions,TO,2026,3.25,36814,https://diemthi.vnexpress.net/tuyensinh/index/export2?score=1&area=&college=,2026-09-29T08:42:25+00:00
vnexpress_distributions,TO,2026,3.0,32555,https://diemthi.vnexpress.net/tuyensinh/index/export2?score=1&area=&college=,2026-09-29T08:42:25+00:00
vnexpress_distributions,TO,2026,2.75,27316,https://diemthi.vnexpress.net/tuyensinh/index/export2?score=1&area=&college=,2026-09-29T08:42:25+00:00
vnexpress_distributions,TO,2026,2.5,21927,https://diemthi.vnexpress.net/tuyensinh/index/export2?score=1&area=&college=,2026-09-29T08:42:25+00:00
vnexpress_distributions,TO,2026,2.25,16094,https://diemthi.vnexpress.net/tuyensinh/index/export2?score=1&area=&college=,2026-09-29T08:42:25+00:00
vnexpress_distributions,TO,2026,2.0,10572,https://diemthi.vnexpress.net/tuyensinh/index/export2?score=1&area=&college=,2026-09-29T08:42:25+00:00
vnexpress_distributions,TO,2026,1.75,6266,https://diemthi.vnexpress.net/tuyensinh/index/export2?score=1&area=&college=,2026-09-29T08:42:25+00:00
vnexpress_distributions,TO,2026,1.5,3381,https://diemthi.vnexpress.net/tuyensinh/index/export2?score=1&area=&college=,2026-09-29T08:42:25+00:00
vnexpress_distributions,TO,2026,1.25,1597,https://diemthi.vnexpress.net/tuyensinh/index/export2?score=1&area=&college=,2026-09-29T08:42:25+00:00
vnexpress_distributions,TO,2026,1.0,628,https://diemthi.vnexpress.net/tuyensinh/index/export2?score=1&area=&college=,2026-09-29T08:42:25+00:00
vnexpress_distributions,TO,2026,0.75,187,https://diemthi.vnexpress.net/tuyensinh/index/export2?score=1&area=&college=,2026-09-29T08:42:25+00:00
vnexpress_distributions,TO,2026,0.5,35,https://diemthi.vnexpress.net/tuyensinh/index/export2?score=1&area=&college=,2026-09-29T08:42:25+00:00
vnexpress_distributions,TO,2026,0.25,3,https://diemthi.vnexpress.net/tuyensinh/index/export2?score=1&area=&college=,2026-09-29T08:42:25+00:00
vnexpress_distributions,TO,2026,0.0,0,https://diemthi.vnexpress.net/tuyensinh/index/export2?score=1&area=&college=,2026-09-29T08:42:25+00:00
vnexpress_distributions,VA,2026,10.0,0,https://diemthi.vnexpress.net/tuyensinh/index/export2?score=2&area=&college=,2026-09-29T08:42:27+00:00
vnexpress_distributions,VA,2026,9.75,8,https://diemthi.vnexpress.net/tuyensinh/index/export2?score=2&area=&college=,2026-09-29T08:42:27+00:00
vnexpress_distributions,VA,2026,9.5,164,https://diemthi.vnexpress.net/tuyensinh/index/export2?score=2&area=&college=,2026-09-29T08:42:27+00:00
vnexpress_distributions,VA,2026,9.25,1163,https://diemthi.vnexpress.net/tuyensinh/index/export2?score=2&area=&college=,2026-09-29T08:42:27+00:00
vnexpress_distributions,VA,2026,9.0,5737,https://diemthi.vnexpress.net/tuyensinh/index/export2?score=2&area=&college=,2026-09-29T08:42:27+00:00
vnexpress_distributions,VA,2026,8.75,16506,https://diemthi.vnexpress.net/tuyensinh/index/export2?score=2&area=&college=,2026-09-29T08:42:27+00:00
vnexpress_distributions,VA,2026,8.5,29929,https://diemthi.vnexpress.net/tuyensinh/index/export2?score=2&area=&college=,2026-09-29T08:42:27+00:00
vnexpress_distributions,VA,2026,8.25,42073,https://diemthi.vnexpress.net/tuyensinh/index/export2?score=2&area=&college=,2026-09-29T08:42:27+00:00
vnexpress_distributions,VA,2026,8.0,66809,https://diemthi.vnexpress.net/tuyensinh/index/export2?score=2&area=&college=,2026-09-29T08:42:27+00:00
vnexpress_distributions,VA,2026,7.75,79332,https://diemthi.vnexpress.net/tuyensinh/index/export2?score=2&area=&college=,2026-09-29T08:42:27+00:00
vnexpress_distributions,VA,2026,7.5,91506,https://diemthi.vnexpress.net/tuyensinh/index/export2?score=2&area=&college=,2026-09-29T08:42:27+00:00
vnexpress_distributions,VA,2026,7.25,90160,https://diemthi.vnexpress.net/tuyensinh/index/export2?score=2&area=&college=,2026-09-29T08:42:27+00:00
vnexpress_distributions,VA,2026,7.0,104504,https://diemthi.vnexpress.net/tuyensinh/index/export2?score=2&area=&college=,2026-09-29T08:42:27+00:00
vnexpress_distributions,VA,2026,6.75,94248,https://diemthi.vnexpress.net/tuyensinh/index/export2?score=2&area=&college=,2026-09-29T08:42:27+00:00
vnexpress_distributions,VA,2026,6.5,89971,https://diemthi.vnexpress.net/tuyensinh/index/export2?score=2&area=&college=,2026-09-29T08:42:27+00:00
vnexpress_distributions,VA,2026,6.25,74334,https://diemthi.vnexpress.net/tuyensinh/index/export2?score=2&area=&college=,2026-09-29T08:42:27+00:00
vnexpress_distributions,VA,2026,6.0,74393,https://diemthi.vnexpress.net/tuyensinh/index/export2?score=2&area=&college=,2026-09-29T08:42:27+00:00
vnexpress_distributions,VA,2026,5.75,57672,https://diemthi.vnexpress.net/tuyensinh/index/export2?score=2&area=&college=,2026-09-29T08:42:27+00:00
vnexpress_distributions,VA,2026,5.5,53333,https://diemthi.vnexpress.net/tuyensinh/index/export2?score=2&area=&college=,2026-09-29T08:42:27+00:00
vnexpress_distributions,VA,2026,5.25,43171,https://diemthi.vnexpress.net/tuyensinh/index/export2?score=2&area=&college=,2026-09-29T08:42:27+00:00
vnexpress_distributions,VA,2026,5.0,49529,https://diemthi.vnexpress.net/tuyensinh/index/export2?score=2&area=&college=,2026-09-29T08:42:27+00:00
vnexpress_distributions,VA,2026,4.75,21101,https://diemthi.vnexpress.net/tuyensinh/index/export2?score=2&area=&college=,2026-09-29T08:42:27+00:00
vnexpress_distributions,VA,2026,4.5,24385,https://diemthi.vnexpress.net/tuyensinh/index/export2?score=2&area=&college=,2026-09-29T08:42:27+00:00
vnexpress_distributions,VA,2026,4.25,18731,https://diemthi.vnexpress.net/tuyensinh/index/export2?score=2&area=&college=,2026-09-29T08:42:27+00:00
vnexpress_distributions,VA,2026,4.0,17084,https://diemthi.vnexpress.net/tuyensinh/index/export2?score=2&area=&college=,2026-09-29T08:42:27+00:00
vnexpress_distributions,VA,2026,3.75,11767,https://diemthi.vnexpress.net/tuyensinh/index/export2?score=2&area=&college=,2026-09-29T08:42:27+00:00
vnexpress_distributions,VA,2026,3.5,10172,https://diemthi.vnexpress.net/tuyensinh/index/export2?score=2&area=&college=,2026-09-29T08:42:27+00:00
vnexpress_distributions,VA,2026,3.25,7326,https://diemthi.vnexpress.net/tuyensinh/index/export2?score=2&area=&college=,2026-09-29T08:42:27+00:00
vnexpress_distributions,VA,2026,3.0,6336,https://diemthi.vnexpress.net/tuyensinh/index/export2?score=2&area=&college=,2026-09-29T08:42:27+00:00
vnexpress_distributions,VA,2026,2.75,4416,https://diemthi.vnexpress.net/tuyensinh/index/export2?score=2&area=&college=,2026-09-29T08:42:27+00:00
vnexpress_distributions,VA,2026,2.5,3556,https://diemthi.vnexpress.net/tuyensinh/index/export2?score=2&area=&college=,2026-09-29T08:42:27+00:00
vnexpress_distributions,VA,2026,2.25,2518,https://diemthi.vnexpress.net/tuyensinh/index/export2?score=2&area=&college=,2026-09-29T08:42:27+00:00
vnexpress_distributions,VA,2026,2.0,2087,https://diemthi.vnexpress.net/tuyensinh/index/export2?score=2&area=&college=,2026-09-29T08:42:27+00:00
vnexpress_distributions,VA,2026,1.75,1334,https://diemthi.vnexpress.net/tuyensinh/index/export2?score=2&area=&college=,2026-09-29T08:42:27+00:00
vnexpress_distributions,VA,2026,1.5,1032,https://diemthi.vnexpress.net/tuyensinh/index/export2?score=2&area=&college=,2026-09-29T08:42:27+00:00
vnexpress_distributions,VA,2026,1.25,683,https://diemthi.vnexpress.net/tuyensinh/index/export2?score=2&area=&college=,2026-09-29T08:42:27+00:00
vnexpress_distributions,VA,2026,1.0,53,https://diemthi.vnexpress.net/tuyensinh/index/export2?score=2&area=&college=,2026-09-29T08:42:27+00:00
vnexpress_distributions,VA,2026,0.75,40,https://diemthi.vnexpress.net/tuyensinh/index/export2?score=2&area=&college=,2026-09-29T08:42:27+00:00
vnexpress_distributions,VA,2026,0.5,50,https://diemthi.vnexpress.net/tuyensinh/index/export2?score=2&area=&college=,2026-09-29T08:42:27+00:00
vnexpress_distributions,VA,2026,0.25,6,https://diemthi.vnexpress.net/tuyensinh/index/export2?score=2&area=&college=,2026-09-29T08:42:27+00:00
vnexpress_distributions,VA,2026,0.0,8,https://diemthi.vnexpress.net/tuyensinh/index/export2?score=2&area=&college=,2026-09-29T08:42:27+00:00
vnexpress_distributions,N1,2026,10.0,361,https://diemthi.vnexpress.net/tuyensinh/index/export2?score=3&area=&college=,2026-09-29T08:42:28+00:00
vnexpress_distributions,N1,2026,9.75,902,https://diemthi.vnexpress.net/tuyensinh/index/export2?score=3&area=&college=,2026-09-29T08:42:28+00:00
vnexpress_distributions,N1,2026,9.5,1458,https://diemthi.vnexpress.net/tuyensinh/index/export2?score=3&area=&college=,2026-09-29T08:42:28+00:00
vnexpress_distributions,N1,2026,9.25,2149,https://diemthi.vnexpress.net/tuyensinh/index/export2?score=3&area=&college=,2026-09-29T08:42:28+00:00
vnexpress_distributions,N1,2026,9.0,2839,https://diemthi.vnexpress.net/tuyensinh/index/export2?score=3&area=&college=,2026-09-29T08:42:28+00:00
vnexpress_distributions,N1,2026,8.75,3395,https://diemthi.vnexpress.net/tuyensinh/index/export2?score=3&area=&college=,2026-09-29T08:42:28+00:00
vnexpress_distributions,N1,2026,8.5,4050,https://diemthi.vnexpress.net/tuyensinh/index/export2?score=3&area=&college=,2026-09-29T08:42:28+00:00
vnexpress_distributions,N1,2026,8.25,4716,https://diemthi.vnexpress.net/tuyensinh/index/export2?score=3&area=&college=,2026-09-29T08:42:28+00:00
vnexpress_distributions,N1,2026,8.0,5528,https://diemthi.vnexpress.net/tuyensinh/index/export2?score=3&area=&college=,2026-09-29T08:42:28+00:00
vnexpress_distributions,N1,2026,7.75,6357,https://diemthi.vnexpress.net/tuyensinh/index/export2?score=3&area=&college=,2026-09-29T08:42:28+00:00
vnexpress_distributions,N1,2026,7.5,7062,https://diemthi.vnexpress.net/tuyensinh/index/export2?score=3&area=&college=,2026-09-29T08:42:28+00:00
vnexpress_distributions,N1,2026,7.25,8085,https://diemthi.vnexpress.net/tuyensinh/index/export2?score=3&area=&college=,2026-09-29T08:42:28+00:00
vnexpress_distributions,N1,2026,7.0,9095,https://diemthi.vnexpress.net/tuyensinh/index/export2?score=3&area=&college=,2026-09-29T08:42:28+00:00
vnexpress_distributions,N1,2026,6.75,10102,https://diemthi.vnexpress.net/tuyensinh/index/export2?score=3&area=&college=,2026-09-29T08:42:28+00:00
vnexpress_distributions,N1,2026,6.5,11514,https://diemthi.vnexpress.net/tuyensinh/index/export2?score=3&area=&college=,2026-09-29T08:42:28+00:00
vnexpress_distributions,N1,2026,6.25,12796,https://diemthi.vnexpress.net/tuyensinh/index/export2?score=3&area=&college=,2026-09-29T08:42:28+00:00
vnexpress_distributions,N1,2026,6.0,14180,https://diemthi.vnexpress.net/tuyensinh/index/export2?score=3&area=&college=,2026-09-29T08:42:28+00:00
vnexpress_distributions,N1,2026,5.75,15308,https://diemthi.vnexpress.net/tuyensinh/index/export2?score=3&area=&college=,2026-09-29T08:42:28+00:00
vnexpress_distributions,N1,2026,5.5,16332,https://diemthi.vnexpress.net/tuyensinh/index/export2?score=3&area=&college=,2026-09-29T08:42:28+00:00
vnexpress_distributions,N1,2026,5.25,17606,https://diemthi.vnexpress.net/tuyensinh/index/export2?score=3&area=&college=,2026-09-29T08:42:28+00:00
vnexpress_distributions,N1,2026,5.0,18445,https://diemthi.vnexpress.net/tuyensinh/index/export2?score=3&area=&college=,2026-09-29T08:42:28+00:00
vnexpress_distributions,N1,2026,4.75,19297,https://diemthi.vnexpress.net/tuyensinh/index/export2?score=3&area=&college=,2026-09-29T08:42:28+00:00
vnexpress_distributions,N1,2026,4.5,19835,https://diemthi.vnexpress.net/tuyensinh/index/export2?score=3&area=&college=,2026-09-29T08:42:28+00:00
vnexpress_distributions,N1,2026,4.25,20349,https://diemthi.vnexpress.net/tuyensinh/index/export2?score=3&area=&college=,2026-09-29T08:42:28+00:00
vnexpress_distributions,N1,2026,4.0,20133,https://diemthi.vnexpress.net/tuyensinh/index/export2?score=3&area=&college=,2026-09-29T08:42:28+00:00
vnexpress_distributions,N1,2026,3.75,19531,https://diemthi.vnexpress.net/tuyensinh/index/export2?score=3&area=&college=,2026-09-29T08:42:28+00:00
vnexpress_distributions,N1,2026,3.5,18291,https://diemthi.vnexpress.net/tuyensinh/index/export2?score=3&area=&college=,2026-09-29T08:42:28+00:00
vnexpress_distributions,N1,2026,3.25,16168,https://diemthi.vnexpress.net/tuyensinh/index/export2?score=3&area=&college=,2026-09-29T08:42:28+00:00
vnexpress_distributions,N1,2026,3.0,13138,https://diemthi.vnexpress.net/tuyensinh/index/export2?score=3&area=&college=,2026-09-29T08:42:28+00:00
vnexpress_distributions,N1,2026,2.75,10245,https://diemthi.vnexpress.net/tuyensinh/index/export2?score=3&area=&college=,2026-09-29T08:42:28+00:00
vnexpress_distributions,N1,2026,2.5,6610,https://diemthi.vnexpress.net/tuyensinh/index/export2?score=3&area=&college=,2026-09-29T08:42:28+00:00
vnexpress_distributions,N1,2026,2.25,4311,https://diemthi.vnexpress.net/tuyensinh/index/export2?score=3&area=&college=,2026-09-29T08:42:28+00:00
vnexpress_distributions,N1,2026,2.0,2297,https://diemthi.vnexpress.net/tuyensinh/index/export2?score=3&area=&college=,2026-09-29T08:42:28+00:00
vnexpress_distributions,N1,2026,1.75,1110,https://diemthi.vnexpress.net/tuyensinh/index/export2?score=3&area=&college=,2026-09-29T08:42:28+00:00
vnexpress_distributions,N1,2026,1.5,410,https://diemthi.vnexpress.net/tuyensinh/index/export2?score=3&area=&college=,2026-09-29T08:42:28+00:00
vnexpress_distributions,N1,2026,1.25,160,https://diemthi.vnexpress.net/tuyensinh/index/export2?score=3&area=&college=,2026-09-29T08:42:28+00:00
vnexpress_distributions,N1,2026,1.0,51,https://diemthi.vnexpress.net/tuyensinh/index/export2?score=3&area=&college=,2026-09-29T08:42:28+00:00
vnexpress_distributions,N1,2026,0.75,9,https://diemthi.vnexpress.net/tuyensinh/index/export2?score=3&area=&college=,2026-09-29T08:42:28+00:00
vnexpress_distributions,N1,2026,0.5,2,https://diemthi.vnexpress.net/tuyensinh/index/export2?score=3&area=&college=,2026-09-29T08:42:28+00:00
vnexpress_distributions,N1,2026,0.25,0,https://diemthi.vnexpress.net/tuyensinh/index/export2?score=3&area=&college=,2026-09-29T08:42:28+00:00
vnexpress_distributions,N1,2026,0.0,0,https://diemthi.vnexpress.net/tuyensinh/index/export2?score=3&area=&college=,2026-09-29T08:42:28+00:00
vnexpress_distributions,LI,2026,10.0,189,https://diemthi.vnexpress.net/tuyensinh/index/export2?score=4&area=&college=,2026-09-29T08:42:30+00:00
vnexpress_distributions,LI,2026,9.75,612,https://diemthi.vnexpress.net/tuyensinh/index/export2?score=4&area=&college=,2026-09-29T08:42:30+00:00
vnexpress_distributions,LI,2026,9.5,1299,https://diemthi.vnexpress.net/tuyensinh/index/export2?score=4&area=&college=,2026-09-29T08:42:30+00:00
vnexpress_distributions,LI,2026,9.25,2273,https://diemthi.vnexpress.net/tuyensinh/index/export2?score=4&area=&college=,2026-09-29T08:42:30+00:00
vnexpress_distributions,LI,2026,9.0,3434,https://diemthi.vnexpress.net/tuyensinh/index/export2?score=4&area=&college=,2026-09-29T08:42:30+00:00
vnexpress_distributions,LI,2026,8.75,5280,https://diemthi.vnexpress.net/tuyensinh/index/export2?score=4&area=&college=,2026-09-29T08:42:30+00:00
vnexpress_distributions,LI,2026,8.5,7471,https://diemthi.vnexpress.net/tuyensinh/index/export2?score=4&area=&college=,2026-09-29T08:42:30+00:00
vnexpress_distributions,LI,2026,8.25,9552,https://diemthi.vnexpress.net/tuyensinh/index/export2?score=4&area=&college=,2026-09-29T08:42:30+00:00
vnexpress_distributions,LI,2026,8.0,11707,https://diemthi.vnexpress.net/tuyensinh/index/export2?score=4&area=&college=,2026-09-29T08:42:30+00:00
vnexpress_distributions,LI,2026,7.75,13340,https://diemthi.vnexpress.net/tuyensinh/index/export2?score=4&area=&college=,2026-09-29T08:42:30+00:00
vnexpress_distributions,LI,2026,7.5,14476,https://diemthi.vnexpress.net/tuyensinh/index/export2?score=4&area=&college=,2026-09-29T08:42:30+00:00
vnexpress_distributions,LI,2026,7.25,15244,https://diemthi.vnexpress.net/tuyensinh/index/export2?score=4&area=&college=,2026-09-29T08:42:30+00:00
vnexpress_distributions,LI,2026,7.0,15718,https://diemthi.vnexpress.net/tuyensinh/index/export2?score=4&area=&college=,2026-09-29T08:42:30+00:00
vnexpress_distributions,LI,2026,6.75,15599,https://diemthi.vnexpress.net/tuyensinh/index/export2?score=4&area=&college=,2026-09-29T08:42:30+00:00
vnexpress_distributions,LI,2026,6.5,16443,https://diemthi.vnexpress.net/tuyensinh/index/export2?score=4&area=&college=,2026-09-29T08:42:30+00:00
vnexpress_distributions,LI,2026,6.25,16407,https://diemthi.vnexpress.net/tuyensinh/index/export2?score=4&area=&college=,2026-09-29T08:42:30+00:00
vnexpress_distributions,LI,2026,6.0,16468,https://diemthi.vnexpress.net/tuyensinh/index/export2?score=4&area=&college=,2026-09-29T08:42:30+00:00
vnexpress_distributions,LI,2026,5.75,16678,https://diemthi.vnexpress.net/tuyensinh/index/export2?score=4&area=&college=,2026-09-29T08:42:30+00:00
vnexpress_distributions,LI,2026,5.5,17103,https://diemthi.vnexpress.net/tuyensinh/index/export2?score=4&area=&college=,2026-09-29T08:42:30+00:00
vnexpress_distributions,LI,2026,5.25,17241,https://diemthi.vnexpress.net/tuyensinh/index/export2?score=4&area=&college=,2026-09-29T08:42:30+00:00
vnexpress_distributions,LI,2026,5.0,17459,https://diemthi.vnexpress.net/tuyensinh/index/export2?score=4&area=&college=,2026-09-29T08:42:30+00:00
vnexpress_distributions,LI,2026,4.75,17757,https://diemthi.vnexpress.net/tuyensinh/index/export2?score=4&area=&college=,2026-09-29T08:42:30+00:00
vnexpress_distributions,LI,2026,4.5,17946,https://diemthi.vnexpress.net/tuyensinh/index/export2?score=4&area=&college=,2026-09-29T08:42:30+00:00
vnexpress_distributions,LI,2026,4.25,17856,https://diemthi.vnexpress.net/tuyensinh/index/export2?score=4&area=&college=,2026-09-29T08:42:30+00:00
vnexpress_distributions,LI,2026,4.0,17589,https://diemthi.vnexpress.net/tuyensinh/index/export2?score=4&area=&college=,2026-09-29T08:42:30+00:00
vnexpress_distributions,LI,2026,3.75,16925,https://diemthi.vnexpress.net/tuyensinh/index/export2?score=4&area=&college=,2026-09-29T08:42:30+00:00
vnexpress_distributions,LI,2026,3.5,15632,https://diemthi.vnexpress.net/tuyensinh/index/export2?score=4&area=&college=,2026-09-29T08:42:30+00:00
vnexpress_distributions,LI,2026,3.25,13966,https://diemthi.vnexpress.net/tuyensinh/index/export2?score=4&area=&college=,2026-09-29T08:42:30+00:00
vnexpress_distributions,LI,2026,3.0,11557,https://diemthi.vnexpress.net/tuyensinh/index/export2?score=4&area=&college=,2026-09-29T08:42:30+00:00
vnexpress_distributions,LI,2026,2.75,8941,https://diemthi.vnexpress.net/tuyensinh/index/export2?score=4&area=&college=,2026-09-29T08:42:30+00:00
vnexpress_distributions,LI,2026,2.5,6325,https://diemthi.vnexpress.net/tuyensinh/index/export2?score=4&area=&college=,2026-09-29T08:42:30+00:00
vnexpress_distributions,LI,2026,2.25,3908,https://diemthi.vnexpress.net/tuyensinh/index/export2?score=4&area=&college=,2026-09-29T08:42:30+00:00
vnexpress_distributions,LI,2026,2.0,2071,https://diemthi.vnexpress.net/tuyensinh/index/export2?score=4&area=&college=,2026-09-29T08:42:30+00:00
vnexpress_distributions,LI,2026,1.75,949,https://diemthi.vnexpress.net/tuyensinh/index/export2?score=4&area=&college=,2026-09-29T08:42:30+00:00
vnexpress_distributions,LI,2026,1.5,352,https://diemthi.vnexpress.net/tuyensinh/index/export2?score=4&area=&college=,2026-09-29T08:42:30+00:00
vnexpress_distributions,LI,2026,1.25,128,https://diemthi.vnexpress.net/tuyensinh/index/export2?score=4&area=&college=,2026-09-29T08:42:30+00:00
vnexpress_distributions,LI,2026,1.0,27,https://diemthi.vnexpress.net/tuyensinh/index/export2?score=4&area=&college=,2026-09-29T08:42:30+00:00
vnexpress_distributions,LI,2026,0.75,4,https://diemthi.vnexpress.net/tuyensinh/index/export2?score=4&area=&college=,2026-09-29T08:42:30+00:00
vnexpress_distributions,LI,2026,0.5,2,https://diemthi.vnexpress.net/tuyensinh/index/export2?score=4&area=&college=,2026-09-29T08:42:30+00:00
vnexpress_distributions,LI,2026,0.25,0,https://diemthi.vnexpress.net/tuyensinh/index/export2?score=4&area=&college=,2026-09-29T08:42:30+00:00
vnexpress_distributions,LI,2026,0.0,2,https://diemthi.vnexpress.net/tuyensinh/index/export2?score=4&area=&college=,2026-09-29T08:42:30+00:00
vnexpress_distributions,HO,2026,10.0,412,https://diemthi.vnexpress.net/tuyensinh/index/export2?score=5&area=&college=,2026-09-29T08:42:32+00:00
vnexpress_distributions,HO,2026,9.75,918,https://diemthi.vnexpress.net/tuyensinh/index/export2?score=5&area=&college=,2026-09-29T08:42:32+00:00
vnexpress_distributions,HO,2026,9.5,1540,https://diemthi.vnexpress.net/tuyensinh/index/export2?score=5&area=&college=,2026-09-29T08:42:32+00:00
vnexpress_distributions,HO,2026,9.25,2816,https://diemthi.vnexpress.net/tuyensinh/index/export2?score=5&area=&college=,2026-09-29T08:42:32+00:00
vnexpress_distributions,HO,2026,9.0,3750,https://diemthi.vnexpress.net/tuyensinh/index/export2?score=5&area=&college=,2026-09-29T08:42:32+00:00
vnexpress_distributions,HO,2026,8.75,5203,https://diemthi.vnexpress.net/tuyensinh/index/export2?score=5&area=&college=,2026-09-29T08:42:32+00:00
vnexpress_distributions,HO,2026,8.5,8131,https://diemthi.vnexpress.net/tuyensinh/index/export2?score=5&area=&college=,2026-09-29T08:42:32+00:00
vnexpress_distributions,HO,2026,8.25,10213,https://diemthi.vnexpress.net/tuyensinh/index/export2?score=5&area=&college=,2026-09-29T08:42:32+00:00
vnexpress_distributions,HO,2026,8.0,11789,https://diemthi.vnexpress.net/tuyensinh/index/export2?score=5&area=&college=,2026-09-29T08:42:32+00:00
vnexpress_distributions,HO,2026,7.75,13233,https://diemthi.vnexpress.net/tuyensinh/index/export2?score=5&area=&college=,2026-09-29T08:42:32+00:00
vnexpress_distributions,HO,2026,7.5,13868,https://diemthi.vnexpress.net/tuyensinh/index/export2?score=5&area=&college=,2026-09-29T08:42:32+00:00
vnexpress_distributions,HO,2026,7.25,14130,https://diemthi.vnexpress.net/tuyensinh/index/export2?score=5&area=&college=,2026-09-29T08:42:32+00:00
vnexpress_distributions,HO,2026,7.0,14036,https://diemthi.vnexpress.net/tuyensinh/index/export2?score=5&area=&college=,2026-09-29T08:42:32+00:00
vnexpress_distributions,HO,2026,6.75,13674,https://diemthi.vnexpress.net/tuyensinh/index/export2?score=5&area=&college=,2026-09-29T08:42:32+00:00
vnexpress_distributions,HO,2026,6.5,13125,https://diemthi.vnexpress.net/tuyensinh/index/export2?score=5&area=&college=,2026-09-29T08:42:32+00:00
vnexpress_distributions,HO,2026,6.25,12746,https://diemthi.vnexpress.net/tuyensinh/index/export2?score=5&area=&college=,2026-09-29T08:42:32+00:00
vnexpress_distributions,HO,2026,6.0,12211,https://diemthi.vnexpress.net/tuyensinh/index/export2?score=5&area=&college=,2026-09-29T08:42:32+00:00
vnexpress_distributions,HO,2026,5.75,11919,https://diemthi.vnexpress.net/tuyensinh/index/export2?score=5&area=&college=,2026-09-29T08:42:32+00:00
vnexpress_distributions,HO,2026,5.5,11214,https://diemthi.vnexpress.net/tuyensinh/index/export2?score=5&area=&college=,2026-09-29T08:42:32+00:00
vnexpress_distributions,HO,2026,5.25,10730,https://diemthi.vnexpress.net/tuyensinh/index/export2?score=5&area=&college=,2026-09-29T08:42:32+00:00
vnexpress_distributions,HO,2026,5.0,10016,https://diemthi.vnexpress.net/tuyensinh/index/export2?score=5&area=&college=,2026-09-29T08:42:32+00:00
vnexpress_distributions,HO,2026,4.75,9142,https://diemthi.vnexpress.net/tuyensinh/index/export2?score=5&area=&college=,2026-09-29T08:42:32+00:00
vnexpress_distributions,HO,2026,4.5,8473,https://diemthi.vnexpress.net/tuyensinh/index/export2?score=5&area=&college=,2026-09-29T08:42:32+00:00
vnexpress_distributions,HO,2026,4.25,7375,https://diemthi.vnexpress.net/tuyensinh/index/export2?score=5&area=&college=,2026-09-29T08:42:32+00:00
vnexpress_distributions,HO,2026,4.0,6465,https://diemthi.vnexpress.net/tuyensinh/index/export2?score=5&area=&college=,2026-09-29T08:42:32+00:00
vnexpress_distributions,HO,2026,3.75,5644,https://diemthi.vnexpress.net/tuyensinh/index/export2?score=5&area=&college=,2026-09-29T08:42:32+00:00
vnexpress_distributions,HO,2026,3.5,4663,https://diemthi.vnexpress.net/tuyensinh/index/export2?score=5&area=&college=,2026-09-29T08:42:32+00:00
vnexpress_distributions,HO,2026,3.25,3913,https://diemthi.vnexpress.net/tuyensinh/index/export2?score=5&area=&college=,2026-09-29T08:42:32+00:00
vnexpress_distributions,HO,2026,3.0,3129,https://diemthi.vnexpress.net/tuyensinh/index/export2?score=5&area=&college=,2026-09-29T08:42:32+00:00
vnexpress_distributions,HO,2026,2.75,2322,https://diemthi.vnexpress.net/tuyensinh/index/export2?score=5&area=&college=,2026-09-29T08:42:32+00:00
vnexpress_distributions,HO,2026,2.5,1671,https://diemthi.vnexpress.net/tuyensinh/index/export2?score=5&area=&college=,2026-09-29T08:42:32+00:00
vnexpress_distributions,HO,2026,2.25,1082,https://diemthi.vnexpress.net/tuyensinh/index/export2?score=5&area=&college=,2026-09-29T08:42:32+00:00
vnexpress_distributions,HO,2026,2.0,639,https://diemthi.vnexpress.net/tuyensinh/index/export2?score=5&area=&college=,2026-09-29T08:42:32+00:00
vnexpress_distributions,HO,2026,1.75,368,https://diemthi.vnexpress.net/tuyensinh/index/export2?score=5&area=&college=,2026-09-29T08:42:32+00:00
vnexpress_distributions,HO,2026,1.5,150,https://diemthi.vnexpress.net/tuyensinh/index/export2?score=5&area=&college=,2026-09-29T08:42:32+00:00
vnexpress_distributions,HO,2026,1.25,61,https://diemthi.vnexpress.net/tuyensinh/index/export2?score=5&area=&college=,2026-09-29T08:42:32+00:00
vnexpress_distributions,HO,2026,1.0,22,https://diemthi.vnexpress.net/tuyensinh/index/export2?score=5&area=&college=,2026-09-29T08:42:32+00:00
vnexpress_distributions,HO,2026,0.75,8,https://diemthi.vnexpress.net/tuyensinh/index/export2?score=5&area=&college=,2026-09-29T08:42:32+00:00
vnexpress_distributions,HO,2026,0.5,1,https://diemthi.vnexpress.net/tuyensinh/index/export2?score=5&area=&college=,2026-09-29T08:42:32+00:00
vnexpress_distributions,HO,2026,0.25,1,https://diemthi.vnexpress.net/tuyensinh/index/export2?score=5&area=&college=,2026-09-29T08:42:32+00:00
vnexpress_distributions,HO,2026,0.0,0,https://diemthi.vnexpress.net/tuyensinh/index/export2?score=5&area=&college=,2026-09-29T08:42:32+00:00
vnexpress_distributions,SU,2026,10.0,2465,https://diemthi.vnexpress.net/tuyensinh/index/export2?score=6&area=&college=,2026-09-29T08:42:33+00:00
vnexpress_distributions,SU,2026,9.75,3815,https://diemthi.vnexpress.net/tuyensinh/index/export2?score=6&area=&college=,2026-09-29T08:42:33+00:00
vnexpress_distributions,SU,2026,9.5,7377,https://diemthi.vnexpress.net/tuyensinh/index/export2?score=6&area=&college=,2026-09-29T08:42:33+00:00
vnexpress_distributions,SU,2026,9.25,10016,https://diemthi.vnexpress.net/tuyensinh/index/export2?score=6&area=&college=,2026-09-29T08:42:33+00:00
vnexpress_distributions,SU,2026,9.0,12351,https://diemthi.vnexpress.net/tuyensinh/index/export2?score=6&area=&college=,2026-09-29T08:42:33+00:00
vnexpress_distributions,SU,2026,8.75,14509,https://diemthi.vnexpress.net/tuyensinh/index/export2?score=6&area=&college=,2026-09-29T08:42:33+00:00
vnexpress_distributions,SU,2026,8.5,16823,https://diemthi.vnexpress.net/tuyensinh/index/export2?score=6&area=&college=,2026-09-29T08:42:33+00:00
vnexpress_distributions,SU,2026,8.25,18323,https://diemthi.vnexpress.net/tuyensinh/index/export2?score=6&area=&college=,2026-09-29T08:42:33+00:00
vnexpress_distributions,SU,2026,8.0,19890,https://diemthi.vnexpress.net/tuyensinh/index/export2?score=6&area=&college=,2026-09-29T08:42:33+00:00
vnexpress_distributions,SU,2026,7.75,21442,https://diemthi.vnexpress.net/tuyensinh/index/export2?score=6&area=&college=,2026-09-29T08:42:33+00:00
vnexpress_distributions,SU,2026,7.5,22679,https://diemthi.vnexpress.net/tuyensinh/index/export2?score=6&area=&college=,2026-09-29T08:42:33+00:00
vnexpress_distributions,SU,2026,7.25,23972,https://diemthi.vnexpress.net/tuyensinh/index/export2?score=6&area=&college=,2026-09-29T08:42:33+00:00
vnexpress_distributions,SU,2026,7.0,25003,https://diemthi.vnexpress.net/tuyensinh/index/export2?score=6&area=&college=,2026-09-29T08:42:33+00:00
vnexpress_distributions,SU,2026,6.75,26049,https://diemthi.vnexpress.net/tuyensinh/index/export2?score=6&area=&college=,2026-09-29T08:42:33+00:00
vnexpress_distributions,SU,2026,6.5,26871,https://diemthi.vnexpress.net/tuyensinh/index/export2?score=6&area=&college=,2026-09-29T08:42:33+00:00
vnexpress_distributions,SU,2026,6.25,27392,https://diemthi.vnexpress.net/tuyensinh/index/export2?score=6&area=&college=,2026-09-29T08:42:33+00:00
vnexpress_distributions,SU,2026,6.0,27984,https://diemthi.vnexpress.net/tuyensinh/index/export2?score=6&area=&college=,2026-09-29T08:42:33+00:00
vnexpress_distributions,SU,2026,5.75,28399,https://diemthi.vnexpress.net/tuyensinh/index/export2?score=6&area=&college=,2026-09-29T08:42:33+00:00
vnexpress_distributions,SU,2026,5.5,28723,https://diemthi.vnexpress.net/tuyensinh/index/export2?score=6&area=&college=,2026-09-29T08:42:33+00:00
vnexpress_distributions,SU,2026,5.25,27890,https://diemthi.vnexpress.net/tuyensinh/index/export2?score=6&area=&college=,2026-09-29T08:42:33+00:00
vnexpress_distributions,SU,2026,5.0,27450,https://diemthi.vnexpress.net/tuyensinh/index/export2?score=6&area=&college=,2026-09-29T08:42:33+00:00
vnexpress_distributions,SU,2026,4.75,26056,https://diemthi.vnexpress.net/tuyensinh/index/export2?score=6&area=&college=,2026-09-29T08:42:33+00:00
vnexpress_distributions,SU,2026,4.5,24486,https://diemthi.vnexpress.net/tuyensinh/index/export2?score=6&area=&college=,2026-09-29T08:42:33+00:00
vnexpress_distributions,SU,2026,4.25,21608,https://diemthi.vnexpress.net/tuyensinh/index/export2?score=6&area=&college=,2026-09-29T08:42:33+00:00
vnexpress_distributions,SU,2026,4.0,18697,https://diemthi.vnexpress.net/tuyensinh/index/export2?score=6&area=&college=,2026-09-29T08:42:33+00:00
vnexpress_distributions,SU,2026,3.75,15483,https://diemthi.vnexpress.net/tuyensinh/index/export2?score=6&area=&college=,2026-09-29T08:42:33+00:00
vnexpress_distributions,SU,2026,3.5,12520,https://diemthi.vnexpress.net/tuyensinh/index/export2?score=6&area=&college=,2026-09-29T08:42:33+00:00
vnexpress_distributions,SU,2026,3.25,9428,https://diemthi.vnexpress.net/tuyensinh/index/export2?score=6&area=&college=,2026-09-29T08:42:33+00:00
vnexpress_distributions,SU,2026,3.0,6854,https://diemthi.vnexpress.net/tuyensinh/index/export2?score=6&area=&college=,2026-09-29T08:42:33+00:00
vnexpress_distributions,SU,2026,2.75,4517,https://diemthi.vnexpress.net/tuyensinh/index/export2?score=6&area=&college=,2026-09-29T08:42:33+00:00
vnexpress_distributions,SU,2026,2.5,2888,https://diemthi.vnexpress.net/tuyensinh/index/export2?score=6&area=&college=,2026-09-29T08:42:33+00:00
vnexpress_distributions,SU,2026,2.25,1616,https://diemthi.vnexpress.net/tuyensinh/index/export2?score=6&area=&college=,2026-09-29T08:42:33+00:00
vnexpress_distributions,SU,2026,2.0,881,https://diemthi.vnexpress.net/tuyensinh/index/export2?score=6&area=&college=,2026-09-29T08:42:33+00:00
vnexpress_distributions,SU,2026,1.75,357,https://diemthi.vnexpress.net/tuyensinh/index/export2?score=6&area=&college=,2026-09-29T08:42:33+00:00
vnexpress_distributions,SU,2026,1.5,156,https://diemthi.vnexpress.net/tuyensinh/index/export2?score=6&area=&college=,2026-09-29T08:42:33+00:00
vnexpress_distributions,SU,2026,1.25,64,https://diemthi.vnexpress.net/tuyensinh/index/export2?score=6&area=&college=,2026-09-29T08:42:33+00:00
vnexpress_distributions,SU,2026,1.0,16,https://diemthi.vnexpress.net/tuyensinh/index/export2?score=6&area=&college=,2026-09-29T08:42:33+00:00
vnexpress_distributions,SU,2026,0.75,1,https://diemthi.vnexpress.net/tuyensinh/index/export2?score=6&area=&college=,2026-09-29T08:42:33+00:00
vnexpress_distributions,SU,2026,0.5,1,https://diemthi.vnexpress.net/tuyensinh/index/export2?score=6&area=&college=,2026-09-29T08:42:33+00:00
vnexpress_distributions,SU,2026,0.25,2,https://diemthi.vnexpress.net/tuyensinh/index/export2?score=6&area=&college=,2026-09-29T08:42:33+00:00
vnexpress_distributions,SU,2026,0.0,2,https://diemthi.vnexpress.net/tuyensinh/index/export2?score=6&area=&college=,2026-09-29T08:42:33+00:00
vnexpress_distributions,DI,2026,10.0,56,https://diemthi.vnexpress.net/tuyensinh/index/export2?score=7&area=&college=,2026-09-29T08:42:35+00:00
vnexpress_distributions,DI,2026,9.75,154,https://diemthi.vnexpress.net/tuyensinh/index/export2?score=7&area=&college=,2026-09-29T08:42:35+00:00
vnexpress_distributions,DI,2026,9.5,332,https://diemthi.vnexpress.net/tuyensinh/index/export2?score=7&area=&college=,2026-09-29T08:42:35+00:00
vnexpress_distributions,DI,2026,9.25,610,https://diemthi.vnexpress.net/tuyensinh/index/export2?score=7&area=&college=,2026-09-29T08:42:35+00:00
vnexpress_distributions,DI,2026,9.0,1183,https://diemthi.vnexpress.net/tuyensinh/index/export2?score=7&area=&college=,2026-09-29T08:42:35+00:00
vnexpress_distributions,DI,2026,8.75,2013,https://diemthi.vnexpress.net/tuyensinh/index/export2?score=7&area=&college=,2026-09-29T08:42:35+00:00
vnexpress_distributions,DI,2026,8.5,3166,https://diemthi.vnexpress.net/tuyensinh/index/export2?score=7&area=&college=,2026-09-29T08:42:35+00:00
vnexpress_distributions,DI,2026,8.25,4641,https://diemthi.vnexpress.net/tuyensinh/index/export2?score=7&area=&college=,2026-09-29T08:42:35+00:00
vnexpress_distributions,DI,2026,8.0,6201,https://diemthi.vnexpress.net/tuyensinh/index/export2?score=7&area=&college=,2026-09-29T08:42:35+00:00
vnexpress_distributions,DI,2026,7.75,8127,https://diemthi.vnexpress.net/tuyensinh/index/export2?score=7&area=&college=,2026-09-29T08:42:35+00:00
vnexpress_distributions,DI,2026,7.5,10354,https://diemthi.vnexpress.net/tuyensinh/index/export2?score=7&area=&college=,2026-09-29T08:42:35+00:00
vnexpress_distributions,DI,2026,7.25,12606,https://diemthi.vnexpress.net/tuyensinh/index/export2?score=7&area=&college=,2026-09-29T08:42:35+00:00
vnexpress_distributions,DI,2026,7.0,14603,https://diemthi.vnexpress.net/tuyensinh/index/export2?score=7&area=&college=,2026-09-29T08:42:35+00:00
vnexpress_distributions,DI,2026,6.75,16757,https://diemthi.vnexpress.net/tuyensinh/index/export2?score=7&area=&college=,2026-09-29T08:42:35+00:00
vnexpress_distributions,DI,2026,6.5,18561,https://diemthi.vnexpress.net/tuyensinh/index/export2?score=7&area=&college=,2026-09-29T08:42:35+00:00
vnexpress_distributions,DI,2026,6.25,20105,https://diemthi.vnexpress.net/tuyensinh/index/export2?score=7&area=&college=,2026-09-29T08:42:35+00:00
vnexpress_distributions,DI,2026,6.0,21518,https://diemthi.vnexpress.net/tuyensinh/index/export2?score=7&area=&college=,2026-09-29T08:42:35+00:00
vnexpress_distributions,DI,2026,5.75,22600,https://diemthi.vnexpress.net/tuyensinh/index/export2?score=7&area=&college=,2026-09-29T08:42:35+00:00
vnexpress_distributions,DI,2026,5.5,23233,https://diemthi.vnexpress.net/tuyensinh/index/export2?score=7&area=&college=,2026-09-29T08:42:35+00:00
vnexpress_distributions,DI,2026,5.25,24046,https://diemthi.vnexpress.net/tuyensinh/index/export2?score=7&area=&college=,2026-09-29T08:42:35+00:00
vnexpress_distributions,DI,2026,5.0,24360,https://diemthi.vnexpress.net/tuyensinh/index/export2?score=7&area=&college=,2026-09-29T08:42:35+00:00
vnexpress_distributions,DI,2026,4.75,24173,https://diemthi.vnexpress.net/tuyensinh/index/export2?score=7&area=&college=,2026-09-29T08:42:35+00:00
vnexpress_distributions,DI,2026,4.5,24038,https://diemthi.vnexpress.net/tuyensinh/index/export2?score=7&area=&college=,2026-09-29T08:42:35+00:00
vnexpress_distributions,DI,2026,4.25,23498,https://diemthi.vnexpress.net/tuyensinh/index/export2?score=7&area=&college=,2026-09-29T08:42:35+00:00
vnexpress_distributions,DI,2026,4.0,22728,https://diemthi.vnexpress.net/tuyensinh/index/export2?score=7&area=&college=,2026-09-29T08:42:35+00:00
vnexpress_distributions,DI,2026,3.75,21545,https://diemthi.vnexpress.net/tuyensinh/index/export2?score=7&area=&college=,2026-09-29T08:42:35+00:00
vnexpress_distributions,DI,2026,3.5,20050,https://diemthi.vnexpress.net/tuyensinh/index/export2?score=7&area=&college=,2026-09-29T08:42:35+00:00
vnexpress_distributions,DI,2026,3.25,18060,https://diemthi.vnexpress.net/tuyensinh/index/export2?score=7&area=&college=,2026-09-29T08:42:35+00:00
vnexpress_distributions,DI,2026,3.0,15550,https://diemthi.vnexpress.net/tuyensinh/index/export2?score=7&area=&college=,2026-09-29T08:42:35+00:00
vnexpress_distributions,DI,2026,2.75,12678,https://diemthi.vnexpress.net/tuyensinh/index/export2?score=7&area=&college=,2026-09-29T08:42:35+00:00
vnexpress_distributions,DI,2026,2.5,9753,https://diemthi.vnexpress.net/tuyensinh/index/export2?score=7&area=&college=,2026-09-29T08:42:35+00:00
vnexpress_distributions,DI,2026,2.25,6918,https://diemthi.vnexpress.net/tuyensinh/index/export2?score=7&area=&college=,2026-09-29T08:42:35+00:00
vnexpress_distributions,DI,2026,2.0,4539,https://diemthi.vnexpress.net/tuyensinh/index/export2?score=7&area=&college=,2026-09-29T08:42:35+00:00
vnexpress_distributions,DI,2026,1.75,2783,https://diemthi.vnexpress.net/tuyensinh/index/export2?score=7&area=&college=,2026-09-29T08:42:35+00:00
vnexpress_distributions,DI,2026,1.5,1404,https://diemthi.vnexpress.net/tuyensinh/index/export2?score=7&area=&college=,2026-09-29T08:42:35+00:00
vnexpress_distributions,DI,2026,1.25,617,https://diemthi.vnexpress.net/tuyensinh/index/export2?score=7&area=&college=,2026-09-29T08:42:35+00:00
vnexpress_distributions,DI,2026,1.0,236,https://diemthi.vnexpress.net/tuyensinh/index/export2?score=7&area=&college=,2026-09-29T08:42:35+00:00
vnexpress_distributions,DI,2026,0.75,70,https://diemthi.vnexpress.net/tuyensinh/index/export2?score=7&area=&college=,2026-09-29T08:42:35+00:00
vnexpress_distributions,DI,2026,0.5,14,https://diemthi.vnexpress.net/tuyensinh/index/export2?score=7&area=&college=,2026-09-29T08:42:35+00:00
vnexpress_distributions,DI,2026,0.25,3,https://diemthi.vnexpress.net/tuyensinh/index/export2?score=7&area=&college=,2026-09-29T08:42:35+00:00
vnexpress_distributions,DI,2026,0.0,2,https://diemthi.vnexpress.net/tuyensinh/index/export2?score=7&area=&college=,2026-09-29T08:42:35+00:00
vnexpress_distributions,SI,2026,10.0,129,https://diemthi.vnexpress.net/tuyensinh/index/export2?score=8&area=&college=,2026-09-29T08:42:37+00:00
vnexpress_distributions,SI,2026,9.75,371,https://diemthi.vnexpress.net/tuyensinh/index/export2?score=8&area=&college=,2026-09-29T08:42:37+00:00
vnexpress_distributions,SI,2026,9.5,535,https://diemthi.vnexpress.net/tuyensinh/index/export2?score=8&area=&college=,2026-09-29T08:42:37+00:00
vnexpress_distributions,SI,2026,9.25,791,https://diemthi.vnexpress.net/tuyensinh/index/export2?score=8&area=&college=,2026-09-29T08:42:37+00:00
vnexpress_distributions,SI,2026,9.0,987,https://diemthi.vnexpress.net/tuyensinh/index/export2?score=8&area=&college=,2026-09-29T08:42:37+00:00
vnexpress_distributions,SI,2026,8.75,1217,https://diemthi.vnexpress.net/tuyensinh/index/export2?score=8&area=&college=,2026-09-29T08:42:37+00:00
vnexpress_distributions,SI,2026,8.5,1342,https://diemthi.vnexpress.net/tuyensinh/index/export2?score=8&area=&college=,2026-09-29T08:42:37+00:00
vnexpress_distributions,SI,2026,8.25,1604,https://diemthi.vnexpress.net/tuyensinh/index/export2?score=8&area=&college=,2026-09-29T08:42:37+00:00
vnexpress_distributions,SI,2026,8.0,1732,https://diemthi.vnexpress.net/tuyensinh/index/export2?score=8&area=&college=,2026-09-29T08:42:37+00:00
vnexpress_distributions,SI,2026,7.75,1964,https://diemthi.vnexpress.net/tuyensinh/index/export2?score=8&area=&college=,2026-09-29T08:42:37+00:00
vnexpress_distributions,SI,2026,7.5,2170,https://diemthi.vnexpress.net/tuyensinh/index/export2?score=8&area=&college=,2026-09-29T08:42:37+00:00
vnexpress_distributions,SI,2026,7.25,2478,https://diemthi.vnexpress.net/tuyensinh/index/export2?score=8&area=&college=,2026-09-29T08:42:37+00:00
vnexpress_distributions,SI,2026,7.0,2646,https://diemthi.vnexpress.net/tuyensinh/index/export2?score=8&area=&college=,2026-09-29T08:42:37+00:00
vnexpress_distributions,SI,2026,6.75,2964,https://diemthi.vnexpress.net/tuyensinh/index/export2?score=8&area=&college=,2026-09-29T08:42:37+00:00
vnexpress_distributions,SI,2026,6.5,3255,https://diemthi.vnexpress.net/tuyensinh/index/export2?score=8&area=&college=,2026-09-29T08:42:37+00:00
vnexpress_distributions,SI,2026,6.25,3388,https://diemthi.vnexpress.net/tuyensinh/index/export2?score=8&area=&college=,2026-09-29T08:42:37+00:00
vnexpress_distributions,SI,2026,6.0,3775,https://diemthi.vnexpress.net/tuyensinh/index/export2?score=8&area=&college=,2026-09-29T08:42:37+00:00
vnexpress_distributions,SI,2026,5.75,3892,https://diemthi.vnexpress.net/tuyensinh/index/export2?score=8&area=&college=,2026-09-29T08:42:37+00:00
vnexpress_distributions,SI,2026,5.5,3994,https://diemthi.vnexpress.net/tuyensinh/index/export2?score=8&area=&college=,2026-09-29T08:42:37+00:00
vnexpress_distributions,SI,2026,5.25,4034,https://diemthi.vnexpress.net/tuyensinh/index/export2?score=8&area=&college=,2026-09-29T08:42:37+00:00
vnexpress_distributions,SI,2026,5.0,3994,https://diemthi.vnexpress.net/tuyensinh/index/export2?score=8&area=&college=,2026-09-29T08:42:37+00:00
vnexpress_distributions,SI,2026,4.75,3763,https://diemthi.vnexpress.net/tuyensinh/index/export2?score=8&area=&college=,2026-09-29T08:42:37+00:00
vnexpress_distributions,SI,2026,4.5,3540,https://diemthi.vnexpress.net/tuyensinh/index/export2?score=8&area=&college=,2026-09-29T08:42:37+00:00
vnexpress_distributions,SI,2026,4.25,3156,https://diemthi.vnexpress.net/tuyensinh/index/export2?score=8&area=&college=,2026-09-29T08:42:37+00:00
vnexpress_distributions,SI,2026,4.0,2718,https://diemthi.vnexpress.net/tuyensinh/index/export2?score=8&area=&college=,2026-09-29T08:42:37+00:00
vnexpress_distributions,SI,2026,3.75,2368,https://diemthi.vnexpress.net/tuyensinh/index/export2?score=8&area=&college=,2026-09-29T08:42:37+00:00
vnexpress_distributions,SI,2026,3.5,1982,https://diemthi.vnexpress.net/tuyensinh/index/export2?score=8&area=&college=,2026-09-29T08:42:37+00:00
vnexpress_distributions,SI,2026,3.25,1478,https://diemthi.vnexpress.net/tuyensinh/index/export2?score=8&area=&college=,2026-09-29T08:42:37+00:00
vnexpress_distributions,SI,2026,3.0,1049,https://diemthi.vnexpress.net/tuyensinh/index/export2?score=8&area=&college=,2026-09-29T08:42:37+00:00
vnexpress_distributions,SI,2026,2.75,715,https://diemthi.vnexpress.net/tuyensinh/index/export2?score=8&area=&college=,2026-09-29T08:42:37+00:00
vnexpress_distributions,SI,2026,2.5,442,https://diemthi.vnexpress.net/tuyensinh/index/export2?score=8&area=&college=,2026-09-29T08:42:37+00:00
vnexpress_distributions,SI,2026,2.25,251,https://diemthi.vnexpress.net/tuyensinh/index/export2?score=8&area=&college=,2026-09-29T08:42:37+00:00
vnexpress_distributions,SI,2026,2.0,108,https://diemthi.vnexpress.net/tuyensinh/index/export2?score=8&area=&college=,2026-09-29T08:42:37+00:00
vnexpress_distributions,SI,2026,1.75,60,https://diemthi.vnexpress.net/tuyensinh/index/export2?score=8&area=&college=,2026-09-29T08:42:37+00:00
vnexpress_distributions,SI,2026,1.5,21,https://diemthi.vnexpress.net/tuyensinh/index/export2?score=8&area=&college=,2026-09-29T08:42:37+00:00
vnexpress_distributions,SI,2026,1.25,8,https://diemthi.vnexpress.net/tuyensinh/index/export2?score=8&area=&college=,2026-09-29T08:42:37+00:00
vnexpress_distributions,SI,2026,1.0,2,https://diemthi.vnexpress.net/tuyensinh/index/export2?score=8&area=&college=,2026-09-29T08:42:37+00:00
vnexpress_distributions,SI,2026,0.75,0,https://diemthi.vnexpress.net/tuyensinh/index/export2?score=8&area=&college=,2026-09-29T08:42:37+00:00
vnexpress_distributions,SI,2026,0.5,0,https://diemthi.vnexpress.net/tuyensinh/index/export2?score=8&area=&college=,2026-09-29T08:42:37+00:00
vnexpress_distributions,SI,2026,0.25,0,https://diemthi.vnexpress.net/tuyensinh/index/export2?score=8&area=&college=,2026-09-29T08:42:37+00:00
vnexpress_distributions,SI,2026,0.0,0,https://diemthi.vnexpress.net/tuyensinh/index/export2?score=8&area=&college=,2026-09-29T08:42:37+00:00
vnexpress_distributions,TI,2026,10.0,25,https://diemthi.vnexpress.net/tuyensinh/index/export2?score=10&area=&college=,2026-09-29T08:42:40+00:00
vnexpress_distributions,TI,2026,9.75,71,https://diemthi.vnexpress.net/tuyensinh/index/export2?score=10&area=&college=,2026-09-29T08:42:40+00:00
vnexpress_distributions,TI,2026,9.5,132,https://diemthi.vnexpress.net/tuyensinh/index/export2?score=10&area=&college=,2026-09-29T08:42:40+00:00
vnexpress_distributions,TI,2026,9.25,180,https://diemthi.vnexpress.net/tuyensinh/index/export2?score=10&area=&college=,2026-09-29T08:42:40+00:00
vnexpress_distributions,TI,2026,9.0,277,https://diemthi.vnexpress.net/tuyensinh/index/export2?score=10&area=&college=,2026-09-29T08:42:40+00:00
vnexpress_distributions,TI,2026,8.75,301,https://diemthi.vnexpress.net/tuyensinh/index/export2?score=10&area=&college=,2026-09-29T08:42:40+00:00
vnexpress_distributions,TI,2026,8.5,401,https://diemthi.vnexpress.net/tuyensinh/index/export2?score=10&area=&college=,2026-09-29T08:42:40+00:00
vnexpress_distributions,TI,2026,8.25,486,https://diemthi.vnexpress.net/tuyensinh/index/export2?score=10&area=&college=,2026-09-29T08:42:40+00:00
vnexpress_distributions,TI,2026,8.0,528,https://diemthi.vnexpress.net/tuyensinh/index/export2?score=10&area=&college=,2026-09-29T08:42:40+00:00
vnexpress_distributions,TI,2026,7.75,669,https://diemthi.vnexpress.net/tuyensinh/index/export2?score=10&area=&college=,2026-09-29T08:42:40+00:00
vnexpress_distributions,TI,2026,7.5,736,https://diemthi.vnexpress.net/tuyensinh/index/export2?score=10&area=&college=,2026-09-29T08:42:40+00:00
vnexpress_distributions,TI,2026,7.25,850,https://diemthi.vnexpress.net/tuyensinh/index/export2?score=10&area=&college=,2026-09-29T08:42:40+00:00
vnexpress_distributions,TI,2026,7.0,902,https://diemthi.vnexpress.net/tuyensinh/index/export2?score=10&area=&college=,2026-09-29T08:42:40+00:00
vnexpress_distributions,TI,2026,6.75,1001,https://diemthi.vnexpress.net/tuyensinh/index/export2?score=10&area=&college=,2026-09-29T08:42:40+00:00
vnexpress_distributions,TI,2026,6.5,1031,https://diemthi.vnexpress.net/tuyensinh/index/export2?score=10&area=&college=,2026-09-29T08:42:40+00:00
vnexpress_distributions,TI,2026,6.25,1097,https://diemthi.vnexpress.net/tuyensinh/index/export2?score=10&area=&college=,2026-09-29T08:42:40+00:00
vnexpress_distributions,TI,2026,6.0,993,https://diemthi.vnexpress.net/tuyensinh/index/export2?score=10&area=&college=,2026-09-29T08:42:40+00:00
vnexpress_distributions,TI,2026,5.75,1059,https://diemthi.vnexpress.net/tuyensinh/index/export2?score=10&area=&college=,2026-09-29T08:42:40+00:00
vnexpress_distributions,TI,2026,5.5,998,https://diemthi.vnexpress.net/tuyensinh/index/export2?score=10&area=&college=,2026-09-29T08:42:40+00:00
vnexpress_distributions,TI,2026,5.25,1012,https://diemthi.vnexpress.net/tuyensinh/index/export2?score=10&area=&college=,2026-09-29T08:42:40+00:00
vnexpress_distributions,TI,2026,5.0,940,https://diemthi.vnexpress.net/tuyensinh/index/export2?score=10&area=&college=,2026-09-29T08:42:40+00:00
vnexpress_distributions,TI,2026,4.75,891,https://diemthi.vnexpress.net/tuyensinh/index/export2?score=10&area=&college=,2026-09-29T08:42:40+00:00
vnexpress_distributions,TI,2026,4.5,850,https://diemthi.vnexpress.net/tuyensinh/index/export2?score=10&area=&college=,2026-09-29T08:42:40+00:00
vnexpress_distributions,TI,2026,4.25,715,https://diemthi.vnexpress.net/tuyensinh/index/export2?score=10&area=&college=,2026-09-29T08:42:40+00:00
vnexpress_distributions,TI,2026,4.0,612,https://diemthi.vnexpress.net/tuyensinh/index/export2?score=10&area=&college=,2026-09-29T08:42:40+00:00
vnexpress_distributions,TI,2026,3.75,498,https://diemthi.vnexpress.net/tuyensinh/index/export2?score=10&area=&college=,2026-09-29T08:42:40+00:00
vnexpress_distributions,TI,2026,3.5,355,https://diemthi.vnexpress.net/tuyensinh/index/export2?score=10&area=&college=,2026-09-29T08:42:40+00:00
vnexpress_distributions,TI,2026,3.25,260,https://diemthi.vnexpress.net/tuyensinh/index/export2?score=10&area=&college=,2026-09-29T08:42:40+00:00
vnexpress_distributions,TI,2026,3.0,169,https://diemthi.vnexpress.net/tuyensinh/index/export2?score=10&area=&college=,2026-09-29T08:42:40+00:00
vnexpress_distributions,TI,2026,2.75,107,https://diemthi.vnexpress.net/tuyensinh/index/export2?score=10&area=&college=,2026-09-29T08:42:40+00:00
vnexpress_distributions,TI,2026,2.5,52,https://diemthi.vnexpress.net/tuyensinh/index/export2?score=10&area=&college=,2026-09-29T08:42:40+00:00
vnexpress_distributions,TI,2026,2.25,38,https://diemthi.vnexpress.net/tuyensinh/index/export2?score=10&area=&college=,2026-09-29T08:42:40+00:00
vnexpress_distributions,TI,2026,2.0,18,https://diemthi.vnexpress.net/tuyensinh/index/export2?score=10&area=&college=,2026-09-29T08:42:40+00:00
vnexpress_distributions,TI,2026,1.75,9,https://diemthi.vnexpress.net/tuyensinh/index/export2?score=10&area=&college=,2026-09-29T08:42:40+00:00
vnexpress_distributions,TI,2026,1.5,1,https://diemthi.vnexpress.net/tuyensinh/index/export2?score=10&area=&college=,2026-09-29T08:42:40+00:00
vnexpress_distributions,TI,2026,1.25,0,https://diemthi.vnexpress.net/tuyensinh/index/export2?score=10&area=&college=,2026-09-29T08:42:40+00:00
vnexpress_distributions,TI,2026,1.0,0,https://diemthi.vnexpress.net/tuyensinh/index/export2?score=10&area=&college=,2026-09-29T08:42:40+00:00
vnexpress_distributions,TI,2026,0.75,0,https://diemthi.vnexpress.net/tuyensinh/index/export2?score=10&area=&college=,2026-09-29T08:42:40+00:00
vnexpress_distributions,TI,2026,0.5,0,https://diemthi.vnexpress.net/tuyensinh/index/export2?score=10&area=&college=,2026-09-29T08:42:40+00:00
vnexpress_distributions,TI,2026,0.25,0,https://diemthi.vnexpress.net/tuyensinh/index/export2?score=10&area=&college=,2026-09-29T08:42:40+00:00
vnexpress_distributions,TI,2026,0.0,0,https://diemthi.vnexpress.net/tuyensinh/index/export2?score=10&area=&college=,2026-09-29T08:42:40+00:00
vnexpress_distributions,CNCN,2026,10.0,40,https://diemthi.vnexpress.net/tuyensinh/index/export2?score=11&area=&college=,2026-09-29T08:42:42+00:00
vnexpress_distributions,CNCN,2026,9.75,90,https://diemthi.vnexpress.net/tuyensinh/index/export2?score=11&area=&college=,2026-09-29T08:42:42+00:00
vnexpress_distributions,CNCN,2026,9.5,113,https://diemthi.vnexpress.net/tuyensinh/index/export2?score=11&area=&college=,2026-09-29T08:42:42+00:00
vnexpress_distributions,CNCN,2026,9.25,151,https://diemthi.vnexpress.net/tuyensinh/index/export2?score=11&area=&college=,2026-09-29T08:42:42+00:00
vnexpress_distributions,CNCN,2026,9.0,161,https://diemthi.vnexpress.net/tuyensinh/index/export2?score=11&area=&college=,2026-09-29T08:42:42+00:00
vnexpress_distributions,CNCN,2026,8.75,196,https://diemthi.vnexpress.net/tuyensinh/index/export2?score=11&area=&college=,2026-09-29T08:42:42+00:00
vnexpress_distributions,CNCN,2026,8.5,184,https://diemthi.vnexpress.net/tuyensinh/index/export2?score=11&area=&college=,2026-09-29T08:42:42+00:00
vnexpress_distributions,CNCN,2026,8.25,197,https://diemthi.vnexpress.net/tuyensinh/index/export2?score=11&area=&college=,2026-09-29T08:42:42+00:00
vnexpress_distributions,CNCN,2026,8.0,261,https://diemthi.vnexpress.net/tuyensinh/index/export2?score=11&area=&college=,2026-09-29T08:42:42+00:00
vnexpress_distributions,CNCN,2026,7.75,265,https://diemthi.vnexpress.net/tuyensinh/index/export2?score=11&area=&college=,2026-09-29T08:42:42+00:00
vnexpress_distributions,CNCN,2026,7.5,325,https://diemthi.vnexpress.net/tuyensinh/index/export2?score=11&area=&college=,2026-09-29T08:42:42+00:00
vnexpress_distributions,CNCN,2026,7.25,300,https://diemthi.vnexpress.net/tuyensinh/index/export2?score=11&area=&college=,2026-09-29T08:42:42+00:00
vnexpress_distributions,CNCN,2026,7.0,332,https://diemthi.vnexpress.net/tuyensinh/index/export2?score=11&area=&college=,2026-09-29T08:42:42+00:00
vnexpress_distributions,CNCN,2026,6.75,388,https://diemthi.vnexpress.net/tuyensinh/index/export2?score=11&area=&college=,2026-09-29T08:42:42+00:00
vnexpress_distributions,CNCN,2026,6.5,455,https://diemthi.vnexpress.net/tuyensinh/index/export2?score=11&area=&college=,2026-09-29T08:42:42+00:00
vnexpress_distributions,CNCN,2026,6.25,455,https://diemthi.vnexpress.net/tuyensinh/index/export2?score=11&area=&college=,2026-09-29T08:42:42+00:00
vnexpress_distributions,CNCN,2026,6.0,432,https://diemthi.vnexpress.net/tuyensinh/index/export2?score=11&area=&college=,2026-09-29T08:42:42+00:00
vnexpress_distributions,CNCN,2026,5.75,463,https://diemthi.vnexpress.net/tuyensinh/index/export2?score=11&area=&college=,2026-09-29T08:42:42+00:00
vnexpress_distributions,CNCN,2026,5.5,503,https://diemthi.vnexpress.net/tuyensinh/index/export2?score=11&area=&college=,2026-09-29T08:42:42+00:00
vnexpress_distributions,CNCN,2026,5.25,485,https://diemthi.vnexpress.net/tuyensinh/index/export2?score=11&area=&college=,2026-09-29T08:42:42+00:00
vnexpress_distributions,CNCN,2026,5.0,426,https://diemthi.vnexpress.net/tuyensinh/index/export2?score=11&area=&college=,2026-09-29T08:42:42+00:00
vnexpress_distributions,CNCN,2026,4.75,337,https://diemthi.vnexpress.net/tuyensinh/index/export2?score=11&area=&college=,2026-09-29T08:42:42+00:00
vnexpress_distributions,CNCN,2026,4.5,250,https://diemthi.vnexpress.net/tuyensinh/index/export2?score=11&area=&college=,2026-09-29T08:42:42+00:00
vnexpress_distributions,CNCN,2026,4.25,187,https://diemthi.vnexpress.net/tuyensinh/index/export2?score=11&area=&college=,2026-09-29T08:42:42+00:00
vnexpress_distributions,CNCN,2026,4.0,89,https://diemthi.vnexpress.net/tuyensinh/index/export2?score=11&area=&college=,2026-09-29T08:42:42+00:00
vnexpress_distributions,CNCN,2026,3.75,55,https://diemthi.vnexpress.net/tuyensinh/index/export2?score=11&area=&college=,2026-09-29T08:42:42+00:00
vnexpress_distributions,CNCN,2026,3.5,38,https://diemthi.vnexpress.net/tuyensinh/index/export2?score=11&area=&college=,2026-09-29T08:42:42+00:00
vnexpress_distributions,CNCN,2026,3.25,14,https://diemthi.vnexpress.net/tuyensinh/index/export2?score=11&area=&college=,2026-09-29T08:42:42+00:00
vnexpress_distributions,CNCN,2026,3.0,8,https://diemthi.vnexpress.net/tuyensinh/index/export2?score=11&area=&college=,2026-09-29T08:42:42+00:00
vnexpress_distributions,CNCN,2026,2.75,5,https://diemthi.vnexpress.net/tuyensinh/index/export2?score=11&area=&college=,2026-09-29T08:42:42+00:00
vnexpress_distributions,CNCN,2026,2.5,3,https://diemthi.vnexpress.net/tuyensinh/index/export2?score=11&area=&college=,2026-09-29T08:42:42+00:00
vnexpress_distributions,CNCN,2026,2.25,1,https://diemthi.vnexpress.net/tuyensinh/index/export2?score=11&area=&college=,2026-09-29T08:42:42+00:00
vnexpress_distributions,CNCN,2026,2.0,0,https://diemthi.vnexpress.net/tuyensinh/index/export2?score=11&area=&college=,2026-09-29T08:42:42+00:00
vnexpress_distributions,CNCN,2026,1.75,0,https://diemthi.vnexpress.net/tuyensinh/index/export2?score=11&area=&college=,2026-09-29T08:42:42+00:00
vnexpress_distributions,CNCN,2026,1.5,0,https://diemthi.vnexpress.net/tuyensinh/index/export2?score=11&area=&college=,2026-09-29T08:42:42+00:00
vnexpress_distributions,CNCN,2026,1.25,0,https://diemthi.vnexpress.net/tuyensinh/index/export2?score=11&area=&college=,2026-09-29T08:42:42+00:00
vnexpress_distributions,CNCN,2026,1.0,0,https://diemthi.vnexpress.net/tuyensinh/index/export2?score=11&area=&college=,2026-09-29T08:42:42+00:00
vnexpress_distributions,CNCN,2026,0.75,0,https://diemthi.vnexpress.net/tuyensinh/index/export2?score=11&area=&college=,2026-09-29T08:42:42+00:00
vnexpress_distributions,CNCN,2026,0.5,0,https://diemthi.vnexpress.net/tuyensinh/index/export2?score=11&area=&college=,2026-09-29T08:42:42+00:00
vnexpress_distributions,CNCN,2026,0.25,0,https://diemthi.vnexpress.net/tuyensinh/index/export2?score=11&area=&college=,2026-09-29T08:42:42+00:00
vnexpress_distributions,CNCN,2026,0.0,0,https://diemthi.vnexpress.net/tuyensinh/index/export2?score=11&area=&college=,2026-09-29T08:42:42+00:00
vnexpress_distributions,CNNN,2026,10.0,44,https://diemthi.vnexpress.net/tuyensinh/index/export2?score=12&area=&college=,2026-09-29T08:42:44+00:00
vnexpress_distributions,CNNN,2026,9.75,97,https://diemthi.vnexpress.net/tuyensinh/index/export2?score=12&area=&college=,2026-09-29T08:42:44+00:00
vnexpress_distributions,CNNN,2026,9.5,213,https://diemthi.vnexpress.net/tuyensinh/index/export2?score=12&area=&college=,2026-09-29T08:42:44+00:00
vnexpress_distributions,CNNN,2026,9.25,386,https://diemthi.vnexpress.net/tuyensinh/index/export2?score=12&area=&college=,2026-09-29T08:42:44+00:00
vnexpress_distributions,CNNN,2026,9.0,716,https://diemthi.vnexpress.net/tuyensinh/index/export2?score=12&area=&college=,2026-09-29T08:42:44+00:00
vnexpress_distributions,CNNN,2026,8.75,1007,https://diemthi.vnexpress.net/tuyensinh/index/export2?score=12&area=&college=,2026-09-29T08:42:44+00:00
vnexpress_distributions,CNNN,2026,8.5,1351,https://diemthi.vnexpress.net/tuyensinh/index/export2?score=12&area=&college=,2026-09-29T08:42:44+00:00
vnexpress_distributions,CNNN,2026,8.25,1644,https://diemthi.vnexpress.net/tuyensinh/index/export2?score=12&area=&college=,2026-09-29T08:42:44+00:00
vnexpress_distributions,CNNN,2026,8.0,2095,https://diemthi.vnexpress.net/tuyensinh/index/export2?score=12&area=&college=,2026-09-29T08:42:44+00:00
vnexpress_distributions,CNNN,2026,7.75,2314,https://diemthi.vnexpress.net/tuyensinh/index/export2?score=12&area=&college=,2026-09-29T08:42:44+00:00
vnexpress_distributions,CNNN,2026,7.5,2561,https://diemthi.vnexpress.net/tuyensinh/index/export2?score=12&area=&college=,2026-09-29T08:42:44+00:00
vnexpress_distributions,CNNN,2026,7.25,2614,https://diemthi.vnexpress.net/tuyensinh/index/export2?score=12&area=&college=,2026-09-29T08:42:44+00:00
vnexpress_distributions,CNNN,2026,7.0,2406,https://diemthi.vnexpress.net/tuyensinh/index/export2?score=12&area=&college=,2026-09-29T08:42:44+00:00
vnexpress_distributions,CNNN,2026,6.75,2305,https://diemthi.vnexpress.net/tuyensinh/index/export2?score=12&area=&college=,2026-09-29T08:42:44+00:00
vnexpress_distributions,CNNN,2026,6.5,2049,https://diemthi.vnexpress.net/tuyensinh/index/export2?score=12&area=&college=,2026-09-29T08:42:44+00:00
vnexpress_distributions,CNNN,2026,6.25,1780,https://diemthi.vnexpress.net/tuyensinh/index/export2?score=12&area=&college=,2026-09-29T08:42:44+00:00
vnexpress_distributions,CNNN,2026,6.0,1567,https://diemthi.vnexpress.net/tuyensinh/index/export2?score=12&area=&college=,2026-09-29T08:42:44+00:00
vnexpress_distributions,CNNN,2026,5.75,1321,https://diemthi.vnexpress.net/tuyensinh/index/export2?score=12&area=&college=,2026-09-29T08:42:44+00:00
vnexpress_distributions,CNNN,2026,5.5,1025,https://diemthi.vnexpress.net/tuyensinh/index/export2?score=12&area=&college=,2026-09-29T08:42:44+00:00
vnexpress_distributions,CNNN,2026,5.25,820,https://diemthi.vnexpress.net/tuyensinh/index/export2?score=12&area=&college=,2026-09-29T08:42:44+00:00
vnexpress_distributions,CNNN,2026,5.0,676,https://diemthi.vnexpress.net/tuyensinh/index/export2?score=12&area=&college=,2026-09-29T08:42:44+00:00
vnexpress_distributions,CNNN,2026,4.75,526,https://diemthi.vnexpress.net/tuyensinh/index/export2?score=12&area=&college=,2026-09-29T08:42:44+00:00
vnexpress_distributions,CNNN,2026,4.5,419,https://diemthi.vnexpress.net/tuyensinh/index/export2?score=12&area=&college=,2026-09-29T08:42:44+00:00
vnexpress_distributions,CNNN,2026,4.25,335,https://diemthi.vnexpress.net/tuyensinh/index/export2?score=12&area=&college=,2026-09-29T08:42:44+00:00
vnexpress_distributions,CNNN,2026,4.0,239,https://diemthi.vnexpress.net/tuyensinh/index/export2?score=12&area=&college=,2026-09-29T08:42:44+00:00
vnexpress_distributions,CNNN,2026,3.75,178,https://diemthi.vnexpress.net/tuyensinh/index/export2?score=12&area=&college=,2026-09-29T08:42:44+00:00
vnexpress_distributions,CNNN,2026,3.5,132,https://diemthi.vnexpress.net/tuyensinh/index/export2?score=12&area=&college=,2026-09-29T08:42:44+00:00
vnexpress_distributions,CNNN,2026,3.25,70,https://diemthi.vnexpress.net/tuyensinh/index/export2?score=12&area=&college=,2026-09-29T08:42:44+00:00
vnexpress_distributions,CNNN,2026,3.0,71,https://diemthi.vnexpress.net/tuyensinh/index/export2?score=12&area=&college=,2026-09-29T08:42:44+00:00
vnexpress_distributions,CNNN,2026,2.75,42,https://diemthi.vnexpress.net/tuyensinh/index/export2?score=12&area=&college=,2026-09-29T08:42:44+00:00
vnexpress_distributions,CNNN,2026,2.5,36,https://diemthi.vnexpress.net/tuyensinh/index/export2?score=12&area=&college=,2026-09-29T08:42:44+00:00
vnexpress_distributions,CNNN,2026,2.25,19,https://diemthi.vnexpress.net/tuyensinh/index/export2?score=12&area=&college=,2026-09-29T08:42:44+00:00
vnexpress_distributions,CNNN,2026,2.0,8,https://diemthi.vnexpress.net/tuyensinh/index/export2?score=12&area=&college=,2026-09-29T08:42:44+00:00
vnexpress_distributions,CNNN,2026,1.75,6,https://diemthi.vnexpress.net/tuyensinh/index/export2?score=12&area=&college=,2026-09-29T08:42:44+00:00
vnexpress_distributions,CNNN,2026,1.5,5,https://diemthi.vnexpress.net/tuyensinh/index/export2?score=12&area=&college=,2026-09-29T08:42:44+00:00
vnexpress_distributions,CNNN,2026,1.25,1,https://diemthi.vnexpress.net/tuyensinh/index/export2?score=12&area=&college=,2026-09-29T08:42:44+00:00
vnexpress_distributions,CNNN,2026,1.0,1,https://diemthi.vnexpress.net/tuyensinh/index/export2?score=12&area=&college=,2026-09-29T08:42:44+00:00
vnexpress_distributions,CNNN,2026,0.75,0,https://diemthi.vnexpress.net/tuyensinh/index/export2?score=12&area=&college=,2026-09-29T08:42:44+00:00
vnexpress_distributions,CNNN,2026,0.5,0,https://diemthi.vnexpress.net/tuyensinh/index/export2?score=12&area=&college=,2026-09-29T08:42:44+00:00
vnexpress_distributions,CNNN,2026,0.25,0,https://diemthi.vnexpress.net/tuyensinh/index/export2?score=12&area=&college=,2026-09-29T08:42:44+00:00
vnexpress_distributions,CNNN,2026,0.0,0,https://diemthi.vnexpress.net/tuyensinh/index/export2?score=12&area=&college=,2026-09-29T08:42:44+00:00
vnexpress_distributions,KTPL,2026,10.0,2,https://diemthi.vnexpress.net/tuyensinh/index/export2?score=13&area=&college=,2026-09-29T08:42:45+00:00
vnexpress_distributions,KTPL,2026,9.75,7,https://diemthi.vnexpress.net/tuyensinh/index/export2?score=13&area=&college=,2026-09-29T08:42:45+00:00
vnexpress_distributions,KTPL,2026,9.5,21,https://diemthi.vnexpress.net/tuyensinh/index/export2?score=13&area=&college=,2026-09-29T08:42:45+00:00
vnexpress_distributions,KTPL,2026,9.25,66,https://diemthi.vnexpress.net/tuyensinh/index/export2?score=13&area=&college=,2026-09-29T08:42:45+00:00
vnexpress_distributions,KTPL,2026,9.0,129,https://diemthi.vnexpress.net/tuyensinh/index/export2?score=13&area=&college=,2026-09-29T08:42:45+00:00
vnexpress_distributions,KTPL,2026,8.75,249,https://diemthi.vnexpress.net/tuyensinh/index/export2?score=13&area=&college=,2026-09-29T08:42:45+00:00
vnexpress_distributions,KTPL,2026,8.5,503,https://diemthi.vnexpress.net/tuyensinh/index/export2?score=13&area=&college=,2026-09-29T08:42:45+00:00
vnexpress_distributions,KTPL,2026,8.25,977,https://diemthi.vnexpress.net/tuyensinh/index/export2?score=13&area=&college=,2026-09-29T08:42:45+00:00
vnexpress_distributions,KTPL,2026,8.0,1576,https://diemthi.vnexpress.net/tuyensinh/index/export2?score=13&area=&college=,2026-09-29T08:42:45+00:00
vnexpress_distributions,KTPL,2026,7.75,2561,https://diemthi.vnexpress.net/tuyensinh/index/export2?score=13&area=&college=,2026-09-29T08:42:45+00:00
vnexpress_distributions,KTPL,2026,7.5,3695,https://diemthi.vnexpress.net/tuyensinh/index/export2?score=13&area=&college=,2026-09-29T08:42:45+00:00
vnexpress_distributions,KTPL,2026,7.25,5406,https://diemthi.vnexpress.net/tuyensinh/index/export2?score=13&area=&college=,2026-09-29T08:42:45+00:00
vnexpress_distributions,KTPL,2026,7.0,7288,https://diemthi.vnexpress.net/tuyensinh/index/export2?score=13&area=&college=,2026-09-29T08:42:45+00:00
vnexpress_distributions,KTPL,2026,6.75,9376,https://diemthi.vnexpress.net/tuyensinh/index/export2?score=13&area=&college=,2026-09-29T08:42:45+00:00
vnexpress_distributions,KTPL,2026,6.5,11575,https://diemthi.vnexpress.net/tuyensinh/index/export2?score=13&area=&college=,2026-09-29T08:42:45+00:00
vnexpress_distributions,KTPL,2026,6.25,13715,https://diemthi.vnexpress.net/tuyensinh/index/export2?score=13&area=&college=,2026-09-29T08:42:45+00:00
vnexpress_distributions,KTPL,2026,6.0,15674,https://diemthi.vnexpress.net/tuyensinh/index/export2?score=13&area=&college=,2026-09-29T08:42:45+00:00
vnexpress_distributions,KTPL,2026,5.75,17129,https://diemthi.vnexpress.net/tuyensinh/index/export2?score=13&area=&college=,2026-09-29T08:42:45+00:00
vnexpress_distributions,KTPL,2026,5.5,18552,https://diemthi.vnexpress.net/tuyensinh/index/export2?score=13&area=&college=,2026-09-29T08:42:45+00:00
vnexpress_distributions,KTPL,2026,5.25,19287,https://diemthi.vnexpress.net/tuyensinh/index/export2?score=13&area=&college=,2026-09-29T08:42:45+00:00
vnexpress_distributions,KTPL,2026,5.0,19455,https://diemthi.vnexpress.net/tuyensinh/index/export2?score=13&area=&college=,2026-09-29T08:42:45+00:00
vnexpress_distributions,KTPL,2026,4.75,19154,https://diemthi.vnexpress.net/tuyensinh/index/export2?score=13&area=&college=,2026-09-29T08:42:45+00:00
vnexpress_distributions,KTPL,2026,4.5,18722,https://diemthi.vnexpress.net/tuyensinh/index/export2?score=13&area=&college=,2026-09-29T08:42:45+00:00
vnexpress_distributions,KTPL,2026,4.25,17857,https://diemthi.vnexpress.net/tuyensinh/index/export2?score=13&area=&college=,2026-09-29T08:42:45+00:00
vnexpress_distributions,KTPL,2026,4.0,16289,https://diemthi.vnexpress.net/tuyensinh/index/export2?score=13&area=&college=,2026-09-29T08:42:45+00:00
vnexpress_distributions,KTPL,2026,3.75,14578,https://diemthi.vnexpress.net/tuyensinh/index/export2?score=13&area=&college=,2026-09-29T08:42:45+00:00
vnexpress_distributions,KTPL,2026,3.5,12926,https://diemthi.vnexpress.net/tuyensinh/index/export2?score=13&area=&college=,2026-09-29T08:42:45+00:00
vnexpress_distributions,KTPL,2026,3.25,10685,https://diemthi.vnexpress.net/tuyensinh/index/export2?score=13&area=&college=,2026-09-29T08:42:45+00:00
vnexpress_distributions,KTPL,2026,3.0,8432,https://diemthi.vnexpress.net/tuyensinh/index/export2?score=13&area=&college=,2026-09-29T08:42:45+00:00
vnexpress_distributions,KTPL,2026,2.75,6265,https://diemthi.vnexpress.net/tuyensinh/index/export2?score=13&area=&college=,2026-09-29T08:42:45+00:00
vnexpress_distributions,KTPL,2026,2.5,4458,https://diemthi.vnexpress.net/tuyensinh/index/export2?score=13&area=&college=,2026-09-29T08:42:45+00:00
vnexpress_distributions,KTPL,2026,2.25,2832,https://diemthi.vnexpress.net/tuyensinh/index/export2?score=13&area=&college=,2026-09-29T08:42:45+00:00
vnexpress_distributions,KTPL,2026,2.0,1702,https://diemthi.vnexpress.net/tuyensinh/index/export2?score=13&area=&college=,2026-09-29T08:42:45+00:00
vnexpress_distributions,KTPL,2026,1.75,832,https://diemthi.vnexpress.net/tuyensinh/index/export2?score=13&area=&college=,2026-09-29T08:42:45+00:00
vnexpress_distributions,KTPL,2026,1.5,357,https://diemthi.vnexpress.net/tuyensinh/index/export2?score=13&area=&college=,2026-09-29T08:42:45+00:00
vnexpress_distributions,KTPL,2026,1.25,128,https://diemthi.vnexpress.net/tuyensinh/index/export2?score=13&area=&college=,2026-09-29T08:42:45+00:00
vnexpress_distributions,KTPL,2026,1.0,47,https://diemthi.vnexpress.net/tuyensinh/index/export2?score=13&area=&college=,2026-09-29T08:42:45+00:00
vnexpress_distributions,KTPL,2026,0.75,12,https://diemthi.vnexpress.net/tuyensinh/index/export2?score=13&area=&college=,2026-09-29T08:42:45+00:00
vnexpress_distributions,KTPL,2026,0.5,0,https://diemthi.vnexpress.net/tuyensinh/index/export2?score=13&area=&college=,2026-09-29T08:42:45+00:00
vnexpress_distributions,KTPL,2026,0.25,0,https://diemthi.vnexpress.net/tuyensinh/index/export2?score=13&area=&college=,2026-09-29T08:42:45+00:00
vnexpress_distributions,KTPL,2026,0.0,0,https://diemthi.vnexpress.net/tuyensinh/index/export2?score=13&area=&college=,2026-09-29T08:42:45+00:00
