school_code,vne_id,vne_name
BKA,349.0,Đại học Bách khoa Hà Nội
QHI,415.0,Đại học Công nghệ - Đại học Quốc gia Hà Nội
QHT,419.0,Đại học Khoa học tự nhiên - Đại học Quốc Gia Hà Nội
QHX,420.0,Đại học Khoa học Xã hội và Nhân văn - Đại học Quốc gia Hà Nội
QHE,413.0,Đại học Kinh Tế - Đại học Quốc Gia Hà Nội
QHF,414.0,Đại học Ngoại ngữ - Đại học Quốc Gia Hà Nội
QHS,418.0,Đại học Giáo dục - Đại học Quốc gia Hà Nội
KHA,392.0,Đại học Kinh tế quốc dân
NTH,338.0,Đại học Ngoại thương (phía Bắc)
TMU,,
NHH,405.0,Học viện Ngân hàng
HTC,387.0,Học viện Tài chính
BVH,351.0,Học viện Công nghệ Bưu chính Viễn thông (phía Bắc)
DCN,356.0,Đại học Công nghiệp Hà Nội
GHA,378.0,Đại học Giao thông Vận tải ( Cơ sở Phía Bắc )
XDA,429.0,Đại học Xây dựng Hà Nội
LPH,399.0,Đại học Luật Hà Nội
SPH,423.0,Đại học Sư phạm Hà Nội
YHB,432.0,Đại học Y Hà Nội
NHF,404.0,Đại học Hà Nội
TLA,425.0,Đại học Thủy Lợi ( Cơ sở 1 )
HQT,386.0,Học viện Ngoại giao
KMA,393.0,Học viện Kỹ thuật mật mã
DTL,373.0,Đại học Thăng Long
MHN,401.0,Đại học Mở Hà Nội
HBT,381.0,Học viện Báo chí và Tuyên truyền
HCP,383.0,Học viện Chính sách và Phát triển
MDA,400.0,Đại học Mỏ - Địa chất
DDL,358.0,Đại học Điện lực
HVN,,
PKA,,
FBU,376.0,Đại học Tài Chính Ngân Hàng Hà Nội
QSB,283.0,Đại học Bách khoa - Đại học Quốc gia TP HCM
QSC,284.0,Đại học Công nghệ Thông tin - Đại học Quốc gia TP HCM
QST,287.0,Đại học Khoa học Tự nhiên - Đại học Quốc gia TP HCM
QSX,288.0,Đại học Khoa học xã hội và Nhân văn - Đại học Quốc gia TP HCM
QSK,285.0,"Đại học Kinh tế - Luật, Đại học Quốc gia TP HCM"
QSQ,286.0,Đại học Quốc tế - Đại học Quốc gia TP HCM
KSA,272.0,Đại học Kinh tế TP HCM
NHS,277.0,Đại học Ngân hàng TP HCM
SPK,290.0,Đại học Sư phạm Kỹ thuật TP HCM
SPS,291.0,Đại học Sư phạm TP HCM
IUH,,
DTT,263.0,Đại học Tôn Đức Thắng
DMS,258.0,Đại học Tài chính Marketing
LPS,274.0,Đại học Luật TP HCM
NLS,278.0,Đại học Nông Lâm TP HCM
MBS,275.0,Đại học Mở TP HCM
SGD,289.0,Đại học Sài Gòn
YDS,298.0,Đại học Y Dược TP HCM
DKC,256.0,Đại học Công nghệ TP HCM
DVL,265.0,Đại học Văn Lang
UEF,294.0,Đại học Kinh tế - Tài chính TP HCM
HSU,261.0,Đại học Hoa Sen
BVS,252.0,Học viện Công nghệ Bưu chính Viễn thông (phía Nam)
KTS,273.0,Đại học Kiến trúc TP HCM
NTS,279.0,Đại học Ngoại thương (phía Nam)
DCT,255.0,Đại học Công Thương TP HCM
HIU,270.0,Đại học Quốc tế Hồng Bàng
SIU,293.0,Đại học Quốc tế Sài Gòn
