source,combo,year,bin_low,bin_width,count,url,fetched_at
vnexpress_distributions,A00,2026,30.0,1.0,1,https://diemthi.vnexpress.net/tuyensinh/index/exporttohop?score=A00&area=&college=,2026-09-29T08:41:58+00:00
vnexpress_distributions,A00,2026,29.0,1.0,196,https://diemthi.vnexpress.net/tuyensinh/index/exporttohop?score=A00&area=&college=,2026-09-29T08:41:58+00:00
vnexpress_distributions,A00,2026,28.0,1.0,927,https://diemthi.vnexpress.net/tuyensinh/index/exporttohop?score=A00&area=&college=,2026-09-29T08:41:58+00:00
vnexpress_distributions,A00,2026,27.0,1.0,2362,https://diemthi.vnexpress.net/tuyensinh/index/exporttohop?score=A00&area=&college=,2026-09-29T08:41:58+00:00
vnexpress_distributions,A00,2026,26.0,1.0,4815,https://diemthi.vnexpress.net/tuyensinh/index/exporttohop?score=A00&area=&college=,2026-09-29T08:41:58+00:00
vnexpress_distributions,A00,2026,25.0,1.0,8401,https://diemthi.vnexpress.net/tuyensinh/index/exporttohop?score=A00&area=&college=,2026-09-29T08:41:58+00:00
vnexpress_distributions,A00,2026,24.0,1.0,11601,https://diemthi.vnexpress.net/tuyensinh/index/exporttohop?score=A00&area=&college=,2026-09-29T08:41:58+00:00
vnexpress_distributions,A00,2026,23.0,1.0,13751,https://diemthi.vnexpress.net/tuyensinh/index/exporttohop?score=A00&area=&college=,2026-09-29T08:41:58+00:00
vnexpress_distributions,A00,2026,22.0,1.0,14724,https://diemthi.vnexpress.net/tuyensinh/index/exporttohop?score=A00&area=&college=,2026-09-29T08:41:58+00:00
vnexpress_distributions,A00,2026,21.0,1.0,14488,https://diemthi.vnexpress.net/tuyensinh/index/exporttohop?score=A00&area=&college=,2026-09-29T08:41:58+00:00
vnexpress_distributions,A00,2026,20.0,1.0,13772,https://diemthi.vnexpress.net/tuyensinh/index/exporttohop?score=A00&area=&college=,2026-09-29T08:41:58+00:00
vnexpress_distributions,A00,2026,19.0,1.0,13228,https://diemthi.vnexpress.net/tuyensinh/index/exporttohop?score=A00&area=&college=,2026-09-29T08:41:58+00:00
vnexpress_distributions,A00,2026,18.0,1.0,12708,https://diemthi.vnexpress.net/tuyensinh/index/exporttohop?score=A00&area=&college=,2026-09-29T08:41:58+00:00
vnexpress_distributions,A00,2026,17.0,1.0,12109,https://diemthi.vnexpress.net/tuyensinh/index/exporttohop?score=A00&area=&college=,2026-09-29T08:41:58+00:00
vnexpress_distributions,A00,2026,16.0,1.0,11175,https://diemthi.vnexpress.net/tuyensinh/index/exporttohop?score=A00&area=&college=,2026-09-29T08:41:58+00:00
vnexpress_distributions,A00,2026,15.0,1.0,10231,https://diemthi.vnexpress.net/tuyensinh/index/exporttohop?score=A00&area=&college=,2026-09-29T08:41:58+00:00
vnexpress_distributions,A00,2026,14.0,1.0,9156,https://diemthi.vnexpress.net/tuyensinh/index/exporttohop?score=A00&area=&college=,2026-09-29T08:41:58+00:00
vnexpress_distributions,A00,2026,13.0,1.0,7544,https://diemthi.vnexpress.net/tuyensinh/index/exporttohop?score=A00&area=&college=,2026-09-29T08:41:58+00:00
vnexpress_distributions,A00,2026,12.0,1.0,5869,https://diemthi.vnexpress.net/tuyensinh/index/exporttohop?score=A00&area=&college=,2026-09-29T08:41:58+00:00
vnexpress_distributions,A00,2026,11.0,1.0,3935,https://diemthi.vnexpress.net/tuyensinh/index/exporttohop?score=A00&area=&college=,2026-09-29T08:41:58+00:00
vnexpress_distributions,A00,2026,10.0,1.0,2348,https://diemthi.vnexpress.net/tuyensinh/index/exporttohop?score=A00&area=&college=,2026-09-29T08:41:58+00:00
vnexpress_distributions,A00,2026,9.0,1.0,1154,https://diemthi.vnexpress.net/tuyensinh/index/exporttohop?score=A00&area=&college=,2026-09-29T08:41:58+00:00
vnexpress_distributions,A00,2026,8.0,1.0,506,https://diemthi.vnexpress.net/tuyensinh/index/exporttohop?score=A00&area=&college=,2026-09-29T08:41:58+00:00
vnexpress_distributions,A00,2026,7.0,1.0,174,https://diemthi.vnexpress.net/tuyensinh/index/exporttohop?score=A00&area=&college=,2026-09-29T08:41:58+00:00
vnexpress_distributions,A00,2026,6.0,1.0,56,https://diemthi.vnexpress.net/tuyensinh/index/exporttohop?score=A00&area=&college=,2026-09-29T08:41:58+00:00
vnexpress_distributions,A00,2026,5.0,1.0,7,https://diemthi.vnexpress.net/tuyensinh/index/exporttohop?score=A00&area=&college=,2026-09-29T08:41:58+00:00
vnexpress_distributions,A00,2026,4.0,1.0,3,https://diemthi.vnexpress.net/tuyensinh/index/exporttohop?score=A00&area=&college=,2026-09-29T08:41:58+00:00
vnexpress_distributions,A00,2026,3.0,1.0,0,https://diemthi.vnexpress.net/tuyensinh/index/exporttohop?score=A00&area=&college=,2026-09-29T08:41:58+00:00
vnexpress_distributions,A00,2026,2.0,1.0,0,https://diemthi.vnexpress.net/tuyensinh/index/exporttohop?score=A00&area=&college=,2026-09-29T08:41:58+00:00
vnexpress_distributions,A00,2026,1.0,1.0,0,https://diemthi.vnexpress.net/tuyensinh/index/exporttohop?score=A00&area=&college=,2026-09-29T08:41:58+00:00
vnexpress_distributions,A00,2026,0.0,1.0,0,https://diemthi.vnexpress.net/tuyensinh/index/exporttohop?score=A00&area=&college=,2026-09-29T08:41:58+00:00
vnexpress_distributions,A01,2026,30.0,1.0,0,https://diemthi.vnexpress.net/tuyensinh/index/exporttohop?score=A01&area=&college=,2026-09-29T08:42:00+00:00
vnexpress_distributions,A01,2026,29.0,1.0,32,https://diemthi.vnexpress.net/tuyensinh/index/exporttohop?score=A01&area=&college=,2026-09-29T08:42:00+00:00
vnexpress_distributions,A01,2026,28.0,1.0,278,https://diemthi.vnexpress.net/tuyensinh/index/exporttohop?score=A01&area=&college=,2026-09-29T08:42:00+00:00
vnexpress_distributions,A01,2026,27.0,1.0,890,https://diemthi.vnexpress.net/tuyensinh/index/exporttohop?score=A01&area=&college=,2026-09-29T08:42:00+00:00
vnexpress_distributions,A01,2026,26.0,1.0,2130,https://diemthi.vnexpress.net/tuyensinh/index/exporttohop?score=A01&area=&college=,2026-09-29T08:42:00+00:00
vnexpress_distributions,A01,2026,25.0,1.0,3775,https://diemthi.vnexpress.net/tuyensinh/index/exporttohop?score=A01&area=&college=,2026-09-29T08:42:00+00:00
vnexpress_distributions,A01,2026,24.0,1.0,6031,https://diemthi.vnexpress.net/tuyensinh/index/exporttohop?score=A01&area=&college=,2026-09-29T08:42:00+00:00
vnexpress_distributions,A01,2026,23.0,1.0,8038,https://diemthi.vnexpress.net/tuyensinh/index/exporttohop?score=A01&area=&college=,2026-09-29T08:42:00+00:00
vnexpress_distributions,A01,2026,22.0,1.0,9766,https://diemthi.vnexpress.net/tuyensinh/index/exporttohop?score=A01&area=&college=,2026-09-29T08:42:00+00:00
vnexpress_distributions,A01,2026,21.0,1.0,11112,https://diemthi.vnexpress.net/tuyensinh/index/exporttohop?score=A01&area=&college=,2026-09-29T08:42:00+00:00
vnexpress_distributions,A01,2026,20.0,1.0,11906,https://diemthi.vnexpress.net/tuyensinh/index/exporttohop?score=A01&area=&college=,2026-09-29T08:42:00+00:00
vnexpress_distributions,A01,2026,19.0,1.0,12300,https://diemthi.vnexpress.net/tuyensinh/index/exporttohop?score=A01&area=&college=,2026-09-29T08:42:00+00:00
vnexpress_distributions,A01,2026,18.0,1.0,12514,https://diemthi.vnexpress.net/tuyensinh/index/exporttohop?score=A01&area=&college=,2026-09-29T08:42:00+00:00
vnexpress_distributions,A01,2026,17.0,1.0,12196,https://diemthi.vnexpress.net/tuyensinh/index/exporttohop?score=A01&area=&college=,2026-09-29T08:42:00+00:00
vnexpress_distributions,A01,2026,16.0,1.0,11569,https://diemthi.vnexpress.net/tuyensinh/index/exporttohop?score=A01&area=&college=,2026-09-29T08:42:00+00:00
vnexpress_distributions,A01,2026,15.0,1.0,10720,https://diemthi.vnexpress.net/tuyensinh/index/exporttohop?score=A01&area=&college=,2026-09-29T08:42:00+00:00
vnexpress_distributions,A01,2026,14.0,1.0,9566,https://diemthi.vnexpress.net/tuyensinh/index/exporttohop?score=A01&area=&college=,2026-09-29T08:42:00+00:00
vnexpress_distributions,A01,2026,13.0,1.0,7961,https://diemthi.vnexpress.net/tuyensinh/index/exporttohop?score=A01&area=&college=,2026-09-29T08:42:00+00:00
vnexpress_distributions,A01,2026,12.0,1.0,6145,https://diemthi.vnexpress.net/tuyensinh/index/exporttohop?score=A01&area=&college=,2026-09-29T08:42:00+00:00
vnexpress_distributions,A01,2026,11.0,1.0,4025,https://diemthi.vnexpress.net/tuyensinh/index/exporttohop?score=A01&area=&college=,2026-09-29T08:42:00+00:00
vnexpress_distributions,A01,2026,10.0,1.0,2157,https://diemthi.vnexpress.net/tuyensinh/index/exporttohop?score=A01&area=&college=,2026-09-29T08:42:00+00:00
vnexpress_distributions,A01,2026,9.0,1.0,834,https://diemthi.vnexpress.net/tuyensinh/index/exporttohop?score=A01&area=&college=,2026-09-29T08:42:00+00:00
vnexpress_distributions,A01,2026,8.0,1.0,265,https://diemthi.vnexpress.net/tuyensinh/index/exporttohop?score=A01&area=&college=,2026-09-29T08:42:00+00:00
vnexpress_distributions,A01,2026,7.0,1.0,69,https://diemthi.vnexpress.net/tuyensinh/index/exporttohop?score=A01&area=&college=,2026-09-29T08:42:00+00:00
vnexpress_distributions,A01,2026,6.0,1.0,19,https://diemthi.vnexpress.net/tuyensinh/index/exporttohop?score=A01&area=&college=,2026-09-29T08:42:00+00:00
vnexpress_distributions,A01,2026,5.0,1.0,2,https://diemthi.vnexpress.net/tuyensinh/index/exporttohop?score=A01&area=&college=,2026-09-29T08:42:00+00:00
vnexpress_distributions,A01,2026,4.0,1.0,0,https://diemthi.vnexpress.net/tuyensinh/index/exporttohop?score=A01&area=&college=,2026-09-29T08:42:00+00:00
vnexpress_distributions,A01,2026,3.0,1.0,0,https://diemthi.vnexpress.net/tuyensinh/index/exporttohop?score=A01&area=&college=,2026-09-29T08:42:00+00:00
vnexpress_distributions,A01,2026,2.0,1.0,0,https://diemthi.vnexpress.net/tuyensinh/index/exporttohop?score=A01&area=&college=,2026-09-29T08:42:00+00:00
vnexpress_distributions,A01,2026,1.0,1.0,0,https://diemthi.vnexpress.net/tuyensinh/index/exporttohop?score=A01&area=&college=,2026-09-29T08:42:00+00:00
vnexpress_distributions,A01,2026,0.0,1.0,0,https://diemthi.vnexpress.net/tuyensinh/index/exporttohop?score=A01&area=&college=,2026-09-29T08:42:00+00:00
vnexpress_distributions,A02,2026,30.0,1.0,0,https://diemthi.vnexpress.net/tuyensinh/index/exporttohop?score=A02&area=&college=,2026-09-29T08:42:02+00:00
vnexpress_distributions,A02,2026,29.0,1.0,0,https://diemthi.vnexpress.net/tuyensinh/index/exporttohop?score=A02&area=&college=,2026-09-29T08:42:02+00:00
vnexpress_distributions,A02,2026,28.0,1.0,0,https://diemthi.vnexpress.net/tuyensinh/index/exporttohop?score=A02&area=&college=,2026-09-29T08:42:02+00:00
vnexpress_distributions,A02,2026,27.0,1.0,0,https://diemthi.vnexpress.net/tuyensinh/index/exporttohop?score=A02&area=&college=,2026-09-29T08:42:02+00:00
vnexpress_distributions,A02,2026,26.0,1.0,2,https://diemthi.vnexpress.net/tuyensinh/index/exporttohop?score=A02&area=&college=,2026-09-29T08:42:02+00:00
vnexpress_distributions,A02,2026,25.0,1.0,7,https://diemthi.vnexpress.net/tuyensinh/index/exporttohop?score=A02&area=&college=,2026-09-29T08:42:02+00:00
vnexpress_distributions,A02,2026,24.0,1.0,22,https://diemthi.vnexpress.net/tuyensinh/index/exporttohop?score=A02&area=&college=,2026-09-29T08:42:02+00:00
vnexpress_distributions,A02,2026,23.0,1.0,44,https://diemthi.vnexpress.net/tuyensinh/index/exporttohop?score=A02&area=&college=,2026-09-29T08:42:02+00:00
vnexpress_distributions,A02,2026,22.0,1.0,63,https://diemthi.vnexpress.net/tuyensinh/index/exporttohop?score=A02&area=&college=,2026-09-29T08:42:02+00:00
vnexpress_distributions,A02,2026,21.0,1.0,111,https://diemthi.vnexpress.net/tuyensinh/index/exporttohop?score=A02&area=&college=,2026-09-29T08:42:02+00:00
vnexpress_distributions,A02,2026,20.0,1.0,141,https://diemthi.vnexpress.net/tuyensinh/index/exporttohop?score=A02&area=&college=,2026-09-29T08:42:02+00:00
vnexpress_distributions,A02,2026,19.0,1.0,192,https://diemthi.vnexpress.net/tuyensinh/index/exporttohop?score=A02&area=&college=,2026-09-29T08:42:02+00:00
vnexpress_distributions,A02,2026,18.0,1.0,222,https://diemthi.vnexpress.net/tuyensinh/index/exporttohop?score=A02&area=&college=,2026-09-29T08:42:02+00:00
vnexpress_distributions,A02,2026,17.0,1.0,286,https://diemthi.vnexpress.net/tuyensinh/index/exporttohop?score=A02&area=&college=,2026-09-29T08:42:02+00:00
vnexpress_distributions,A02,2026,16.0,1.0,358,https://diemthi.vnexpress.net/tuyensinh/index/exporttohop?score=A02&area=&college=,2026-09-29T08:42:02+00:00
vnexpress_distributions,A02,2026,15.0,1.0,387,https://diemthi.vnexpress.net/tuyensinh/index/exporttohop?score=A02&area=&college=,2026-09-29T08:42:02+00:00
vnexpress_distributions,A02,2026,14.0,1.0,462,https://diemthi.vnexpress.net/tuyensinh/index/exporttohop?score=A02&area=&college=,2026-09-29T08:42:02+00:00
vnexpress_distributions,A02,2026,13.0,1.0,480,https://diemthi.vnexpress.net/tuyensinh/index/exporttohop?score=A02&area=&college=,2026-09-29T08:42:02+00:00
vnexpress_distributions,A02,2026,12.0,1.0,387,https://diemthi.vnexpress.net/tuyensinh/index/exporttohop?score=A02&area=&college=,2026-09-29T08:42:02+00:00
vnexpress_distributions,A02,2026,11.0,1.0,333,https://diemthi.vnexpress.net/tuyensinh/index/exporttohop?score=A02&area=&college=,2026-09-29T08:42:02+00:00
vnexpress_distributions,A02,2026,10.0,1.0,242,https://diemthi.vnexpress.net/tuyensinh/index/exporttohop?score=A02&area=&college=,2026-09-29T08:42:02+00:00
vnexpress_distributions,A02,2026,9.0,1.0,124,https://diemthi.vnexpress.net/tuyensinh/index/exporttohop?score=A02&area=&college=,2026-09-29T08:42:02+00:00
vnexpress_distributions,A02,2026,8.0,1.0,60,https://diemthi.vnexpress.net/tuyensinh/index/exporttohop?score=A02&area=&college=,2026-09-29T08:42:02+00:00
vnexpress_distributions,A02,2026,7.0,1.0,17,https://diemthi.vnexpress.net/tuyensinh/index/exporttohop?score=A02&area=&college=,2026-09-29T08:42:02+00:00
vnexpress_distributions,A02,2026,6.0,1.0,2,https://diemthi.vnexpress.net/tuyensinh/index/exporttohop?score=A02&area=&college=,2026-09-29T08:42:02+00:00
vnexpress_distributions,A02,2026,5.0,1.0,2,https://diemthi.vnexpress.net/tuyensinh/index/exporttohop?score=A02&area=&college=,2026-09-29T08:42:02+00:00
vnexpress_distributions,A02,2026,4.0,1.0,0,https://diemthi.vnexpress.net/tuyensinh/index/exporttohop?score=A02&area=&college=,2026-09-29T08:42:02+00:00
vnexpress_distributions,A02,2026,3.0,1.0,0,https://diemthi.vnexpress.net/tuyensinh/index/exporttohop?score=A02&area=&college=,2026-09-29T08:42:02+00:00
vnexpress_distributions,A02,2026,2.0,1.0,0,https://diemthi.vnexpress.net/tuyensinh/index/exporttohop?score=A02&area=&college=,2026-09-29T08:42:02+00:00
vnexpress_distributions,A02,2026,1.0,1.0,0,https://diemthi.vnexpress.net/tuyensinh/index/exporttohop?score=A02&area=&college=,2026-09-29T08:42:02+00:00
vnexpress_distributions,A02,2026,0.0,1.0,0,https://diemthi.vnexpress.net/tuyensinh/index/exporttohop?score=A02&area=&college=,2026-09-29T08:42:02+00:00
vnexpress_distributions,B00,2026,30.0,1.0,4,https://diemthi.vnexpress.net/tuyensinh/index/exporttohop?score=B00&area=&college=,2026-09-29T08:42:03+00:00
vnexpress_distributions,B00,2026,29.0,1.0,166,https://diemthi.vnexpress.net/tuyensinh/index/exporttohop?score=B00&area=&college=,2026-09-29T08:42:03+00:00
vnexpress_distributions,B00,2026,28.0,1.0,473,https://diemthi.vnexpress.net/tuyensinh/index/exporttohop?score=B00&area=&college=,2026-09-29T08:42:03+00:00
vnexpress_distributions,B00,2026,27.0,1.0,1021,https://diemthi.vnexpress.net/tuyensinh/index/exporttohop?score=B00&area=&college=,2026-09-29T08:42:03+00:00
vnexpress_distributions,B00,2026,26.0,1.0,1729,https://diemthi.vnexpress.net/tuyensinh/index/exporttohop?score=B00&area=&college=,2026-09-29T08:42:03+00:00
vnexpress_distributions,B00,2026,25.0,1.0,2455,https://diemthi.vnexpress.net/tuyensinh/index/exporttohop?score=B00&area=&college=,2026-09-29T08:42:03+00:00
vnexpress_distributions,B00,2026,24.0,1.0,3076,https://diemthi.vnexpress.net/tuyensinh/index/exporttohop?score=B00&area=&college=,2026-09-29T08:42:03+00:00
vnexpress_distributions,B00,2026,23.0,1.0,3448,https://diemthi.vnexpress.net/tuyensinh/index/exporttohop?score=B00&area=&college=,2026-09-29T08:42:03+00:00
vnexpress_distributions,B00,2026,22.0,1.0,3664,https://diemthi.vnexpress.net/tuyensinh/index/exporttohop?score=B00&area=&college=,2026-09-29T08:42:03+00:00
vnexpress_distributions,B00,2026,21.0,1.0,3824,https://diemthi.vnexpress.net/tuyensinh/index/exporttohop?score=B00&area=&college=,2026-09-29T08:42:03+00:00
vnexpress_distributions,B00,2026,20.0,1.0,3697,https://diemthi.vnexpress.net/tuyensinh/index/exporttohop?score=B00&area=&college=,2026-09-29T08:42:03+00:00
vnexpress_distributions,B00,2026,19.0,1.0,3580,https://diemthi.vnexpress.net/tuyensinh/index/exporttohop?score=B00&area=&college=,2026-09-29T08:42:03+00:00
vnexpress_distributions,B00,2026,18.0,1.0,3399,https://diemthi.vnexpress.net/tuyensinh/index/exporttohop?score=B00&area=&college=,2026-09-29T08:42:03+00:00
vnexpress_distributions,B00,2026,17.0,1.0,3218,https://diemthi.vnexpress.net/tuyensinh/index/exporttohop?score=B00&area=&college=,2026-09-29T08:42:03+00:00
vnexpress_distributions,B00,2026,16.0,1.0,3091,https://diemthi.vnexpress.net/tuyensinh/index/exporttohop?score=B00&area=&college=,2026-09-29T08:42:03+00:00
vnexpress_distributions,B00,2026,15.0,1.0,2786,https://diemthi.vnexpress.net/tuyensinh/index/exporttohop?score=B00&area=&college=,2026-09-29T08:42:03+00:00
vnexpress_distributions,B00,2026,14.0,1.0,2363,https://diemthi.vnexpress.net/tuyensinh/index/exporttohop?score=B00&area=&college=,2026-09-29T08:42:03+00:00
vnexpress_distributions,B00,2026,13.0,1.0,1944,https://diemthi.vnexpress.net/tuyensinh/index/exporttohop?score=B00&area=&college=,2026-09-29T08:42:03+00:00
vnexpress_distributions,B00,2026,12.0,1.0,1358,https://diemthi.vnexpress.net/tuyensinh/index/exporttohop?score=B00&area=&college=,2026-09-29T08:42:03+00:00
vnexpress_distributions,B00,2026,11.0,1.0,938,https://diemthi.vnexpress.net/tuyensinh/index/exporttohop?score=B00&area=&college=,2026-09-29T08:42:03+00:00
vnexpress_distributions,B00,2026,10.0,1.0,517,https://diemthi.vnexpress.net/tuyensinh/index/exporttohop?score=B00&area=&college=,2026-09-29T08:42:03+00:00
vnexpress_distributions,B00,2026,9.0,1.0,302,https://diemthi.vnexpress.net/tuyensinh/index/exporttohop?score=B00&area=&college=,2026-09-29T08:42:03+00:00
vnexpress_distributions,B00,2026,8.0,1.0,104,https://diemthi.vnexpress.net/tuyensinh/index/exporttohop?score=B00&area=&college=,2026-09-29T08:42:03+00:00
vnexpress_distributions,B00,2026,7.0,1.0,36,https://diemthi.vnexpress.net/tuyensinh/index/exporttohop?score=B00&area=&college=,2026-09-29T08:42:03+00:00
vnexpress_distributions,B00,2026,6.0,1.0,6,https://diemthi.vnexpress.net/tuyensinh/index/exporttohop?score=B00&area=&college=,2026-09-29T08:42:03+00:00
vnexpress_distributions,B00,2026,5.0,1.0,1,https://diemthi.vnexpress.net/tuyensinh/index/exporttohop?score=B00&area=&college=,2026-09-29T08:42:03+00:00
vnexpress_distributions,B00,2026,4.0,1.0,0,https://diemthi.vnexpress.net/tuyensinh/index/exporttohop?score=B00&area=&college=,2026-09-29T08:42:03+00:00
vnexpress_distributions,B00,2026,3.0,1.0,0,https://diemthi.vnexpress.net/tuyensinh/index/exporttohop?score=B00&area=&college=,2026-09-29T08:42:03+00:00
vnexpress_distributions,B00,2026,2.0,1.0,0,https://diemthi.vnexpress.net/tuyensinh/index/exporttohop?score=B00&area=&college=,2026-09-29T08:42:03+00:00
vnexpress_distributions,B00,2026,1.0,1.0,0,https://diemthi.vnexpress.net/tuyensinh/index/exporttohop?score=B00&area=&college=,2026-09-29T08:42:03+00:00
vnexpress_distributions,B00,2026,0.0,1.0,0,https://diemthi.vnexpress.net/tuyensinh/index/exporttohop?score=B00&area=&college=,2026-09-29T08:42:03+00:00
vnexpress_distributions,B03,2026,30.0,1.0,0,https://diemthi.vnexpress.net/tuyensinh/index/exporttohop?score=B03&area=&college=,2026-09-29T08:42:05+00:00
vnexpress_distributions,B03,2026,29.0,1.0,0,https://diemthi.vnexpress.net/tuyensinh/index/exporttohop?score=B03&area=&college=,2026-09-29T08:42:05+00:00
vnexpress_distributions,B03,2026,28.0,1.0,25,https://diemthi.vnexpress.net/tuyensinh/index/exporttohop?score=B03&area=&college=,2026-09-29T08:42:05+00:00
vnexpress_distributions,B03,2026,27.0,1.0,256,https://diemthi.vnexpress.net/tuyensinh/index/exporttohop?score=B03&area=&college=,2026-09-29T08:42:05+00:00
vnexpress_distributions,B03,2026,26.0,1.0,942,https://diemthi.vnexpress.net/tuyensinh/index/exporttohop?score=B03&area=&college=,2026-09-29T08:42:05+00:00
vnexpress_distributions,B03,2026,25.0,1.0,1956,https://diemthi.vnexpress.net/tuyensinh/index/exporttohop?score=B03&area=&college=,2026-09-29T08:42:05+00:00
vnexpress_distributions,B03,2026,24.0,1.0,3024,https://diemthi.vnexpress.net/tuyensinh/index/exporttohop?score=B03&area=&college=,2026-09-29T08:42:05+00:00
vnexpress_distributions,B03,2026,23.0,1.0,3975,https://diemthi.vnexpress.net/tuyensinh/index/exporttohop?score=B03&area=&college=,2026-09-29T08:42:05+00:00
vnexpress_distributions,B03,2026,22.0,1.0,4648,https://diemthi.vnexpress.net/tuyensinh/index/exporttohop?score=B03&area=&college=,2026-09-29T08:42:05+00:00
vnexpress_distributions,B03,2026,21.0,1.0,5399,https://diemthi.vnexpress.net/tuyensinh/index/exporttohop?score=B03&area=&college=,2026-09-29T08:42:05+00:00
vnexpress_distributions,B03,2026,20.0,1.0,5859,https://diemthi.vnexpress.net/tuyensinh/index/exporttohop?score=B03&area=&college=,2026-09-29T08:42:05+00:00
vnexpress_distributions,B03,2026,19.0,1.0,5840,https://diemthi.vnexpress.net/tuyensinh/index/exporttohop?score=B03&area=&college=,2026-09-29T08:42:05+00:00
vnexpress_distributions,B03,2026,18.0,1.0,5960,https://diemthi.vnexpress.net/tuyensinh/index/exporttohop?score=B03&area=&college=,2026-09-29T08:42:05+00:00
vnexpress_distributions,B03,2026,17.0,1.0,5878,https://diemthi.vnexpress.net/tuyensinh/index/exporttohop?score=B03&area=&college=,2026-09-29T08:42:05+00:00
vnexpress_distributions,B03,2026,16.0,1.0,5659,https://diemthi.vnexpress.net/tuyensinh/index/exporttohop?score=B03&area=&college=,2026-09-29T08:42:05+00:00
vnexpress_distributions,B03,2026,15.0,1.0,4921,https://diemthi.vnexpress.net/tuyensinh/index/exporttohop?score=B03&area=&college=,2026-09-29T08:42:05+00:00
vnexpress_distributions,B03,2026,14.0,1.0,3942,https://diemthi.vnexpress.net/tuyensinh/index/exporttohop?score=B03&area=&college=,2026-09-29T08:42:05+00:00
vnexpress_distributions,B03,2026,13.0,1.0,3017,https://diemthi.vnexpress.net/tuyensinh/index/exporttohop?score=B03&area=&college=,2026-09-29T08:42:05+00:00
vnexpress_distributions,B03,2026,12.0,1.0,2084,https://diemthi.vnexpress.net/tuyensinh/index/exporttohop?score=B03&area=&college=,2026-09-29T08:42:05+00:00
vnexpress_distributions,B03,2026,11.0,1.0,1351,https://diemthi.vnexpress.net/tuyensinh/index/exporttohop?score=B03&area=&college=,2026-09-29T08:42:05+00:00
vnexpress_distributions,B03,2026,10.0,1.0,745,https://diemthi.vnexpress.net/tuyensinh/index/exporttohop?score=B03&area=&college=,2026-09-29T08:42:05+00:00
vnexpress_distributions,B03,2026,9.0,1.0,416,https://diemthi.vnexpress.net/tuyensinh/index/exporttohop?score=B03&area=&college=,2026-09-29T08:42:05+00:00
vnexpress_distributions,B03,2026,8.0,1.0,169,https://diemthi.vnexpress.net/tuyensinh/index/exporttohop?score=B03&area=&college=,2026-09-29T08:42:05+00:00
vnexpress_distributions,B03,2026,7.0,1.0,89,https://diemthi.vnexpress.net/tuyensinh/index/exporttohop?score=B03&area=&college=,2026-09-29T08:42:05+00:00
vnexpress_distributions,B03,2026,6.0,1.0,27,https://diemthi.vnexpress.net/tuyensinh/index/exporttohop?score=B03&area=&college=,2026-09-29T08:42:05+00:00
vnexpress_distributions,B03,2026,5.0,1.0,5,https://diemthi.vnexpress.net/tuyensinh/index/exporttohop?score=B03&area=&college=,2026-09-29T08:42:05+00:00
vnexpress_distributions,B03,2026,4.0,1.0,3,https://diemthi.vnexpress.net/tuyensinh/index/exporttohop?score=B03&area=&college=,2026-09-29T08:42:05+00:00
vnexpress_distributions,B03,2026,3.0,1.0,0,https://diemthi.vnexpress.net/tuyensinh/index/exporttohop?score=B03&area=&college=,2026-09-29T08:42:05+00:00
vnexpress_distributions,B03,2026,2.0,1.0,0,https://diemthi.vnexpress.net/tuyensinh/index/exporttohop?score=B03&area=&college=,2026-09-29T08:42:05+00:00
vnexpress_distributions,B03,2026,1.0,1.0,0,https://diemthi.vnexpress.net/tuyensinh/index/exporttohop?score=B03&area=&college=,2026-09-29T08:42:05+00:00
vnexpress_distributions,B03,2026,0.0,1.0,0,https://diemthi.vnexpress.net/tuyensinh/index/exporttohop?score=B03&area=&college=,2026-09-29T08:42:05+00:00
vnexpress_distributions,B08,2026,30.0,1.0,0,https://diemthi.vnexpress.net/tuyensinh/index/exporttohop?score=B08&area=&college=,2026-09-29T08:42:07+00:00
vnexpress_distributions,B08,2026,29.0,1.0,0,https://diemthi.vnexpress.net/tuyensinh/index/exporttohop?score=B08&area=&college=,2026-09-29T08:42:07+00:00
vnexpress_distributions,B08,2026,28.0,1.0,2,https://diemthi.vnexpress.net/tuyensinh/index/exporttohop?score=B08&area=&college=,2026-09-29T08:42:07+00:00
vnexpress_distributions,B08,2026,27.0,1.0,5,https://diemthi.vnexpress.net/tuyensinh/index/exporttohop?score=B08&area=&college=,2026-09-29T08:42:07+00:00
vnexpress_distributions,B08,2026,26.0,1.0,18,https://diemthi.vnexpress.net/tuyensinh/index/exporttohop?score=B08&area=&college=,2026-09-29T08:42:07+00:00
vnexpress_distributions,B08,2026,25.0,1.0,49,https://diemthi.vnexpress.net/tuyensinh/index/exporttohop?score=B08&area=&college=,2026-09-29T08:42:07+00:00
vnexpress_distributions,B08,2026,24.0,1.0,69,https://diemthi.vnexpress.net/tuyensinh/index/exporttohop?score=B08&area=&college=,2026-09-29T08:42:07+00:00
vnexpress_distributions,B08,2026,23.0,1.0,97,https://diemthi.vnexpress.net/tuyensinh/index/exporttohop?score=B08&area=&college=,2026-09-29T08:42:07+00:00
vnexpress_distributions,B08,2026,22.0,1.0,134,https://diemthi.vnexpress.net/tuyensinh/index/exporttohop?score=B08&area=&college=,2026-09-29T08:42:07+00:00
vnexpress_distributions,B08,2026,21.0,1.0,175,https://diemthi.vnexpress.net/tuyensinh/index/exporttohop?score=B08&area=&college=,2026-09-29T08:42:07+00:00
vnexpress_distributions,B08,2026,20.0,1.0,196,https://diemthi.vnexpress.net/tuyensinh/index/exporttohop?score=B08&area=&college=,2026-09-29T08:42:07+00:00
vnexpress_distributions,B08,2026,19.0,1.0,239,https://diemthi.vnexpress.net/tuyensinh/index/exporttohop?score=B08&area=&college=,2026-09-29T08:42:07+00:00
vnexpress_distributions,B08,2026,18.0,1.0,298,https://diemthi.vnexpress.net/tuyensinh/index/exporttohop?score=B08&area=&college=,2026-09-29T08:42:07+00:00
vnexpress_distributions,B08,2026,17.0,1.0,311,https://diemthi.vnexpress.net/tuyensinh/index/exporttohop?score=B08&area=&college=,2026-09-29T08:42:07+00:00
vnexpress_distributions,B08,2026,16.0,1.0,368,https://diemthi.vnexpress.net/tuyensinh/index/exporttohop?score=B08&area=&college=,2026-09-29T08:42:07+00:00
vnexpress_distributions,B08,2026,15.0,1.0,358,https://diemthi.vnexpress.net/tuyensinh/index/exporttohop?score=B08&area=&college=,2026-09-29T08:42:07+00:00
vnexpress_distributions,B08,2026,14.0,1.0,328,https://diemthi.vnexpress.net/tuyensinh/index/exporttohop?score=B08&area=&college=,2026-09-29T08:42:07+00:00
vnexpress_distributions,B08,2026,13.0,1.0,290,https://diemthi.vnexpress.net/tuyensinh/index/exporttohop?score=B08&area=&college=,2026-09-29T08:42:07+00:00
vnexpress_distributions,B08,2026,12.0,1.0,217,https://diemthi.vnexpress.net/tuyensinh/index/exporttohop?score=B08&area=&college=,2026-09-29T08:42:07+00:00
vnexpress_distributions,B08,2026,11.0,1.0,171,https://diemthi.vnexpress.net/tuyensinh/index/exporttohop?score=B08&area=&college=,2026-09-29T08:42:07+00:00
vnexpress_distributions,B08,2026,10.0,1.0,62,https://diemthi.vnexpress.net/tuyensinh/index/exporttohop?score=B08&area=&college=,2026-09-29T08:42:07+00:00
vnexpress_distributions,B08,2026,9.0,1.0,26,https://diemthi.vnexpress.net/tuyensinh/index/exporttohop?score=B08&area=&college=,2026-09-29T08:42:07+00:00
vnexpress_distributions,B08,2026,8.0,1.0,6,https://diemthi.vnexpress.net/tuyensinh/index/exporttohop?score=B08&area=&college=,2026-09-29T08:42:07+00:00
vnexpress_distributions,B08,2026,7.0,1.0,3,https://diemthi.vnexpress.net/tuyensinh/index/exporttohop?score=B08&area=&college=,2026-09-29T08:42:07+00:00
vnexpress_distributions,B08,2026,6.0,1.0,0,https://diemthi.vnexpress.net/tuyensinh/index/exporttohop?score=B08&area=&college=,2026-09-29T08:42:07+00:00
vnexpress_distributions,B08,2026,5.0,1.0,0,https://diemthi.vnexpress.net/tuyensinh/index/exporttohop?score=B08&area=&college=,2026-09-29T08:42:07+00:00
vnexpress_distributions,B08,2026,4.0,1.0,0,https://diemthi.vnexpress.net/tuyensinh/index/exporttohop?score=B08&area=&college=,2026-09-29T08:42:07+00:00
vnexpress_distributions,B08,2026,3.0,1.0,0,https://diemthi.vnexpress.net/tuyensinh/index/exporttohop?score=B08&area=&college=,2026-09-29T08:42:07+00:00
vnexpress_distributions,B08,2026,2.0,1.0,0,https://diemthi.vnexpress.net/tuyensinh/index/exporttohop?score=B08&area=&college=,2026-09-29T08:42:07+00:00
vnexpress_distributions,B08,2026,1.0,1.0,0,https://diemthi.vnexpress.net/tuyensinh/index/exporttohop?score=B08&area=&college=,2026-09-29T08:42:07+00:00
vnexpress_distributions,B08,2026,0.0,1.0,0,https://diemthi.vnexpress.net/tuyensinh/index/exporttohop?score=B08&area=&college=,2026-09-29T08:42:07+00:00
vnexpress_distributions,C00,2026,30.0,1.0,0,https://diemthi.vnexpress.net/tuyensinh/index/exporttohop?score=C00&area=&college=,2026-09-29T08:42:09+00:00
vnexpress_distributions,C00,2026,29.0,1.0,0,https://diemthi.vnexpress.net/tuyensinh/index/exporttohop?score=C00&area=&college=,2026-09-29T08:42:09+00:00
vnexpress_distributions,C00,2026,28.0,1.0,47,https://diemthi.vnexpress.net/tuyensinh/index/exporttohop?score=C00&area=&college=,2026-09-29T08:42:09+00:00
vnexpress_distributions,C00,2026,27.0,1.0,532,https://diemthi.vnexpress.net/tuyensinh/index/exporttohop?score=C00&area=&college=,2026-09-29T08:42:09+00:00
vnexpress_distributions,C00,2026,26.0,1.0,1949,https://diemthi.vnexpress.net/tuyensinh/index/exporttohop?score=C00&area=&college=,2026-09-29T08:42:09+00:00
vnexpress_distributions,C00,2026,25.0,1.0,4526,https://diemthi.vnexpress.net/tuyensinh/index/exporttohop?score=C00&area=&college=,2026-09-29T08:42:09+00:00
vnexpress_distributions,C00,2026,24.0,1.0,7672,https://diemthi.vnexpress.net/tuyensinh/index/exporttohop?score=C00&area=&college=,2026-09-29T08:42:09+00:00
vnexpress_distributions,C00,2026,23.0,1.0,11076,https://diemthi.vnexpress.net/tuyensinh/index/exporttohop?score=C00&area=&college=,2026-09-29T08:42:09+00:00
vnexpress_distributions,C00,2026,22.0,1.0,14101,https://diemthi.vnexpress.net/tuyensinh/index/exporttohop?score=C00&area=&college=,2026-09-29T08:42:09+00:00
vnexpress_distributions,C00,2026,21.0,1.0,17259,https://diemthi.vnexpress.net/tuyensinh/index/exporttohop?score=C00&area=&college=,2026-09-29T08:42:09+00:00
vnexpress_distributions,C00,2026,20.0,1.0,19469,https://diemthi.vnexpress.net/tuyensinh/index/exporttohop?score=C00&area=&college=,2026-09-29T08:42:09+00:00
vnexpress_distributions,C00,2026,19.0,1.0,21419,https://diemthi.vnexpress.net/tuyensinh/index/exporttohop?score=C00&area=&college=,2026-09-29T08:42:09+00:00
vnexpress_distributions,C00,2026,18.0,1.0,22896,https://diemthi.vnexpress.net/tuyensinh/index/exporttohop?score=C00&area=&college=,2026-09-29T08:42:09+00:00
vnexpress_distributions,C00,2026,17.0,1.0,23574,https://diemthi.vnexpress.net/tuyensinh/index/exporttohop?score=C00&area=&college=,2026-09-29T08:42:09+00:00
vnexpress_distributions,C00,2026,16.0,1.0,23707,https://diemthi.vnexpress.net/tuyensinh/index/exporttohop?score=C00&area=&college=,2026-09-29T08:42:09+00:00
vnexpress_distributions,C00,2026,15.0,1.0,23149,https://diemthi.vnexpress.net/tuyensinh/index/exporttohop?score=C00&area=&college=,2026-09-29T08:42:09+00:00
vnexpress_distributions,C00,2026,14.0,1.0,21593,https://diemthi.vnexpress.net/tuyensinh/index/exporttohop?score=C00&area=&college=,2026-09-29T08:42:09+00:00
vnexpress_distributions,C00,2026,13.0,1.0,19010,https://diemthi.vnexpress.net/tuyensinh/index/exporttohop?score=C00&area=&college=,2026-09-29T08:42:09+00:00
vnexpress_distributions,C00,2026,12.0,1.0,15446,https://diemthi.vnexpress.net/tuyensinh/index/exporttohop?score=C00&area=&college=,2026-09-29T08:42:09+00:00
vnexpress_distributions,C00,2026,11.0,1.0,11669,https://diemthi.vnexpress.net/tuyensinh/index/exporttohop?score=C00&area=&college=,2026-09-29T08:42:09+00:00
vnexpress_distributions,C00,2026,10.0,1.0,7942,https://diemthi.vnexpress.net/tuyensinh/index/exporttohop?score=C00&area=&college=,2026-09-29T08:42:09+00:00
vnexpress_distributions,C00,2026,9.0,1.0,5114,https://diemthi.vnexpress.net/tuyensinh/index/exporttohop?score=C00&area=&college=,2026-09-29T08:42:09+00:00
vnexpress_distributions,C00,2026,8.0,1.0,2816,https://diemthi.vnexpress.net/tuyensinh/index/exporttohop?score=C00&area=&college=,2026-09-29T08:42:09+00:00
vnexpress_distributions,C00,2026,7.0,1.0,1447,https://diemthi.vnexpress.net/tuyensinh/index/exporttohop?score=C00&area=&college=,2026-09-29T08:42:09+00:00
vnexpress_distributions,C00,2026,6.0,1.0,578,https://diemthi.vnexpress.net/tuyensinh/index/exporttohop?score=C00&area=&college=,2026-09-29T08:42:09+00:00
vnexpress_distributions,C00,2026,5.0,1.0,152,https://diemthi.vnexpress.net/tuyensinh/index/exporttohop?score=C00&area=&college=,2026-09-29T08:42:09+00:00
vnexpress_distributions,C00,2026,4.0,1.0,17,https://diemthi.vnexpress.net/tuyensinh/index/exporttohop?score=C00&area=&college=,2026-09-29T08:42:09+00:00
vnexpress_distributions,C00,2026,3.0,1.0,4,https://diemthi.vnexpress.net/tuyensinh/index/exporttohop?score=C00&area=&college=,2026-09-29T08:42:09+00:00
vnexpress_distributions,C00,2026,2.0,1.0,1,https://diemthi.vnexpress.net/tuyensinh/index/exporttohop?score=C00&area=&college=,2026-09-29T08:42:09+00:00
vnexpress_distributions,C00,2026,1.0,1.0,0,https://diemthi.vnexpress.net/tuyensinh/index/exporttohop?score=C00&area=&college=,2026-09-29T08:42:09+00:00
vnexpress_distributions,C00,2026,0.0,1.0,0,https://diemthi.vnexpress.net/tuyensinh/index/exporttohop?score=C00&area=&college=,2026-09-29T08:42:09+00:00
vnexpress_distributions,C03,2026,30.0,1.0,0,https://diemthi.vnexpress.net/tuyensinh/index/exporttohop?score=C03&area=&college=,2026-09-29T08:42:10+00:00
vnexpress_distributions,C03,2026,29.0,1.0,2,https://diemthi.vnexpress.net/tuyensinh/index/exporttohop?score=C03&area=&college=,2026-09-29T08:42:10+00:00
vnexpress_distributions,C03,2026,28.0,1.0,49,https://diemthi.vnexpress.net/tuyensinh/index/exporttohop?score=C03&area=&college=,2026-09-29T08:42:10+00:00
vnexpress_distributions,C03,2026,27.0,1.0,569,https://diemthi.vnexpress.net/tuyensinh/index/exporttohop?score=C03&area=&college=,2026-09-29T08:42:10+00:00
vnexpress_distributions,C03,2026,26.0,1.0,2802,https://diemthi.vnexpress.net/tuyensinh/index/exporttohop?score=C03&area=&college=,2026-09-29T08:42:10+00:00
vnexpress_distributions,C03,2026,25.0,1.0,7257,https://diemthi.vnexpress.net/tuyensinh/index/exporttohop?score=C03&area=&college=,2026-09-29T08:42:10+00:00
vnexpress_distributions,C03,2026,24.0,1.0,12925,https://diemthi.vnexpress.net/tuyensinh/index/exporttohop?score=C03&area=&college=,2026-09-29T08:42:10+00:00
vnexpress_distributions,C03,2026,23.0,1.0,19171,https://diemthi.vnexpress.net/tuyensinh/index/exporttohop?score=C03&area=&college=,2026-09-29T08:42:10+00:00
vnexpress_distributions,C03,2026,22.0,1.0,25434,https://diemthi.vnexpress.net/tuyensinh/index/exporttohop?score=C03&area=&college=,2026-09-29T08:42:10+00:00
vnexpress_distributions,C03,2026,21.0,1.0,33210,https://diemthi.vnexpress.net/tuyensinh/index/exporttohop?score=C03&area=&college=,2026-09-29T08:42:10+00:00
vnexpress_distributions,C03,2026,20.0,1.0,39331,https://diemthi.vnexpress.net/tuyensinh/index/exporttohop?score=C03&area=&college=,2026-09-29T08:42:10+00:00
vnexpress_distributions,C03,2026,19.0,1.0,45676,https://diemthi.vnexpress.net/tuyensinh/index/exporttohop?score=C03&area=&college=,2026-09-29T08:42:10+00:00
vnexpress_distributions,C03,2026,18.0,1.0,49937,https://diemthi.vnexpress.net/tuyensinh/index/exporttohop?score=C03&area=&college=,2026-09-29T08:42:10+00:00
vnexpress_distributions,C03,2026,17.0,1.0,51864,https://diemthi.vnexpress.net/tuyensinh/index/exporttohop?score=C03&area=&college=,2026-09-29T08:42:10+00:00
vnexpress_distributions,C03,2026,16.0,1.0,51942,https://diemthi.vnexpress.net/tuyensinh/index/exporttohop?score=C03&area=&college=,2026-09-29T08:42:10+00:00
vnexpress_distributions,C03,2026,15.0,1.0,49348,https://diemthi.vnexpress.net/tuyensinh/index/exporttohop?score=C03&area=&college=,2026-09-29T08:42:10+00:00
vnexpress_distributions,C03,2026,14.0,1.0,44184,https://diemthi.vnexpress.net/tuyensinh/index/exporttohop?score=C03&area=&college=,2026-09-29T08:42:10+00:00
vnexpress_distributions,C03,2026,13.0,1.0,37277,https://diemthi.vnexpress.net/tuyensinh/index/exporttohop?score=C03&area=&college=,2026-09-29T08:42:10+00:00
vnexpress_distributions,C03,2026,12.0,1.0,29195,https://diemthi.vnexpress.net/tuyensinh/index/exporttohop?score=C03&area=&college=,2026-09-29T08:42:10+00:00
vnexpress_distributions,C03,2026,11.0,1.0,20838,https://diemthi.vnexpress.net/tuyensinh/index/exporttohop?score=C03&area=&college=,2026-09-29T08:42:10+00:00
vnexpress_distributions,C03,2026,10.0,1.0,13809,https://diemthi.vnexpress.net/tuyensinh/index/exporttohop?score=C03&area=&college=,2026-09-29T08:42:10+00:00
vnexpress_distributions,C03,2026,9.0,1.0,8350,https://diemthi.vnexpress.net/tuyensinh/index/exporttohop?score=C03&area=&college=,2026-09-29T08:42:10+00:00
vnexpress_distributions,C03,2026,8.0,1.0,4504,https://diemthi.vnexpress.net/tuyensinh/index/exporttohop?score=C03&area=&college=,2026-09-29T08:42:10+00:00
vnexpress_distributions,C03,2026,7.0,1.0,2175,https://diemthi.vnexpress.net/tuyensinh/index/exporttohop?score=C03&area=&college=,2026-09-29T08:42:10+00:00
vnexpress_distributions,C03,2026,6.0,1.0,851,https://diemthi.vnexpress.net/tuyensinh/index/exporttohop?score=C03&area=&college=,2026-09-29T08:42:10+00:00
vnexpress_distributions,C03,2026,5.0,1.0,201,https://diemthi.vnexpress.net/tuyensinh/index/exporttohop?score=C03&area=&college=,2026-09-29T08:42:10+00:00
vnexpress_distributions,C03,2026,4.0,1.0,38,https://diemthi.vnexpress.net/tuyensinh/index/exporttohop?score=C03&area=&college=,2026-09-29T08:42:10+00:00
vnexpress_distributions,C03,2026,3.0,1.0,1,https://diemthi.vnexpress.net/tuyensinh/index/exporttohop?score=C03&area=&college=,2026-09-29T08:42:10+00:00
vnexpress_distributions,C03,2026,2.0,1.0,0,https://diemthi.vnexpress.net/tuyensinh/index/exporttohop?score=C03&area=&college=,2026-09-29T08:42:10+00:00
vnexpress_distributions,C03,2026,1.0,1.0,0,https://diemthi.vnexpress.net/tuyensinh/index/exporttohop?score=C03&area=&college=,2026-09-29T08:42:10+00:00
vnexpress_distributions,C03,2026,0.0,1.0,0,https://diemthi.vnexpress.net/tuyensinh/index/exporttohop?score=C03&area=&college=,2026-09-29T08:42:10+00:00
vnexpress_distributions,C04,2026,30.0,1.0,0,https://diemthi.vnexpress.net/tuyensinh/index/exporttohop?score=C04&area=&college=,2026-09-29T08:42:13+00:00
vnexpress_distributions,C04,2026,29.0,1.0,0,https://diemthi.vnexpress.net/tuyensinh/index/exporttohop?score=C04&area=&college=,2026-09-29T08:42:13+00:00
vnexpress_distributions,C04,2026,28.0,1.0,3,https://diemthi.vnexpress.net/tuyensinh/index/exporttohop?score=C04&area=&college=,2026-09-29T08:42:13+00:00
vnexpress_distributions,C04,2026,27.0,1.0,54,https://diemthi.vnexpress.net/tuyensinh/index/exporttohop?score=C04&area=&college=,2026-09-29T08:42:13+00:00
vnexpress_distributions,C04,2026,26.0,1.0,438,https://diemthi.vnexpress.net/tuyensinh/index/exporttohop?score=C04&area=&college=,2026-09-29T08:42:13+00:00
vnexpress_distributions,C04,2026,25.0,1.0,1763,https://diemthi.vnexpress.net/tuyensinh/index/exporttohop?score=C04&area=&college=,2026-09-29T08:42:13+00:00
vnexpress_distributions,C04,2026,24.0,1.0,4373,https://diemthi.vnexpress.net/tuyensinh/index/exporttohop?score=C04&area=&college=,2026-09-29T08:42:13+00:00
vnexpress_distributions,C04,2026,23.0,1.0,8311,https://diemthi.vnexpress.net/tuyensinh/index/exporttohop?score=C04&area=&college=,2026-09-29T08:42:13+00:00
vnexpress_distributions,C04,2026,22.0,1.0,12875,https://diemthi.vnexpress.net/tuyensinh/index/exporttohop?score=C04&area=&college=,2026-09-29T08:42:13+00:00
vnexpress_distributions,C04,2026,21.0,1.0,18045,https://diemthi.vnexpress.net/tuyensinh/index/exporttohop?score=C04&area=&college=,2026-09-29T08:42:13+00:00
vnexpress_distributions,C04,2026,20.0,1.0,23664,https://diemthi.vnexpress.net/tuyensinh/index/exporttohop?score=C04&area=&college=,2026-09-29T08:42:13+00:00
vnexpress_distributions,C04,2026,19.0,1.0,29796,https://diemthi.vnexpress.net/tuyensinh/index/exporttohop?score=C04&area=&college=,2026-09-29T08:42:13+00:00
vnexpress_distributions,C04,2026,18.0,1.0,35286,https://diemthi.vnexpress.net/tuyensinh/index/exporttohop?score=C04&area=&college=,2026-09-29T08:42:13+00:00
vnexpress_distributions,C04,2026,17.0,1.0,39554,https://diemthi.vnexpress.net/tuyensinh/index/exporttohop?score=C04&area=&college=,2026-09-29T08:42:13+00:00
vnexpress_distributions,C04,2026,16.0,1.0,41649,https://diemthi.vnexpress.net/tuyensinh/index/exporttohop?score=C04&area=&college=,2026-09-29T08:42:13+00:00
vnexpress_distributions,C04,2026,15.0,1.0,41300,https://diemthi.vnexpress.net/tuyensinh/index/exporttohop?score=C04&area=&college=,2026-09-29T08:42:13+00:00
vnexpress_distributions,C04,2026,14.0,1.0,39475,https://diemthi.vnexpress.net/tuyensinh/index/exporttohop?score=C04&area=&college=,2026-09-29T08:42:13+00:00
vnexpress_distributions,C04,2026,13.0,1.0,36019,https://diemthi.vnexpress.net/tuyensinh/index/exporttohop?score=C04&area=&college=,2026-09-29T08:42:13+00:00
vnexpress_distributions,C04,2026,12.0,1.0,31092,https://diemthi.vnexpress.net/tuyensinh/index/exporttohop?score=C04&area=&college=,2026-09-29T08:42:13+00:00
vnexpress_distributions,C04,2026,11.0,1.0,24842,https://diemthi.vnexpress.net/tuyensinh/index/exporttohop?score=C04&area=&college=,2026-09-29T08:42:13+00:00
vnexpress_distributions,C04,2026,10.0,1.0,17962,https://diemthi.vnexpress.net/tuyensinh/index/exporttohop?score=C04&area=&college=,2026-09-29T08:42:13+00:00
vnexpress_distributions,C04,2026,9.0,1.0,11802,https://diemthi.vnexpress.net/tuyensinh/index/exporttohop?score=C04&area=&college=,2026-09-29T08:42:13+00:00
vnexpress_distributions,C04,2026,8.0,1.0,7031,https://diemthi.vnexpress.net/tuyensinh/index/exporttohop?score=C04&area=&college=,2026-09-29T08:42:13+00:00
vnexpress_distributions,C04,2026,7.0,1.0,3681,https://diemthi.vnexpress.net/tuyensinh/index/exporttohop?score=C04&area=&college=,2026-09-29T08:42:13+00:00
vnexpress_distributions,C04,2026,6.0,1.0,1681,https://diemthi.vnexpress.net/tuyensinh/index/exporttohop?score=C04&area=&college=,2026-09-29T08:42:13+00:00
vnexpress_distributions,C04,2026,5.0,1.0,502,https://diemthi.vnexpress.net/tuyensinh/index/exporttohop?score=C04&area=&college=,2026-09-29T08:42:13+00:00
vnexpress_distributions,C04,2026,4.0,1.0,102,https://diemthi.vnexpress.net/tuyensinh/index/exporttohop?score=C04&area=&college=,2026-09-29T08:42:13+00:00
vnexpress_distributions,C04,2026,3.0,1.0,13,https://diemthi.vnexpress.net/tuyensinh/index/exporttohop?score=C04&area=&college=,2026-09-29T08:42:13+00:00
vnexpress_distributions,C04,2026,2.0,1.0,1,https://diemthi.vnexpress.net/tuyensinh/index/exporttohop?score=C04&area=&college=,2026-09-29T08:42:13+00:00
vnexpress_distributions,C04,2026,1.0,1.0,0,https://diemthi.vnexpress.net/tuyensinh/index/exporttohop?score=C04&area=&college=,2026-09-29T08:42:13+00:00
vnexpress_distributions,C04,2026,0.0,1.0,0,https://diemthi.vnexpress.net/tuyensinh/index/exporttohop?score=C04&area=&college=,2026-09-29T08:42:13+00:00
vnexpress_distributions,D01,2026,30.0,1.0,0,https://diemthi.vnexpress.net/tuyensinh/index/exporttohop?score=D01&area=&college=,2026-09-29T08:42:14+00:00
vnexpress_distributions,D01,2026,29.0,1.0,2,https://diemthi.vnexpress.net/tuyensinh/index/exporttohop?score=D01&area=&college=,2026-09-29T08:42:14+00:00
vnexpress_distributions,D01,2026,28.0,1.0,40,https://diemthi.vnexpress.net/tuyensinh/index/exporttohop?score=D01&area=&college=,2026-09-29T08:42:14+00:00
vnexpress_distributions,D01,2026,27.0,1.0,561,https://diemthi.vnexpress.net/tuyensinh/index/exporttohop?score=D01&area=&college=,2026-09-29T08:42:14+00:00
vnexpress_distributions,D01,2026,26.0,1.0,2586,https://diemthi.vnexpress.net/tuyensinh/index/exporttohop?score=D01&area=&college=,2026-09-29T08:42:14+00:00
vnexpress_distributions,D01,2026,25.0,1.0,6907,https://diemthi.vnexpress.net/tuyensinh/index/exporttohop?score=D01&area=&college=,2026-09-29T08:42:14+00:00
vnexpress_distributions,D01,2026,24.0,1.0,12461,https://diemthi.vnexpress.net/tuyensinh/index/exporttohop?score=D01&area=&college=,2026-09-29T08:42:14+00:00
vnexpress_distributions,D01,2026,23.0,1.0,19099,https://diemthi.vnexpress.net/tuyensinh/index/exporttohop?score=D01&area=&college=,2026-09-29T08:42:14+00:00
vnexpress_distributions,D01,2026,22.0,1.0,25821,https://diemthi.vnexpress.net/tuyensinh/index/exporttohop?score=D01&area=&college=,2026-09-29T08:42:14+00:00
vnexpress_distributions,D01,2026,21.0,1.0,31800,https://diemthi.vnexpress.net/tuyensinh/index/exporttohop?score=D01&area=&college=,2026-09-29T08:42:14+00:00
vnexpress_distributions,D01,2026,20.0,1.0,36377,https://diemthi.vnexpress.net/tuyensinh/index/exporttohop?score=D01&area=&college=,2026-09-29T08:42:14+00:00
vnexpress_distributions,D01,2026,19.0,1.0,38935,https://diemthi.vnexpress.net/tuyensinh/index/exporttohop?score=D01&area=&college=,2026-09-29T08:42:14+00:00
vnexpress_distributions,D01,2026,18.0,1.0,39265,https://diemthi.vnexpress.net/tuyensinh/index/exporttohop?score=D01&area=&college=,2026-09-29T08:42:14+00:00
vnexpress_distributions,D01,2026,17.0,1.0,36496,https://diemthi.vnexpress.net/tuyensinh/index/exporttohop?score=D01&area=&college=,2026-09-29T08:42:14+00:00
vnexpress_distributions,D01,2026,16.0,1.0,31649,https://diemthi.vnexpress.net/tuyensinh/index/exporttohop?score=D01&area=&college=,2026-09-29T08:42:14+00:00
vnexpress_distributions,D01,2026,15.0,1.0,24507,https://diemthi.vnexpress.net/tuyensinh/index/exporttohop?score=D01&area=&college=,2026-09-29T08:42:14+00:00
vnexpress_distributions,D01,2026,14.0,1.0,16230,https://diemthi.vnexpress.net/tuyensinh/index/exporttohop?score=D01&area=&college=,2026-09-29T08:42:14+00:00
vnexpress_distributions,D01,2026,13.0,1.0,9346,https://diemthi.vnexpress.net/tuyensinh/index/exporttohop?score=D01&area=&college=,2026-09-29T08:42:14+00:00
vnexpress_distributions,D01,2026,12.0,1.0,4686,https://diemthi.vnexpress.net/tuyensinh/index/exporttohop?score=D01&area=&college=,2026-09-29T08:42:14+00:00
vnexpress_distributions,D01,2026,11.0,1.0,1996,https://diemthi.vnexpress.net/tuyensinh/index/exporttohop?score=D01&area=&college=,2026-09-29T08:42:14+00:00
vnexpress_distributions,D01,2026,10.0,1.0,809,https://diemthi.vnexpress.net/tuyensinh/index/exporttohop?score=D01&area=&college=,2026-09-29T08:42:14+00:00
vnexpress_distributions,D01,2026,9.0,1.0,302,https://diemthi.vnexpress.net/tuyensinh/index/exporttohop?score=D01&area=&college=,2026-09-29T08:42:14+00:00
vnexpress_distributions,D01,2026,8.0,1.0,121,https://diemthi.vnexpress.net/tuyensinh/index/exporttohop?score=D01&area=&college=,2026-09-29T08:42:14+00:00
vnexpress_distributions,D01,2026,7.0,1.0,40,https://diemthi.vnexpress.net/tuyensinh/index/exporttohop?score=D01&area=&college=,2026-09-29T08:42:14+00:00
vnexpress_distributions,D01,2026,6.0,1.0,14,https://diemthi.vnexpress.net/tuyensinh/index/exporttohop?score=D01&area=&college=,2026-09-29T08:42:14+00:00
vnexpress_distributions,D01,2026,5.0,1.0,8,https://diemthi.vnexpress.net/tuyensinh/index/exporttohop?score=D01&area=&college=,2026-09-29T08:42:14+00:00
vnexpress_distributions,D01,2026,4.0,1.0,3,https://diemthi.vnexpress.net/tuyensinh/index/exporttohop?score=D01&area=&college=,2026-09-29T08:42:14+00:00
vnexpress_distributions,D01,2026,3.0,1.0,0,https://diemthi.vnexpress.net/tuyensinh/index/exporttohop?score=D01&area=&college=,2026-09-29T08:42:14+00:00
vnexpress_distributions,D01,2026,2.0,1.0,0,https://diemthi.vnexpress.net/tuyensinh/index/exporttohop?score=D01&area=&college=,2026-09-29T08:42:14+00:00
vnexpress_distributions,D01,2026,1.0,1.0,0,https://diemthi.vnexpress.net/tuyensinh/index/exporttohop?score=D01&area=&college=,2026-09-29T08:42:14+00:00
vnexpress_distributions,D01,2026,0.0,1.0,0,https://diemthi.vnexpress.net/tuyensinh/index/exporttohop?score=D01&area=&college=,2026-09-29T08:42:14+00:00
vnexpress_distributions,D03,2026,30.0,1.0,0,https://diemthi.vnexpress.net/tuyensinh/index/exporttohop?score=D03&area=&college=,2026-09-29T08:42:16+00:00
vnexpress_distributions,D03,2026,29.0,1.0,2,https://diemthi.vnexpress.net/tuyensinh/index/exporttohop?score=D03&area=&college=,2026-09-29T08:42:16+00:00
vnexpress_distributions,D03,2026,28.0,1.0,40,https://diemthi.vnexpress.net/tuyensinh/index/exporttohop?score=D03&area=&college=,2026-09-29T08:42:16+00:00
vnexpress_distributions,D03,2026,27.0,1.0,561,https://diemthi.vnexpress.net/tuyensinh/index/exporttohop?score=D03&area=&college=,2026-09-29T08:42:16+00:00
vnexpress_distributions,D03,2026,26.0,1.0,2586,https://diemthi.vnexpress.net/tuyensinh/index/exporttohop?score=D03&area=&college=,2026-09-29T08:42:16+00:00
vnexpress_distributions,D03,2026,25.0,1.0,6907,https://diemthi.vnexpress.net/tuyensinh/index/exporttohop?score=D03&area=&college=,2026-09-29T08:42:16+00:00
vnexpress_distributions,D03,2026,24.0,1.0,12461,https://diemthi.vnexpress.net/tuyensinh/index/exporttohop?score=D03&area=&college=,2026-09-29T08:42:16+00:00
vnexpress_distributions,D03,2026,23.0,1.0,19099,https://diemthi.vnexpress.net/tuyensinh/index/exporttohop?score=D03&area=&college=,2026-09-29T08:42:16+00:00
vnexpress_distributions,D03,2026,22.0,1.0,25821,https://diemthi.vnexpress.net/tuyensinh/index/exporttohop?score=D03&area=&college=,2026-09-29T08:42:16+00:00
vnexpress_distributions,D03,2026,21.0,1.0,31800,https://diemthi.vnexpress.net/tuyensinh/index/exporttohop?score=D03&area=&college=,2026-09-29T08:42:16+00:00
vnexpress_distributions,D03,2026,20.0,1.0,36377,https://diemthi.vnexpress.net/tuyensinh/index/exporttohop?score=D03&area=&college=,2026-09-29T08:42:16+00:00
vnexpress_distributions,D03,2026,19.0,1.0,38935,https://diemthi.vnexpress.net/tuyensinh/index/exporttohop?score=D03&area=&college=,2026-09-29T08:42:16+00:00
vnexpress_distributions,D03,2026,18.0,1.0,39265,https://diemthi.vnexpress.net/tuyensinh/index/exporttohop?score=D03&area=&college=,2026-09-29T08:42:16+00:00
vnexpress_distributions,D03,2026,17.0,1.0,36496,https://diemthi.vnexpress.net/tuyensinh/index/exporttohop?score=D03&area=&college=,2026-09-29T08:42:16+00:00
vnexpress_distributions,D03,2026,16.0,1.0,31649,https://diemthi.vnexpress.net/tuyensinh/index/exporttohop?score=D03&area=&college=,2026-09-29T08:42:16+00:00
vnexpress_distributions,D03,2026,15.0,1.0,24507,https://diemthi.vnexpress.net/tuyensinh/index/exporttohop?score=D03&area=&college=,2026-09-29T08:42:16+00:00
vnexpress_distributions,D03,2026,14.0,1.0,16230,https://diemthi.vnexpress.net/tuyensinh/index/exporttohop?score=D03&area=&college=,2026-09-29T08:42:16+00:00
vnexpress_distributions,D03,2026,13.0,1.0,9346,https://diemthi.vnexpress.net/tuyensinh/index/exporttohop?score=D03&area=&college=,2026-09-29T08:42:16+00:00
vnexpress_distributions,D03,2026,12.0,1.0,4686,https://diemthi.vnexpress.net/tuyensinh/index/exporttohop?score=D03&area=&college=,2026-09-29T08:42:16+00:00
vnexpress_distributions,D03,2026,11.0,1.0,1996,https://diemthi.vnexpress.net/tuyensinh/index/exporttohop?score=D03&area=&college=,2026-09-29T08:42:16+00:00
vnexpress_distributions,D03,2026,10.0,1.0,809,https://diemthi.vnexpress.net/tuyensinh/index/exporttohop?score=D03&area=&college=,2026-09-29T08:42:16+00:00
vnexpress_distributions,D03,2026,9.0,1.0,302,https://diemthi.vnexpress.net/tuyensinh/index/exporttohop?score=D03&area=&college=,2026-09-29T08:42:16+00:00
vnexpress_distributions,D03,2026,8.0,1.0,121,https://diemthi.vnexpress.net/tuyensinh/index/exporttohop?score=D03&area=&college=,2026-09-29T08:42:16+00:00
vnexpress_distributions,D03,2026,7.0,1.0,40,https://diemthi.vnexpress.net/tuyensinh/index/exporttohop?score=D03&area=&college=,2026-09-29T08:42:16+00:00
vnexpress_distributions,D03,2026,6.0,1.0,14,https://diemthi.vnexpress.net/tuyensinh/index/exporttohop?score=D03&area=&college=,2026-09-29T08:42:16+00:00
vnexpress_distributions,D03,2026,5.0,1.0,8,https://diemthi.vnexpress.net/tuyensinh/index/exporttohop?score=D03&area=&college=,2026-09-29T08:42:16+00:00
vnexpress_distributions,D03,2026,4.0,1.0,3,https://diemthi.vnexpress.net/tuyensinh/index/exporttohop?score=D03&area=&college=,2026-09-29T08:42:16+00:00
vnexpress_distributions,D03,2026,3.0,1.0,0,https://diemthi.vnexpress.net/tuyensinh/index/exporttohop?score=D03&area=&college=,2026-09-29T08:42:16+00:00
vnexpress_distributions,D03,2026,2.0,1.0,0,https://diemthi.vnexpress.net/tuyensinh/index/exporttohop?score=D03&area=&college=,2026-09-29T08:42:16+00:00
vnexpress_distributions,D03,2026,1.0,1.0,0,https://diemthi.vnexpress.net/tuyensinh/index/exporttohop?score=D03&area=&college=,2026-09-29T08:42:16+00:00
vnexpress_distributions,D03,2026,0.0,1.0,0,https://diemthi.vnexpress.net/tuyensinh/index/exporttohop?score=D03&area=&college=,2026-09-29T08:42:16+00:00
vnexpress_distributions,D04,2026,30.0,1.0,0,https://diemthi.vnexpress.net/tuyensinh/index/exporttohop?score=D04&area=&college=,2026-09-29T08:42:18+00:00
vnexpress_distributions,D04,2026,29.0,1.0,2,https://diemthi.vnexpress.net/tuyensinh/index/exporttohop?score=D04&area=&college=,2026-09-29T08:42:18+00:00
vnexpress_distributions,D04,2026,28.0,1.0,40,https://diemthi.vnexpress.net/tuyensinh/index/exporttohop?score=D04&area=&college=,2026-09-29T08:42:18+00:00
vnexpress_distributions,D04,2026,27.0,1.0,561,https://diemthi.vnexpress.net/tuyensinh/index/exporttohop?score=D04&area=&college=,2026-09-29T08:42:18+00:00
vnexpress_distributions,D04,2026,26.0,1.0,2586,https://diemthi.vnexpress.net/tuyensinh/index/exporttohop?score=D04&area=&college=,2026-09-29T08:42:18+00:00
vnexpress_distributions,D04,2026,25.0,1.0,6907,https://diemthi.vnexpress.net/tuyensinh/index/exporttohop?score=D04&area=&college=,2026-09-29T08:42:18+00:00
vnexpress_distributions,D04,2026,24.0,1.0,12461,https://diemthi.vnexpress.net/tuyensinh/index/exporttohop?score=D04&area=&college=,2026-09-29T08:42:18+00:00
vnexpress_distributions,D04,2026,23.0,1.0,19099,https://diemthi.vnexpress.net/tuyensinh/index/exporttohop?score=D04&area=&college=,2026-09-29T08:42:18+00:00
vnexpress_distributions,D04,2026,22.0,1.0,25821,https://diemthi.vnexpress.net/tuyensinh/index/exporttohop?score=D04&area=&college=,2026-09-29T08:42:18+00:00
vnexpress_distributions,D04,2026,21.0,1.0,31800,https://diemthi.vnexpress.net/tuyensinh/index/exporttohop?score=D04&area=&college=,2026-09-29T08:42:18+00:00
vnexpress_distributions,D04,2026,20.0,1.0,36377,https://diemthi.vnexpress.net/tuyensinh/index/exporttohop?score=D04&area=&college=,2026-09-29T08:42:18+00:00
vnexpress_distributions,D04,2026,19.0,1.0,38935,https://diemthi.vnexpress.net/tuyensinh/index/exporttohop?score=D04&area=&college=,2026-09-29T08:42:18+00:00
vnexpress_distributions,D04,2026,18.0,1.0,39265,https://diemthi.vnexpress.net/tuyensinh/index/exporttohop?score=D04&area=&college=,2026-09-29T08:42:18+00:00
vnexpress_distributions,D04,2026,17.0,1.0,36496,https://diemthi.vnexpress.net/tuyensinh/index/exporttohop?score=D04&area=&college=,2026-09-29T08:42:18+00:00
vnexpress_distributions,D04,2026,16.0,1.0,31649,https://diemthi.vnexpress.net/tuyensinh/index/exporttohop?score=D04&area=&college=,2026-09-29T08:42:18+00:00
vnexpress_distributions,D04,2026,15.0,1.0,24507,https://diemthi.vnexpress.net/tuyensinh/index/exporttohop?score=D04&area=&college=,2026-09-29T08:42:18+00:00
vnexpress_distributions,D04,2026,14.0,1.0,16230,https://diemthi.vnexpress.net/tuyensinh/index/exporttohop?score=D04&area=&college=,2026-09-29T08:42:18+00:00
vnexpress_distributions,D04,2026,13.0,1.0,9346,https://diemthi.vnexpress.net/tuyensinh/index/exporttohop?score=D04&area=&college=,2026-09-29T08:42:18+00:00
vnexpress_distributions,D04,2026,12.0,1.0,4686,https://diemthi.vnexpress.net/tuyensinh/index/exporttohop?score=D04&area=&college=,2026-09-29T08:42:18+00:00
vnexpress_distributions,D04,2026,11.0,1.0,1996,https://diemthi.vnexpress.net/tuyensinh/index/exporttohop?score=D04&area=&college=,2026-09-29T08:42:18+00:00
vnexpress_distributions,D04,2026,10.0,1.0,809,https://diemthi.vnexpress.net/tuyensinh/index/exporttohop?score=D04&area=&college=,2026-09-29T08:42:18+00:00
vnexpress_distributions,D04,2026,9.0,1.0,302,https://diemthi.vnexpress.net/tuyensinh/index/exporttohop?score=D04&area=&college=,2026-09-29T08:42:18+00:00
vnexpress_distributions,D04,2026,8.0,1.0,121,https://diemthi.vnexpress.net/tuyensinh/index/exporttohop?score=D04&area=&college=,2026-09-29T08:42:18+00:00
vnexpress_distributions,D04,2026,7.0,1.0,40,https://diemthi.vnexpress.net/tuyensinh/index/exporttohop?score=D04&area=&college=,2026-09-29T08:42:18+00:00
vnexpress_distributions,D04,2026,6.0,1.0,14,https://diemthi.vnexpress.net/tuyensinh/index/exporttohop?score=D04&area=&college=,2026-09-29T08:42:18+00:00
vnexpress_distributions,D04,2026,5.0,1.0,8,https://diemthi.vnexpress.net/tuyensinh/index/exporttohop?score=D04&area=&college=,2026-09-29T08:42:18+00:00
vnexpress_distributions,D04,2026,4.0,1.0,3,https://diemthi.vnexpress.net/tuyensinh/index/exporttohop?score=D04&area=&college=,2026-09-29T08:42:18+00:00
vnexpress_distributions,D04,2026,3.0,1.0,0,https://diemthi.vnexpress.net/tuyensinh/index/exporttohop?score=D04&area=&college=,2026-09-29T08:42:18+00:00
vnexpress_distributions,D04,2026,2.0,1.0,0,https://diemthi.vnexpress.net/tuyensinh/index/exporttohop?score=D04&area=&college=,2026-09-29T08:42:18+00:00
vnexpress_distributions,D04,2026,1.0,1.0,0,https://diemthi.vnexpress.net/tuyensinh/index/exporttohop?score=D04&area=&college=,2026-09-29T08:42:18+00:00
vnexpress_distributions,D04,2026,0.0,1.0,0,https://diemthi.vnexpress.net/tuyensinh/index/exporttohop?score=D04&area=&college=,2026-09-29T08:42:18+00:00
vnexpress_distributions,D07,2026,30.0,1.0,0,https://diemthi.vnexpress.net/tuyensinh/index/exporttohop?score=D07&area=&college=,2026-09-29T08:42:20+00:00
vnexpress_distributions,D07,2026,29.0,1.0,5,https://diemthi.vnexpress.net/tuyensinh/index/exporttohop?score=D07&area=&college=,2026-09-29T08:42:20+00:00
vnexpress_distributions,D07,2026,28.0,1.0,34,https://diemthi.vnexpress.net/tuyensinh/index/exporttohop?score=D07&area=&college=,2026-09-29T08:42:20+00:00
vnexpress_distributions,D07,2026,27.0,1.0,97,https://diemthi.vnexpress.net/tuyensinh/index/exporttohop?score=D07&area=&college=,2026-09-29T08:42:20+00:00
vnexpress_distributions,D07,2026,26.0,1.0,251,https://diemthi.vnexpress.net/tuyensinh/index/exporttohop?score=D07&area=&college=,2026-09-29T08:42:20+00:00
vnexpress_distributions,D07,2026,25.0,1.0,476,https://diemthi.vnexpress.net/tuyensinh/index/exporttohop?score=D07&area=&college=,2026-09-29T08:42:20+00:00
vnexpress_distributions,D07,2026,24.0,1.0,780,https://diemthi.vnexpress.net/tuyensinh/index/exporttohop?score=D07&area=&college=,2026-09-29T08:42:20+00:00
vnexpress_distributions,D07,2026,23.0,1.0,1131,https://diemthi.vnexpress.net/tuyensinh/index/exporttohop?score=D07&area=&college=,2026-09-29T08:42:20+00:00
vnexpress_distributions,D07,2026,22.0,1.0,1469,https://diemthi.vnexpress.net/tuyensinh/index/exporttohop?score=D07&area=&college=,2026-09-29T08:42:20+00:00
vnexpress_distributions,D07,2026,21.0,1.0,1665,https://diemthi.vnexpress.net/tuyensinh/index/exporttohop?score=D07&area=&college=,2026-09-29T08:42:20+00:00
vnexpress_distributions,D07,2026,20.0,1.0,1872,https://diemthi.vnexpress.net/tuyensinh/index/exporttohop?score=D07&area=&college=,2026-09-29T08:42:20+00:00
vnexpress_distributions,D07,2026,19.0,1.0,1847,https://diemthi.vnexpress.net/tuyensinh/index/exporttohop?score=D07&area=&college=,2026-09-29T08:42:20+00:00
vnexpress_distributions,D07,2026,18.0,1.0,1857,https://diemthi.vnexpress.net/tuyensinh/index/exporttohop?score=D07&area=&college=,2026-09-29T08:42:20+00:00
vnexpress_distributions,D07,2026,17.0,1.0,1691,https://diemthi.vnexpress.net/tuyensinh/index/exporttohop?score=D07&area=&college=,2026-09-29T08:42:20+00:00
vnexpress_distributions,D07,2026,16.0,1.0,1522,https://diemthi.vnexpress.net/tuyensinh/index/exporttohop?score=D07&area=&college=,2026-09-29T08:42:20+00:00
vnexpress_distributions,D07,2026,15.0,1.0,1345,https://diemthi.vnexpress.net/tuyensinh/index/exporttohop?score=D07&area=&college=,2026-09-29T08:42:20+00:00
vnexpress_distributions,D07,2026,14.0,1.0,1111,https://diemthi.vnexpress.net/tuyensinh/index/exporttohop?score=D07&area=&college=,2026-09-29T08:42:20+00:00
vnexpress_distributions,D07,2026,13.0,1.0,885,https://diemthi.vnexpress.net/tuyensinh/index/exporttohop?score=D07&area=&college=,2026-09-29T08:42:20+00:00
vnexpress_distributions,D07,2026,12.0,1.0,603,https://diemthi.vnexpress.net/tuyensinh/index/exporttohop?score=D07&area=&college=,2026-09-29T08:42:20+00:00
vnexpress_distributions,D07,2026,11.0,1.0,347,https://diemthi.vnexpress.net/tuyensinh/index/exporttohop?score=D07&area=&college=,2026-09-29T08:42:20+00:00
vnexpress_distributions,D07,2026,10.0,1.0,179,https://diemthi.vnexpress.net/tuyensinh/index/exporttohop?score=D07&area=&college=,2026-09-29T08:42:20+00:00
vnexpress_distributions,D07,2026,9.0,1.0,72,https://diemthi.vnexpress.net/tuyensinh/index/exporttohop?score=D07&area=&college=,2026-09-29T08:42:20+00:00
vnexpress_distributions,D07,2026,8.0,1.0,38,https://diemthi.vnexpress.net/tuyensinh/index/exporttohop?score=D07&area=&college=,2026-09-29T08:42:20+00:00
vnexpress_distributions,D07,2026,7.0,1.0,13,https://diemthi.vnexpress.net/tuyensinh/index/exporttohop?score=D07&area=&college=,2026-09-29T08:42:20+00:00
vnexpress_distributions,D07,2026,6.0,1.0,5,https://diemthi.vnexpress.net/tuyensinh/index/exporttohop?score=D07&area=&college=,2026-09-29T08:42:20+00:00
vnexpress_distributions,D07,2026,5.0,1.0,0,https://diemthi.vnexpress.net/tuyensinh/index/exporttohop?score=D07&area=&college=,2026-09-29T08:42:20+00:00
vnexpress_distributions,D07,2026,4.0,1.0,0,https://diemthi.vnexpress.net/tuyensinh/index/exporttohop?score=D07&area=&college=,2026-09-29T08:42:20+00:00
vnexpress_distributions,D07,2026,3.0,1.0,0,https://diemthi.vnexpress.net/tuyensinh/index/exporttohop?score=D07&area=&college=,2026-09-29T08:42:20+00:00
vnexpress_distributions,D07,2026,2.0,1.0,0,https://diemthi.vnexpress.net/tuyensinh/index/exporttohop?score=D07&area=&college=,2026-09-29T08:42:20+00:00
vnexpress_distributions,D07,2026,1.0,1.0,0,https://diemthi.vnexpress.net/tuyensinh/index/exporttohop?score=D07&area=&college=,2026-09-29T08:42:20+00:00
vnexpress_distributions,D07,2026,0.0,1.0,0,https://diemthi.vnexpress.net/tuyensinh/index/exporttohop?score=D07&area=&college=,2026-09-29T08:42:20+00:00
vnexpress_distributions,D08,2026,30.0,1.0,0,https://diemthi.vnexpress.net/tuyensinh/index/exporttohop?score=D08&area=&college=,2026-09-29T08:42:22+00:00
vnexpress_distributions,D08,2026,29.0,1.0,0,https://diemthi.vnexpress.net/tuyensinh/index/exporttohop?score=D08&area=&college=,2026-09-29T08:42:22+00:00
vnexpress_distributions,D08,2026,28.0,1.0,2,https://diemthi.vnexpress.net/tuyensinh/index/exporttohop?score=D08&area=&college=,2026-09-29T08:42:22+00:00
vnexpress_distributions,D08,2026,27.0,1.0,5,https://diemthi.vnexpress.net/tuyensinh/index/exporttohop?score=D08&area=&college=,2026-09-29T08:42:22+00:00
vnexpress_distributions,D08,2026,26.0,1.0,18,https://diemthi.vnexpress.net/tuyensinh/index/exporttohop?score=D08&area=&college=,2026-09-29T08:42:22+00:00
vnexpress_distributions,D08,2026,25.0,1.0,49,https://diemthi.vnexpress.net/tuyensinh/index/exporttohop?score=D08&area=&college=,2026-09-29T08:42:22+00:00
vnexpress_distributions,D08,2026,24.0,1.0,69,https://diemthi.vnexpress.net/tuyensinh/index/exporttohop?score=D08&area=&college=,2026-09-29T08:42:22+00:00
vnexpress_distributions,D08,2026,23.0,1.0,97,https://diemthi.vnexpress.net/tuyensinh/index/exporttohop?score=D08&area=&college=,2026-09-29T08:42:22+00:00
vnexpress_distributions,D08,2026,22.0,1.0,134,https://diemthi.vnexpress.net/tuyensinh/index/exporttohop?score=D08&area=&college=,2026-09-29T08:42:22+00:00
vnexpress_distributions,D08,2026,21.0,1.0,175,https://diemthi.vnexpress.net/tuyensinh/index/exporttohop?score=D08&area=&college=,2026-09-29T08:42:22+00:00
vnexpress_distributions,D08,2026,20.0,1.0,196,https://diemthi.vnexpress.net/tuyensinh/index/exporttohop?score=D08&area=&college=,2026-09-29T08:42:22+00:00
vnexpress_distributions,D08,2026,19.0,1.0,239,https://diemthi.vnexpress.net/tuyensinh/index/exporttohop?score=D08&area=&college=,2026-09-29T08:42:22+00:00
vnexpress_distributions,D08,2026,18.0,1.0,298,https://diemthi.vnexpress.net/tuyensinh/index/exporttohop?score=D08&area=&college=,2026-09-29T08:42:22+00:00
vnexpress_distributions,D08,2026,17.0,1.0,311,https://diemthi.vnexpress.net/tuyensinh/index/exporttohop?score=D08&area=&college=,2026-09-29T08:42:22+00:00
vnexpress_distributions,D08,2026,16.0,1.0,368,https://diemthi.vnexpress.net/tuyensinh/index/exporttohop?score=D08&area=&college=,2026-09-29T08:42:22+00:00
vnexpress_distributions,D08,2026,15.0,1.0,358,https://diemthi.vnexpress.net/tuyensinh/index/exporttohop?score=D08&area=&college=,2026-09-29T08:42:22+00:00
vnexpress_distributions,D08,2026,14.0,1.0,328,https://diemthi.vnexpress.net/tuyensinh/index/exporttohop?score=D08&area=&college=,2026-09-29T08:42:22+00:00
vnexpress_distributions,D08,2026,13.0,1.0,290,https://diemthi.vnexpress.net/tuyensinh/index/exporttohop?score=D08&area=&college=,2026-09-29T08:42:22+00:00
vnexpress_distributions,D08,2026,12.0,1.0,217,https://diemthi.vnexpress.net/tuyensinh/index/exporttohop?score=D08&area=&college=,2026-09-29T08:42:22+00:00
vnexpress_distributions,D08,2026,11.0,1.0,171,https://diemthi.vnexpress.net/tuyensinh/index/exporttohop?score=D08&area=&college=,2026-09-29T08:42:22+00:00
vnexpress_distributions,D08,2026,10.0,1.0,62,https://diemthi.vnexpress.net/tuyensinh/index/exporttohop?score=D08&area=&college=,2026-09-29T08:42:22+00:00
vnexpress_distributions,D08,2026,9.0,1.0,26,https://diemthi.vnexpress.net/tuyensinh/index/exporttohop?score=D08&area=&college=,2026-09-29T08:42:22+00:00
vnexpress_distributions,D08,2026,8.0,1.0,6,https://diemthi.vnexpress.net/tuyensinh/index/exporttohop?score=D08&area=&college=,2026-09-29T08:42:22+00:00
vnexpress_distributions,D08,2026,7.0,1.0,3,https://diemthi.vnexpress.net/tuyensinh/index/exporttohop?score=D08&area=&college=,2026-09-29T08:42:22+00:00
vnexpress_distributions,D08,2026,6.0,1.0,0,https://diemthi.vnexpress.net/tuyensinh/index/exporttohop?score=D08&area=&college=,2026-09-29T08:42:22+00:00
vnexpress_distributions,D08,2026,5.0,1.0,0,https://diemthi.vnexpress.net/tuyensinh/index/exporttohop?score=D08&area=&college=,2026-09-29T08:42:22+00:00
vnexpress_distributions,D08,2026,4.0,1.0,0,https://diemthi.vnexpress.net/tuyensinh/index/exporttohop?score=D08&area=&college=,2026-09-29T08:42:22+00:00
vnexpress_distributions,D08,2026,3.0,1.0,0,https://diemthi.vnexpress.net/tuyensinh/index/exporttohop?score=D08&area=&college=,2026-09-29T08:42:22+00:00
vnexpress_distributions,D08,2026,2.0,1.0,0,https://diemthi.vnexpress.net/tuyensinh/index/exporttohop?score=D08&area=&college=,2026-09-29T08:42:22+00:00
vnexpress_distributions,D08,2026,1.0,1.0,0,https://diemthi.vnexpress.net/tuyensinh/index/exporttohop?score=D08&area=&college=,2026-09-29T08:42:22+00:00
vnexpress_distributions,D08,2026,0.0,1.0,0,https://diemthi.vnexpress.net/tuyensinh/index/exporttohop?score=D08&area=&college=,2026-09-29T08:42:22+00:00
vnexpress_distributions,D09,2026,30.0,1.0,0,https://diemthi.vnexpress.net/tuyensinh/index/exporttohop?score=D09&area=&college=,2026-09-29T08:42:23+00:00
vnexpress_distributions,D09,2026,29.0,1.0,6,https://diemthi.vnexpress.net/tuyensinh/index/exporttohop?score=D09&area=&college=,2026-09-29T08:42:23+00:00
vnexpress_distributions,D09,2026,28.0,1.0,51,https://diemthi.vnexpress.net/tuyensinh/index/exporttohop?score=D09&area=&college=,2026-09-29T08:42:23+00:00
vnexpress_distributions,D09,2026,27.0,1.0,231,https://diemthi.vnexpress.net/tuyensinh/index/exporttohop?score=D09&area=&college=,2026-09-29T08:42:23+00:00
vnexpress_distributions,D09,2026,26.0,1.0,712,https://diemthi.vnexpress.net/tuyensinh/index/exporttohop?score=D09&area=&college=,2026-09-29T08:42:23+00:00
vnexpress_distributions,D09,2026,25.0,1.0,1548,https://diemthi.vnexpress.net/tuyensinh/index/exporttohop?score=D09&area=&college=,2026-09-29T08:42:23+00:00
vnexpress_distributions,D09,2026,24.0,1.0,2638,https://diemthi.vnexpress.net/tuyensinh/index/exporttohop?score=D09&area=&college=,2026-09-29T08:42:23+00:00
vnexpress_distributions,D09,2026,23.0,1.0,4028,https://diemthi.vnexpress.net/tuyensinh/index/exporttohop?score=D09&area=&college=,2026-09-29T08:42:23+00:00
vnexpress_distributions,D09,2026,22.0,1.0,5446,https://diemthi.vnexpress.net/tuyensinh/index/exporttohop?score=D09&area=&college=,2026-09-29T08:42:23+00:00
vnexpress_distributions,D09,2026,21.0,1.0,6842,https://diemthi.vnexpress.net/tuyensinh/index/exporttohop?score=D09&area=&college=,2026-09-29T08:42:23+00:00
vnexpress_distributions,D09,2026,20.0,1.0,8034,https://diemthi.vnexpress.net/tuyensinh/index/exporttohop?score=D09&area=&college=,2026-09-29T08:42:23+00:00
vnexpress_distributions,D09,2026,19.0,1.0,8937,https://diemthi.vnexpress.net/tuyensinh/index/exporttohop?score=D09&area=&college=,2026-09-29T08:42:23+00:00
vnexpress_distributions,D09,2026,18.0,1.0,9412,https://diemthi.vnexpress.net/tuyensinh/index/exporttohop?score=D09&area=&college=,2026-09-29T08:42:23+00:00
vnexpress_distributions,D09,2026,17.0,1.0,9116,https://diemthi.vnexpress.net/tuyensinh/index/exporttohop?score=D09&area=&college=,2026-09-29T08:42:23+00:00
vnexpress_distributions,D09,2026,16.0,1.0,8452,https://diemthi.vnexpress.net/tuyensinh/index/exporttohop?score=D09&area=&college=,2026-09-29T08:42:23+00:00
vnexpress_distributions,D09,2026,15.0,1.0,7285,https://diemthi.vnexpress.net/tuyensinh/index/exporttohop?score=D09&area=&college=,2026-09-29T08:42:23+00:00
vnexpress_distributions,D09,2026,14.0,1.0,5719,https://diemthi.vnexpress.net/tuyensinh/index/exporttohop?score=D09&area=&college=,2026-09-29T08:42:23+00:00
vnexpress_distributions,D09,2026,13.0,1.0,4139,https://diemthi.vnexpress.net/tuyensinh/index/exporttohop?score=D09&area=&college=,2026-09-29T08:42:23+00:00
vnexpress_distributions,D09,2026,12.0,1.0,2734,https://diemthi.vnexpress.net/tuyensinh/index/exporttohop?score=D09&area=&college=,2026-09-29T08:42:23+00:00
vnexpress_distributions,D09,2026,11.0,1.0,1532,https://diemthi.vnexpress.net/tuyensinh/index/exporttohop?score=D09&area=&college=,2026-09-29T08:42:23+00:00
vnexpress_distributions,D09,2026,10.0,1.0,698,https://diemthi.vnexpress.net/tuyensinh/index/exporttohop?score=D09&area=&college=,2026-09-29T08:42:23+00:00
vnexpress_distributions,D09,2026,9.0,1.0,319,https://diemthi.vnexpress.net/tuyensinh/index/exporttohop?score=D09&area=&college=,2026-09-29T08:42:23+00:00
vnexpress_distributions,D09,2026,8.0,1.0,99,https://diemthi.vnexpress.net/tuyensinh/index/exporttohop?score=D09&area=&college=,2026-09-29T08:42:23+00:00
vnexpress_distributions,D09,2026,7.0,1.0,34,https://diemthi.vnexpress.net/tuyensinh/index/exporttohop?score=D09&area=&college=,2026-09-29T08:42:23+00:00
vnexpress_distributions,D09,2026,6.0,1.0,7,https://diemthi.vnexpress.net/tuyensinh/index/exporttohop?score=D09&area=&college=,2026-09-29T08:42:23+00:00
vnexpress_distributions,D09,2026,5.0,1.0,1,https://diemthi.vnexpress.net/tuyensinh/index/exporttohop?score=D09&area=&college=,2026-09-29T08:42:23+00:00
vnexpress_distributions,D09,2026,4.0,1.0,0,https://diemthi.vnexpress.net/tuyensinh/index/exporttohop?score=D09&area=&college=,2026-09-29T08:42:23+00:00
vnexpress_distributions,D09,2026,3.0,1.0,0,https://diemthi.vnexpress.net/tuyensinh/index/exporttohop?score=D09&area=&college=,2026-09-29T08:42:23+00:00
vnexpress_distributions,D09,2026,2.0,1.0,0,https://diemthi.vnexpress.net/tuyensinh/index/exporttohop?score=D09&area=&college=,2026-09-29T08:42:23+00:00
vnexpress_distributions,D09,2026,1.0,1.0,0,https://diemthi.vnexpress.net/tuyensinh/index/exporttohop?score=D09&area=&college=,2026-09-29T08:42:23+00:00
vnexpress_distributions,D09,2026,0.0,1.0,0,https://diemthi.vnexpress.net/tuyensinh/index/exporttohop?score=D09&area=&college=,2026-09-29T08:42:23+00:00
